META_BARRIO,META_ID,META_FECHA,META_DURACION,META_ENCUESTADOR,META_DIRECCION,META_LAT,META_LONG,META_COOR,PII_NOMBRE,PII_APELLIDO,PII_DNI,PII_TELEFONO,PII_EMAIL,VIV_PERSONAS,VIV_MENORES,VIV_ESCOLARIDAD_MENOR,VIV_DNI_COMPLETO,VIV_DNI_FALTANTE_CANT,VIV_ANALFABETISMO,VIV_ANALFABETISMO_CANT,PROG_BENEFICIARIO,PROG_NOMBRE,ALIM_COMEDOR,ALIM_COMEDOR_NOMBRE,CONECT_DISPOSITIVO,CONECT_WIFI,DISC_RESIDE,DISC_TIPO,DISC_CUD,DISC_PROGRAMA,DISC_PROGRAMA_NOMBRE,DISC_NOPARTICIPA_RAZON,AM_RESIDE,AM_JUBILACION,AM_CENTRO_JUBILADOS,AM_CENTRO_NOMBRE,NIN_EMBARAZO,NIN_VACUNAS,SAL_CAPS,SAL_CAPS_NOMBRE,SAL_ENF_CRONICA,SAL_CONSUMOS,ALIM_COMIDAS_CANT,MASC_TIENE,MASC_VACUNA,MASC_CASTRACION,SERV_ALUMBRADO,SERV_BASURA,SERV_YUYOS,SERV_CALLE,SERV_RIEGO
Jardín Norte,GS-B-00001,20/9/2024 8:49:24,,celecoronel11@gmail.com,,,,,,,,,,2,1,,No,0,No,0,No,.,No,.,Sí,Sí,No,,,,,,,,,,No,Sí,,,No,No,4,,,,,,,,
Jardín Norte,GS-B-00002,20/9/2024 9:23:07,,pato_estudio@hotmail.com,Ya manas 2205,,,,,,,,,7,1,,No,0,No,0,No,.,No,.,Sí,Sí,No,,,,,,,,,,No,Sí,,,Sí,No,2,,,,,,,,
Jardín Norte,GS-B-00003,20/9/2024 9:25:16,,sosaluisinaveronica@gmail.com,,,,,,,,,,4,1,,No,0,No,0,Sí,.,No,.,Sí,Sí,No,,,,,,,,,,No,Sí,,,Sí,No,4,,,,,,,,
Jardín Norte,GS-B-00004,20/9/2024 9:25:37,,bustamantecantellano@gmail.com,,,,,,,,,,2,0,,No,0,No,0,No,.,No,.,Sí,Sí,No,,,,,,,,,,Sí,///,,,No,No,4,,,,,,,,
Jardín Norte,GS-B-00005,20/9/2024 9:26:14,,maxibuch87@gmail.com,Guaycurues 2322,,,,,,,,,5,3,,No,0,No,0,No,.,No,.,Sí,Sí,No,,,,,,,,,,No,Sí,,,No,No,4,,,,,,,,
Jardín Norte,GS-B-00006,20/9/2024 9:26:37,,lic.erigomez@gmail.com,Yamanas 2222,,,,,,,3584845209,,5,2,,No,0,No,0,No,.,No,.,Sí,Sí,No,,,,,,,,,,No,Sí,,,No,No,4,,,,,,,,
Jardín Norte,GS-B-00007,20/9/2024 9:28:25,,mansilladariogustavo@gmail.com,Araucano 2223,,,,,,,3584374923,,3,1,,No,0,No,0,No,.,No,.,Sí,No,No,,,,,,,,,,No,Sí,,,Sí,No,4,,,,,,,,
Jardín Norte,GS-B-00008,20/9/2024 9:28:31,,mlbaldobino@gmail.com,ARAUCANOS 2205,,,,,,,3584019570,,1,0,,No,0,No,0,No,.,No,.,Sí,Sí,No,,,,,,,,,,No,///,,,Sí,No,2,,,,,,,,
Jardín Norte,GS-B-00009,20/9/2024 9:28:56,,valenpereletegui@gmail.com,Guaycurues 2360,,,,,,,,,4,2,,No,0,No,0,No,.,No,.,Sí,Sí,No,,,,,,,,,,No,Sí,,,No,No,4,,,,,,,,
Jardín Norte,GS-B-00010,20/9/2024 9:29:31,,riquelmesergio965@gmail.com,Guaycurues 2335,,,,,,,,,3,1,,No,0,No,0,Sí,.,No,.,Sí,Sí,No,,,,,,,,,,No,Sí,,,No,Sí,4,,,,,,,,
Jardín Norte,GS-B-00011,20/9/2024 9:32:26,,bustamantecantellano@gmail.com,,,,,,,,3584902524,,4,2,,No,0,No,0,No,.,No,.,Sí,Sí,No,,,,,,,,,,No,Sí,,,Sí,No,2,,,,,,,,
Jardín Norte,GS-B-00012,20/9/2024 9:33:32,,belenverri1970@gmail.com,Eva Duarte 820,,,,,,,,,2,1,,No,0,No,0,Sí,.,No,.,Sí,Sí,No,,,,,,,,,,No,Sí,,,No,No,4,,,,,,,,
Jardín Norte,GS-B-00013,20/9/2024 9:33:55,,yamilagallardo79@gmail.com,jose cardareli 2331,,,,,,,3585600924,,10,5,,No,0,Sí,2,Sí,.,Sí,.,Sí,Sí,Sí,"Discapacidad intelectual: Comprende condiciones que afectan el funcionamiento cognitivo y la capacidad de aprendizaje, como el síndrome de Down y otros trastornos del desarrollo intelectual.",,,,,,,,,No,Sí,,,No,No,3,,,,,,,,
Jardín Norte,GS-B-00014,20/9/2024 9:34:52,,estelagconcordano@gmail.com,,,,,,,,,,2,1,,No,0,No,0,No,.,No,.,Sí,Sí,No,,,,,,,,,,No,Sí,,,No,No,4,,,,,,,,
Jardín Norte,GS-B-00015,20/9/2024 9:35:40,,mansilladariogustavo@gmail.com,Araucano 2225,,,,,,,3585107782,,5,3,,No,0,No,0,No,.,No,.,Sí,Sí,No,,,,,,,,,,No,Sí,,,Sí,No,3,,,,,,,,
Jardín Norte,GS-B-00016,20/9/2024 9:36:49,,subse.nafriocuarto@gmail.com,,,,,,,,,,5,0,,No,0,No,0,No,.,No,.,Sí,Sí,No,,,,,,,,,,No,///,,,Sí,No,4,,,,,,,,
Jardín Norte,GS-B-00017,20/9/2024 9:37:12,,pato_estudio@hotmail.com,Capellanes 2273,,,,,,,,,4,2,,No,0,No,0,No,.,No,.,Sí,Sí,No,,,,,,,,,,No,Sí,,,No,No,4,,,,,,,,
Jardín Norte,GS-B-00018,20/9/2024 9:37:40,,majoagueroku@gmail.com,,,,,,,,,,6,2,,No,0,No,0,Sí,.,No,.,Sí,Sí,No,,,,,,,,,,No,Sí,,,No,No,4,,,,,,,,
Jardín Norte,GS-B-00019,20/9/2024 9:38:13,,gnesuttamarcelo10@gmail.com,Jose Cardarelli 2275,,,,,,,3584011756,,6,3,,No,0,No,0,Sí,.,No,.,Sí,Sí,Sí,"Discapacidad física: Incluye limitaciones en la movilidad y funciones físicas, como la paraplejia, amputaciones y trastornos del movimiento.",,,,,,,,,No,No,,,No,No,2,,,,,,,,
Jardín Norte,GS-B-00020,20/9/2024 9:38:23,,monimarchetti434@gmail.com,Cardarelli 2211,,,,,,,,,6,2,,No,0,Sí,1,Sí,.,Sí,.,No,No,No,,,,,,,,,,No,Sí,,,No,No,4,,,,,,,,
Jardín Norte,GS-B-00021,20/9/2024 9:38:57,,caricampodonico@gmail.com,,,,,,,,,,6,3,,No,0,No,0,Sí,.,Sí,.,Sí,Sí,No,,,,,,,,,,No,Sí,,,No,No,4,,,,,,,,
Jardín Norte,GS-B-00022,20/9/2024 9:39:07,,mateotosco303@gmail.com,,,,,,,,,,5,1,,No,0,Sí,1,No,.,Sí,.,No,Sí,Sí,"Discapacidad física: Incluye limitaciones en la movilidad y funciones físicas, como la paraplejia, amputaciones y trastornos del movimiento.",,,No participa,,,,,,No,Sí,,,Sí,No,2,,,,,,,,
Jardín Norte,GS-B-00023,20/9/2024 9:39:49,,subse.nafriocuarto@gmail.com,,,,,,,,,,5,3,,No,0,No,0,No,.,No,.,Sí,Sí,No,,,,,,,,,,No,Sí,,,No,No,4,,,,,,,,
Jardín Norte,GS-B-00024,20/9/2024 9:40:02,,estelagconcordano@gmail.com,,,,,,,,,,4,2,,No,0,No,0,No,.,No,.,Sí,Sí,No,,,,,,,,,,No,Sí,,,No,No,2,,,,,,,,
Jardín Norte,GS-B-00025,20/9/2024 9:40:20,,gimenezcelestee562@gmail.com,,,,,,,,,,4,2,,No,0,No,0,No,.,No,.,Sí,Sí,No,,,,,,,,,,No,Sí,,,No,No,2,,,,,,,,
Jardín Norte,GS-B-00026,20/9/2024 9:40:37,,paulamattea@gmail.com,,,,,,,,,,4,2,,No,0,No,0,Sí,.,No,.,Sí,Sí,No,,,,,,,,,,No,Sí,,,Sí,Sí,2,,,,,,,,
Jardín Norte,GS-B-00027,20/9/2024 9:40:44,,ivamoran78@gmail.com,,,,,,,,,,3,1,,No,0,No,0,No,.,No,.,Sí,Sí,No,,,,,,,,,,No,Sí,,,Sí,No,4,,,,,,,,
Jardín Norte,GS-B-00028,20/9/2024 9:40:46,,yamilagallardo79@gmail.com,,,,,,,,,,3,3,,No,0,No,0,No,.,No,.,Sí,Sí,No,,,,,,,,,,No,///,,,No,No,4,,,,,,,,
Jardín Norte,GS-B-00029,20/9/2024 9:41:03,,riquelmesergio965@gmail.com,Guaycurues 2375,,,,,,,,,1,0,,No,0,No,0,Sí,.,Sí,.,No,No,No,,,,,,,,,,No,Sí,,,No,Sí,2,,,,,,,,
Jardín Norte,GS-B-00030,20/9/2024 9:41:13,,maxibuch87@gmail.com,Grito de alcorta 505,,,,,,,3584868084,,4,2,,No,0,No,0,Sí,.,Sí,.,Sí,Sí,No,,,,,,,,,,No,Sí,,,No,No,4,,,,,,,,
Jardín Norte,GS-B-00031,20/9/2024 9:41:27,,rociobglopez15@gmail.com,,,,,,,,,,3,2,,No,0,No,0,Sí,.,No,.,Sí,Sí,No,,,,,,,,,,No,Sí,,,Sí,No,2,,,,,,,,
Jardín Norte,GS-B-00032,20/9/2024 9:41:34,,sosaluisinaveronica@gmail.com,,,,,,,,,,5,2,,No,0,No,0,Sí,.,No,.,Sí,Sí,No,,,,,,,,,,No,Sí,,,Sí,No,4,,,,,,,,
Jardín Norte,GS-B-00033,20/9/2024 9:41:46,,mansilladariogustavo@gmail.com,Araucano 2247,,,,,,,3584904803,,5,3,,No,0,No,0,No,.,No,.,Sí,Sí,No,,,,,,,,,,No,Sí,,,No,No,4,,,,,,,,
Jardín Norte,GS-B-00034,20/9/2024 9:41:48,,natyvgomez2011@gmail.com,Miguel Abella 2267,,,,,,,3584344720,,9,2,,No,0,No,0,Sí,.,Sí,.,Sí,Sí,No,,,,,,,,,,No,Sí,,,Sí,No,4,,,,,,,,
Jardín Norte,GS-B-00035,20/9/2024 9:41:52,,toledohectorariel04@gmail.com,Pasaje público 2266,,,,,,,3584926087,,4,2,,No,0,No,0,No,.,Sí,.,Sí,Sí,No,,,,,,,,,,No,Sí,,,No,No,3,,,,,,,,
Jardín Norte,GS-B-00036,20/9/2024 9:42:00,,martinassocarolina@gmail.com,,,,,,,,,,4,2,,No,0,No,0,Sí,.,No,.,Sí,Sí,No,,,,,,,,,,No,Sí,,,No,No,4,,,,,,,,
Jardín Norte,GS-B-00037,20/9/2024 9:43:18,,agusss.241999@gmail.com,Huarpes  2249,,,,,,,3584127599,,6,2,,Sí,1,Sí,1,Sí,.,Sí,.,Sí,Sí,Sí,Discapacidad sensorial: Agrupa la pérdida de capacidades auditivas (sordera) y visuales (ceguera y baja visión).,,,,,,,,,No,Sí,,,Sí,No,2,,,,,,,,
Jardín Norte,GS-B-00038,20/9/2024 9:43:23,,adriclucero2020@gmail.com,,,,,,,,,,6,3,,No,0,Sí,1,No,.,No,.,Sí,Sí,No,,,,,,,,,,No,Sí,,,No,No,2,,,,,,,,
Jardín Norte,GS-B-00039,20/9/2024 9:44:03,,belenverri1970@gmail.com,Eva Duarte 832,,,,,,,3584386630,,1,0,,No,0,Sí,1,No,.,No,.,Sí,Sí,No,,,,,,,,,,No,///,,,No,No,4,,,,,,,,
Jardín Norte,GS-B-00040,20/9/2024 9:45:02,,aguial.21.aa@gmail.com,Grito de Alcorta 879,,,,,,,3585142473,,1,0,,No,0,No,0,Sí,.,No,.,Sí,Sí,No,,,,,,,,,,No,///,,,No,No,4,,,,,,,,
Jardín Norte,GS-B-00041,20/9/2024 9:45:07,,mlbaldobino@gmail.com,ARAUCANOS 2227,,,,,,,3585481594,,8,5,,No,0,No,0,Sí,.,No,.,Sí,Sí,No,,,,,,,,,,No,Sí,,,No,No,3,,,,,,,,
Jardín Norte,GS-B-00042,20/9/2024 9:45:27,,paulamattea@gmail.com,,,,,,,,,,2,0,,No,0,Sí,1,Sí,.,No,.,Sí,No,No,,,,,,,,,,No,///,,,Sí,No,2,,,,,,,,
Jardín Norte,GS-B-00043,20/9/2024 9:46:31,,ivamoran78@gmail.com,,,,,,,,,,4,1,,No,0,No,0,No,.,No,.,Sí,Sí,No,,,,,,,,,,No,Sí,,,No,No,4,,,,,,,,
Jardín Norte,GS-B-00044,20/9/2024 9:46:48,,gimenezcelestee562@gmail.com,,,,,,,,,,7,5,,No,0,No,0,Sí,.,No,.,Sí,Sí,No,,,,,,,,,,No,Sí,,,...,No,4,,,,,,,,
Jardín Norte,GS-B-00045,20/9/2024 9:46:53,,celecoronel11@gmail.com,Teulches 2211,,,,,,,,,2,0,,No,0,No,0,No,.,No,.,Sí,Sí,No,,,,,,,,,,No,Sí,,,No,No,2,,,,,,,,
Jardín Norte,GS-B-00046,20/9/2024 9:48:30,,sofiaayelentorres5@gmail.com,,,,,,,,,,7,5,,No,0,No,0,Sí,.,Sí,.,Sí,Sí,No,,,,,,,,,,No,Sí,,,No,No,2,,,,,,,,
Jardín Norte,GS-B-00047,20/9/2024 9:48:51,,veronicasolemu@gmail.com,,,,,,,,,,2,0,,Sí,1,No,0,No,.,Sí,.,No,No,Sí,"Discapacidad física: Incluye limitaciones en la movilidad y funciones físicas, como la paraplejia, amputaciones y trastornos del movimiento.",,,Pami,,,,,,No,///,,,Sí,No,2,,,,,,,,
Jardín Norte,GS-B-00048,20/9/2024 9:48:56,,subse.nafriocuarto@gmail.com,,,,,,,,,,3,0,,No,0,No,0,No,.,No,.,Sí,Sí,No,,,,,,,,,,No,///,,,No,No,4,,,,,,,,
Jardín Norte,GS-B-00049,20/9/2024 9:50:01,,toledohectorariel04@gmail.com,,,,,,,,3585065309,,1,0,,No,0,No,0,Sí,.,No,.,Sí,No,No,,,,,,,,,,No,///,,,No,No,3,,,,,,,,
Jardín Norte,GS-B-00050,20/9/2024 9:50:19,,natyvgomez2011@gmail.com,Pje Abella 2237,,,,,,,3584925657,,5,1,,No,0,No,0,No,.,No,.,Sí,Sí,No,,,,,,,,,,No,Sí,,,No,No,4,,,,,,,,
Jardín Norte,GS-B-00051,20/9/2024 9:50:29,,plolivero90@gmail.com,Tehuelche 2214,,,,,,,3585041497,,9,2,,No,0,No,0,Sí,.,No,.,Sí,No,Sí,"Discapacidad física: Incluye limitaciones en la movilidad y funciones físicas, como la paraplejia, amputaciones y trastornos del movimiento.",,,No,,,,,,No,Sí,,,Sí,No,2,,,,,,,,
Jardín Norte,GS-B-00052,20/9/2024 9:52:15,,belenverri1970@gmail.com,,,,,,,,,,5,2,,No,0,No,0,Sí,.,No,.,Sí,No,No,,,,,,,,,,No,Sí,,,Sí,No,4,,,,,,,,
Jardín Norte,GS-B-00053,20/9/2024 9:52:31,,monimarchetti434@gmail.com,Pasaje público 2206,,,,,,,3584375736,,5,1,,No,0,No,0,No sé,.,No,.,Sí,Sí,No,,,,,,,,,,No,Sí,,,Sí,No,4,,,,,,,,
Jardín Norte,GS-B-00054,20/9/2024 9:53:18,,agusss.241999@gmail.com,,,,,,,,,,4,1,,No,0,No,0,Sí,.,No,.,Sí,Sí,No,,,,,,,,,,No,Sí,,,No,No,3,,,,,,,,
Jardín Norte,GS-B-00055,20/9/2024 9:53:29,,caricampodonico@gmail.com,17 de Octubre 826,,,,,,,3585717603,,6,4,,No,0,No,0,Sí,.,Sí,.,Sí,Sí,No,,,,,,,,,,Sí,Sí,,,No,Sí,3,,,,,,,,
Jardín Norte,GS-B-00056,20/9/2024 9:53:51,,pato_estudio@hotmail.com,Gaycurues 2276,,,,,,,,,4,1,,No,0,No,0,No,.,No,.,Sí,Sí,Sí,"Discapacidad psicosocial: Abarca trastornos mentales y emocionales que afectan la interacción social y la salud emocional, como la depresión, la ansiedad y la esquizofrenia.",,,"Psicopedagogo, psicólogo. Hacía pileta y dejó porque no quiere",,,,,,No,Sí,,,No,No,4,,,,,,,,
Jardín Norte,GS-B-00057,20/9/2024 9:54:04,,paulamattea@gmail.com,,,,,,,,,,2,0,,No,0,No,0,Sí,.,No,.,No,No,No,,,,,,,,,,No,///,,,Sí,No,1,,,,,,,,
Jardín Norte,GS-B-00058,20/9/2024 9:54:25,,gnesuttamarcelo10@gmail.com,Jose Cardarelli 2215,,,,,,,3584324612,,4,0,,No,0,No,0,No,.,No,.,Sí,Sí,No,,,,,,,,,,No,Sí,,,No,No,4,,,,,,,,
Jardín Norte,GS-B-00059,20/9/2024 9:54:32,,riquelmesergio965@gmail.com,Capayanes 2342,,,,,,,,,2,0,,No,0,No,0,No,.,No,.,Sí,Sí,No,,,,,,,,,,Sí,///,,,No,No,4,,,,,,,,
Jardín Norte,GS-B-00060,20/9/2024 9:54:33,,ivamoran78@gmail.com,,,,,,,,,,4,0,,No,0,No,0,No,.,No,.,Sí,Sí,No,,,,,,,,,,No,Sí,,,Sí,No,4,,,,,,,,
Jardín Norte,GS-B-00061,20/9/2024 9:54:33,,aguial.21.aa@gmail.com,Pje público 2226,,,,,,,3584297859,,3,1,,No,0,No,0,No,.,No,.,Sí,Sí,No,,,,,,,,,,Sí,Sí,,,No,No,3,,,,,,,,
Jardín Norte,GS-B-00062,20/9/2024 9:54:57,,majoagueroku@gmail.com,Pampas 2210,,,,,,,,,1,1,,Sí,1,No,0,No,.,No,.,No,No,No,,,,,,,,,,No,///,,,No,No,4,,,,,,,,
Jardín Norte,GS-B-00063,20/9/2024 9:55:02,,martinassocarolina@gmail.com,,,,,,,,,,4,0,,No,0,No,0,No,.,No,.,Sí,Sí,No,,,,,,,,,,No,Sí,,,Sí,No,4,,,,,,,,
Jardín Norte,GS-B-00064,20/9/2024 9:55:15,,sosaluisinaveronica@gmail.com,,,,,,,,,,3,0,,No,0,No,0,No,.,No,.,Sí,Sí,No,,,,,,,,,,No,///,,,No,No,3,,,,,,,,
Jardín Norte,GS-B-00065,20/9/2024 9:55:18,,valenpereletegui@gmail.com,Capayanes 2307,,,,,,,,,6,0,,No,0,No,0,No,.,No,.,Sí,Sí,Sí,"Discapacidad del aprendizaje: Incluye dificultades específicas de aprendizaje, como la dislexia y el trastorno por déficit de atención e hiperactividad (TDAH).",,,,,,,,,No,///,,,Sí,No,4,,,,,,,,
Jardín Norte,GS-B-00066,20/9/2024 9:55:36,,estelagconcordano@gmail.com,,,,,,,,,,4,2,,No,0,No,0,No,.,No,.,Sí,Sí,No,,,,,,,,,,No,Sí,,,No,No,4,,,,,,,,
Jardín Norte,GS-B-00067,20/9/2024 9:55:58,,subse.nafriocuarto@gmail.com,,,,,,,,,,4,2,,No,0,No,0,Sí,.,No,.,Sí,Sí,No,,,,,,,,,,No,Sí,,,No,No,3,,,,,,,,
Jardín Norte,GS-B-00068,20/9/2024 9:56:04,,rociobglopez15@gmail.com,Pasaje público 2216,,,,,,,2664848617,,4,1,,No,0,Sí,1,Sí,.,Sí,.,Sí,Sí,Sí,"Discapacidad del aprendizaje: Incluye dificultades específicas de aprendizaje, como la dislexia y el trastorno por déficit de atención e hiperactividad (TDAH).",,,Ayuda escolar,,,,,,No,...,,,Sí,No,4,,,,,,,,
Jardín Norte,GS-B-00069,20/9/2024 9:56:14,,lic.erigomez@gmail.com,,,,,,,,,,3,2,,No,0,No,0,No,.,No,.,Sí,Sí,No,,,,,,,,,,No,Sí,,,No,No,4,,,,,,,,
Jardín Norte,GS-B-00070,20/9/2024 9:56:22,,fernandocha156@gmail.com,Pje publico 2276,,,,,,,3586010461,,1,0,,No,0,Sí,1,No,.,No,.,Sí,No,Sí,"Discapacidad múltiple: Se refiere a personas que presentan combinaciones de dos o más tipos de discapacidad, afectando diversas áreas de su vida.",,,,,,,,,No,///,,,Sí,No,1,,,,,,,,
Jardín Norte,GS-B-00071,20/9/2024 9:56:58,,maxibuch87@gmail.com,Capayanes 2330,,,,,,,3584017609,,4,1,,No,0,No,0,No,.,No,.,Sí,Sí,Sí,"Discapacidad intelectual: Comprende condiciones que afectan el funcionamiento cognitivo y la capacidad de aprendizaje, como el síndrome de Down y otros trastornos del desarrollo intelectual.",,,Cursa colegio Fonoaudiologa estimulación tempra a y Psicopedagogia,,,,,,No,Sí,,,Sí,No,4,,,,,,,,
Jardín Norte,GS-B-00072,20/9/2024 9:57:00,,mateotosco303@gmail.com,,,,,,,,,,1,0,,Sí,1,Sí,1,No,.,Sí,.,No,No,No,,,,,,,,,,No,///,,,No,Prefiero no decirlo,2,,,,,,,,
Jardín Norte,GS-B-00073,20/9/2024 9:57:06,,mansilladariogustavo@gmail.com,Araucano 2277,,,,,,,3584220713,,2,0,,No,0,No,0,No,.,No,.,Sí,No,No,,,,,,,,,,No,///,,,No,No,4,,,,,,,,
Jardín Norte,GS-B-00074,20/9/2024 9:57:37,,belenverri1970@gmail.com,,,,,,,,,,6,3,,No,0,No,0,No,.,No,.,Sí,Sí,No,,,,,,,,,,No,Sí,,,Sí,No,4,,,,,,,,
Jardín Norte,GS-B-00075,20/9/2024 9:58:00,,yamilagallardo79@gmail.com,17 de octubre 850,,,,,,,3584152915,,7,2,,No,0,No,0,No,.,No,.,Sí,Sí,No,,,,,,,,,,No,Sí,,,Sí,No,4,,,,,,,,
Jardín Norte,GS-B-00076,20/9/2024 9:58:23,,cursadoissn@gmail.com,,,,,,,,,,4,2,,No,0,No,0,No,.,No,.,Sí,Sí,No,,,,,,,,,,No,Sí,,,No,No,4,,,,,,,,
Jardín Norte,GS-B-00077,20/9/2024 9:59:14,,ivamoran78@gmail.com,,,,,,,,,,3,1,,No,0,No,0,Sí,.,No,.,Sí,Sí,No,,,,,,,,,,No,No,,,Sí,Sí,4,,,,,,,,
Jardín Norte,GS-B-00078,20/9/2024 9:59:19,,adriclucero2020@gmail.com,,,,,,,,,,5,0,,No,0,No,0,No,.,No,.,Sí,No,Sí,"Discapacidad múltiple: Se refiere a personas que presentan combinaciones de dos o más tipos de discapacidad, afectando diversas áreas de su vida.",,,Ninguno,,,,,,No,Sí,,,No,No,2,,,,,,,,
Jardín Norte,GS-B-00079,20/9/2024 10:01:12,,gimenezcelestee562@gmail.com,,,,,,,,,,6,2,,No,0,Sí,2,Sí,.,No,.,Sí,Sí,No,,,,,,,,,,No,Sí,,,No,No,4,,,,,,,,
Jardín Norte,GS-B-00080,20/9/2024 10:01:24,,celecoronel11@gmail.com,Pampa 2238,,,,,,,,,1,0,,No,0,No,0,No,.,No,.,Sí,Sí,No,,,,,,,,,,No,///,,,No,No,2,,,,,,,,
Jardín Norte,GS-B-00081,20/9/2024 10:02:11,,ivamoran78@gmail.com,,,,,,,,,,2,0,,No,0,No,0,No,.,No,.,Sí,Sí,No,,,,,,,,,,No,///,,,Sí,No,4,,,,,,,,
Jardín Norte,GS-B-00082,20/9/2024 10:02:13,,paulamattea@gmail.com,,,,,,,,,,1,0,,No,0,No,0,Sí,.,No,.,Sí,No,No,,,,,,,,,,No,///,,,Sí,No,4,,,,,,,,
Jardín Norte,GS-B-00083,20/9/2024 10:03:05,,estelagconcordano@gmail.com,,,,,,,,,,8,2,,No,0,No,0,No,.,No,.,Sí,Sí,No,,,,,,,,,,No,Sí,,,Sí,No,3,,,,,,,,
Jardín Norte,GS-B-00084,20/9/2024 10:03:23,,belenverri1970@gmail.com,,,,,,,,,,3,0,,No,0,No,0,No,.,No,.,Sí,Sí,No,,,,,,,,,,No,///,,,Sí,No,2,,,,,,,,
Jardín Norte,GS-B-00085,20/9/2024 10:04:18,,carogiovanini1@gmail.com,,,,,,,,,,4,2,,No,0,No,0,Sí,.,No,.,Sí,Sí,No,,,,,,,,,,No,Sí,,,No,No,2,,,,,,,,
Jardín Norte,GS-B-00086,20/9/2024 10:04:40,,julietanuarte@gmail.com,,,,,,,,,,1,0,,No,0,No,0,No,.,Sí,.,Sí,No,Sí,"Discapacidad física: Incluye limitaciones en la movilidad y funciones físicas, como la paraplejia, amputaciones y trastornos del movimiento.",,,,,,,,,No,///,,,Sí,No,2,,,,,,,,
Jardín Norte,GS-B-00087,20/9/2024 10:04:48,,bustamantecantellano@gmail.com,Yamanas 2333,,,,,,,,,3,0,,No,0,No,0,Sí,.,No,.,Sí,Sí,No,,,,,,,,,,No,Sí,,,Sí,No,4,,,,,,,,
Jardín Norte,GS-B-00088,20/9/2024 10:04:59,,cursadoissn@gmail.com,,,,,,,,,,4,0,,No,0,No,0,No,.,No,.,Sí,No,No,,,,,,,,,,No,Sí,,,No,No,4,,,,,,,,
Jardín Norte,GS-B-00089,20/9/2024 10:05:13,,sosaluisinaveronica@gmail.com,,,,,,,,,,8,4,,No,0,No,0,No,.,No,.,Sí,Sí,No,,,,,,,,,,No,Sí,,,Sí,No,3,,,,,,,,
Jardín Norte,GS-B-00090,20/9/2024 10:05:42,,martinassocarolina@gmail.com,Pje Público 2265,,,,,,,3584195031,,4,2,,No,0,No,0,No,.,No,.,Sí,Sí,Sí,"Discapacidad del aprendizaje: Incluye dificultades específicas de aprendizaje, como la dislexia y el trastorno por déficit de atención e hiperactividad (TDAH).",,,,,,,,,No,Sí,,,Sí,No,4,,,,,,,,
Jardín Norte,GS-B-00091,20/9/2024 10:05:48,,riquelmesergio965@gmail.com,Yamana2327,,,,,,,,,4,2,,No,0,No,0,No sé,.,No,.,Sí,Sí,No,,,,,,,,,,No,Sí,,,...,No,3,,,,,,,,
Jardín Norte,GS-B-00092,20/9/2024 10:05:58,,paulamattea@gmail.com,,,,,,,,,,1,0,,No,0,No,0,Sí,.,No,.,Sí,No,No,,,,,,,,,,No,///,,,No,No,3,,,,,,,,
Jardín Norte,GS-B-00093,20/9/2024 10:06:24,,toledohectorariel04@gmail.com,Pasaje público 2276,,,,,,,3585010545,,5,3,,No,0,No,0,Sí,.,No,.,Sí,Sí,No,,,,,,,,,,No,Sí,,,Sí,Sí,2,,,,,,,,
Jardín Norte,GS-B-00094,20/9/2024 10:06:40,,ivamoran78@gmail.com,,,,,,,,,,8,4,,No,0,No,0,Sí,.,No,.,Sí,Sí,No,,,,,,,,,,No,Sí,,,No,Sí,4,,,,,,,,
Jardín Norte,GS-B-00095,20/9/2024 10:06:52,,aguial.21.aa@gmail.com,Pje público 814 Rita aliagas,,,,,,,3584236913,,3,1,,No,0,No,0,No,.,No,.,Sí,Sí,No,,,,,,,,,,No,Sí,,,Sí,No,4,,,,,,,,
Jardín Norte,GS-B-00096,20/9/2024 10:07:04,,veronicasolemu@gmail.com,Grito de alcorta 816,,,,,,,,,4,2,,No,0,No,0,Sí,.,No,.,Sí,Sí,Sí,"Discapacidad física: Incluye limitaciones en la movilidad y funciones físicas, como la paraplejia, amputaciones y trastornos del movimiento.",,,,,,,,,No,Sí,,,Sí,No,2,,,,,,,,
Jardín Norte,GS-B-00097,20/9/2024 10:07:35,,yamilagallardo79@gmail.com,,,,,,,,,,2,0,,No,0,No,0,No,.,No,.,Sí,No,No,,,,,,,,,,No,///,,,Sí,No,4,,,,,,,,
Jardín Norte,GS-B-00098,20/9/2024 10:07:40,,fernandocha156@gmail.com,Miguel avella 2246,,,,,,,3584336518,,2,0,,No,0,No,0,No,.,No,.,Sí,Sí,No,,,,,,,,,,No,No,,,Sí,No,2,,,,,,,,
Jardín Norte,GS-B-00099,20/9/2024 10:08:09,,sofiaayelentorres5@gmail.com,,,,,,,,3584225316,,3,0,,No,0,No,0,Sí,.,No,.,Sí,Sí,Sí,"Discapacidad física: Incluye limitaciones en la movilidad y funciones físicas, como la paraplejia, amputaciones y trastornos del movimiento.",,,Rehabilitación,,,,,,No,Sí,,,No,No,4,,,,,,,,
Jardín Norte,GS-B-00100,20/9/2024 10:08:18,,caricampodonico@gmail.com,,,,,,,,,,4,1,,No,0,No,0,No,.,No,.,Sí,Sí,Sí,"Discapacidad física: Incluye limitaciones en la movilidad y funciones físicas, como la paraplejia, amputaciones y trastornos del movimiento.",,,,,,,,,No,Sí,,,No,No,2,,,,,,,,
Jardín Norte,GS-B-00101,20/9/2024 10:08:39,,rociobglopez15@gmail.com,José cardarelli 2109,,,,,,,,,5,3,,No,0,No,0,No,.,No,.,Sí,Sí,No,,,,,,,,,,No,Sí,,,Sí,Sí,1,,,,,,,,
Jardín Norte,GS-B-00102,20/9/2024 10:09:29,,mlbaldobino@gmail.com,ARAUCANOS 2341,,,,,,,3586011983,,4,2,,No,0,No,0,Sí,.,No,.,Sí,Sí,No,,,,,,,,,,No,Sí,,,No,No,1,,,,,,,,
Jardín Norte,GS-B-00103,20/9/2024 10:10:22,,valenpereletegui@gmail.com,Yamanas 2347,,,,,,,,,4,2,,No,0,No,0,No,.,No,.,Sí,Sí,No,,,,,,,,,,No,Sí,,,No,No,2,,,,,,,,
Jardín Norte,GS-B-00104,20/9/2024 10:11:02,,belenverri1970@gmail.com,,,,,,,,,,5,2,,Sí,1,No,0,Sí,.,No,.,Sí,Sí,No,,,,,,,,,,No,Sí,,,No,No,2,,,,,,,,
Jardín Norte,GS-B-00105,20/9/2024 10:11:38,,monimarchetti434@gmail.com,Cardarelli 2109,,,,,,,,,4,2,,No,0,No,0,Sí,.,No,.,Sí,Sí,No,,,,,,,,,,No,...,,,No,No,4,,,,,,,,
Jardín Norte,GS-B-00106,20/9/2024 10:12:25,,plolivero90@gmail.com,Pampa2306,,,,,,,,,5,3,,Sí,2,No,0,Sí,.,No,.,No,No,No,,,,,,,,,,No,Sí,,,No,No,4,,,,,,,,
Jardín Norte,GS-B-00107,20/9/2024 10:13:11,,estelagconcordano@gmail.com,,,,,,,,,,4,2,,No,0,No,0,Sí,.,Sí,.,Sí,Sí,No,,,,,,,,,,No,Sí,,,Sí,Sí,2,,,,,,,,
Jardín Norte,GS-B-00108,20/9/2024 10:14:10,,riquelmesergio965@gmail.com,Yamaha 2362,,,,,,,,,2,0,,No,0,No,0,No,.,No,.,No,No,No,,,,,,,,,,No,///,,,No,No,2,,,,,,,,
Jardín Norte,GS-B-00109,20/9/2024 10:14:34,,lic.erigomez@gmail.com,Mataco 2242,,,,,,,,,2,0,,No,0,No,0,No,.,No,.,Sí,Sí,No,,,,,,,,,,No,///,,,Sí,No,3,,,,,,,,
Jardín Norte,GS-B-00110,20/9/2024 10:15:22,,yamilagallardo79@gmail.com,17 de octubre 888,,,,,,,3584285888,,2,0,,No,0,Sí,1,No,.,No,.,Sí,No,No,,,,,,,,,,No,///,,,Sí,No,4,,,,,,,,
Jardín Norte,GS-B-00111,20/9/2024 10:15:30,,martinassocarolina@gmail.com,,,,,,,,,,4,2,,No,0,No,0,Sí,.,Sí,.,Sí,Sí,No,,,,,,,,,,No,Sí,,,No,No,4,,,,,,,,
Jardín Norte,GS-B-00112,20/9/2024 10:16:19,,cursadoissn@gmail.com,,,,,,,,3584322570,,5,3,,Sí,1,No,0,Sí,.,Sí,.,Sí,Sí,No,,,,,,,,,,No,Sí,,,No,No,4,,,,,,,,
Jardín Norte,GS-B-00113,20/9/2024 10:16:25,,villegasezequiel93@gmail.com,,,,,,,,,,3,2,,No,0,No,0,Sí,.,No,.,Sí,Sí,No,,,,,,,,,,No,Sí,,,No,No,4,,,,,,,,
Jardín Norte,GS-B-00114,20/9/2024 10:16:26,,torresdaraa@gmail.com,Pampa 2250,,,,,,,3584184205,,5,4,,No,0,Sí,2,No,.,Sí,.,Sí,Sí,Sí,"Discapacidad intelectual: Comprende condiciones que afectan el funcionamiento cognitivo y la capacidad de aprendizaje, como el síndrome de Down y otros trastornos del desarrollo intelectual.",,,Tareas de colegios,,,,,,No,Sí,,,No,No,2,,,,,,,,
Jardín Norte,GS-B-00115,20/9/2024 10:16:29,,valenpereletegui@gmail.com,Yamanas 2375,,,,,,,3584815795,,4,0,,No,0,No,0,No,.,No,.,Sí,No,No,,,,,,,,,,No,///,,,Sí,No,4,,,,,,,,
Jardín Norte,GS-B-00116,20/9/2024 10:16:32,,gnesuttamarcelo10@gmail.com,Vuelta Obligado 888,,,,,,,,,3,0,,No,0,No,0,No,.,No,.,Sí,Sí,Sí,"Discapacidad física: Incluye limitaciones en la movilidad y funciones físicas, como la paraplejia, amputaciones y trastornos del movimiento.",,,,,,,,,Sí,Sí,,,Sí,No,1,,,,,,,,
Jardín Norte,GS-B-00117,20/9/2024 10:17:11,,mlbaldobino@gmail.com,ARAUCANOS 2347 ( EN EMOS FIGURA 2343),,,,,,,3585174169,,1,0,,No,0,No,0,No,.,No,.,Sí,Sí,No,,,,,,,,,,No,///,,,No,No,2,,,,,,,,
Jardín Norte,GS-B-00118,20/9/2024 10:17:23,,celecoronel11@gmail.com,17 de octubre 735,,,,,,,,,3,1,,No,0,No,0,Sí,.,Sí,.,Sí,Sí,Sí,"Discapacidad física: Incluye limitaciones en la movilidad y funciones físicas, como la paraplejia, amputaciones y trastornos del movimiento.",,,,,,,,,No,Sí,,,Sí,No,4,,,,,,,,
Jardín Norte,GS-B-00119,20/9/2024 10:17:41,,carogiovanini1@gmail.com,,,,,,,,,,3,0,,No,0,Sí,1,No,.,No,.,Sí,Sí,No,,,,,,,,,,No,Sí,,,Sí,No,2,,,,,,,,
Jardín Norte,GS-B-00120,20/9/2024 10:18:23,,fernandocha156@gmail.com,Miguel avella 2247,,,,,,,3585701403,,2,1,,No,0,No,0,No,.,No,.,Sí,Sí,No,,,,,,,,,,No,Sí,,,No,No,2,,,,,,,,
Jardín Norte,GS-B-00121,20/9/2024 10:19:06,,aguial.21.aa@gmail.com,Jose Cardarelli 2143,,,,,,,3584924345,,5,3,,No,0,No,0,No,.,No,.,Sí,Sí,No,,,,,,,,,,No,Sí,,,No,No,3,,,,,,,,
Jardín Norte,GS-B-00122,20/9/2024 10:20:08,,natimenazzi@gmail.com,,,,,,,,,,4,1,,No,0,No,0,No,.,No,.,Sí,Sí,Sí,"Discapacidad física: Incluye limitaciones en la movilidad y funciones físicas, como la paraplejia, amputaciones y trastornos del movimiento.",,,,,,,,,No,Sí,,,No,No,4,,,,,,,,
Jardín Norte,GS-B-00123,20/9/2024 10:20:24,,caricampodonico@gmail.com,Pje. Público o Pje. Néstor Kirchner 2320,,,,,,,3584853935,,4,2,,Sí,1,No,0,No,.,No,.,Sí,Sí,No,,,,,,,,,,No,Sí,,,No,No,4,,,,,,,,
Jardín Norte,GS-B-00124,20/9/2024 10:20:28,,bustamantecantellano@gmail.com,Yamanas 2359,,,,,,,,,8,3,,No,0,No,0,Sí,.,No,.,Sí,Sí,No,,,,,,,,,,No,Sí,,,Sí,No,4,,,,,,,,
Jardín Norte,GS-B-00125,20/9/2024 10:20:35,,paulamattea@gmail.com,,,,,,,,,,3,1,,No,0,No,0,No,.,No,.,Sí,Sí,No,,,,,,,,,,No,Sí,,,Sí,No,1,,,,,,,,
Jardín Norte,GS-B-00126,20/9/2024 10:21:20,,munnozfede@gmail.com,Di agüitas 225,,,,,,,3586028453,,10,2,,No,0,No,0,No,.,No,.,Sí,Sí,No,,,,,,,,,,No,Sí,,,Sí,No,2,,,,,,,,
Jardín Norte,GS-B-00127,20/9/2024 10:21:41,,majoagueroku@gmail.com,,,,,,,,3584242164,,5,1,,No,0,No,0,Sí,.,No,.,Sí,Sí,No,,,,,,,,,,No,Sí,,,Sí,No,4,,,,,,,,
Jardín Norte,GS-B-00128,20/9/2024 10:21:52,,adriclucero2020@gmail.com,,,,,,,,,,4,1,,No,0,No,0,No,.,No,.,Sí,Sí,Sí,"Discapacidad física: Incluye limitaciones en la movilidad y funciones físicas, como la paraplejia, amputaciones y trastornos del movimiento.",,,,,,,,,No,Sí,,,Sí,No,4,,,,,,,,
Jardín Norte,GS-B-00129,20/9/2024 10:22:19,,estelagconcordano@gmail.com,Grito de acorta 889,,,,,,,,,2,0,,No,0,Sí,1,Sí,.,Sí,.,Sí,No,No,,,,,,,,,,No,///,,,Sí,No,2,,,,,,,,
Jardín Norte,GS-B-00130,20/9/2024 10:23:25,,cursadoissn@gmail.com,,,,,,,,,,1,0,,Sí,1,No,0,Sí,.,No,.,Sí,No,No,,,,,,,,,,No,///,,,No,No,1,,,,,,,,
Jardín Norte,GS-B-00131,20/9/2024 10:23:44,,riquelmesergio965@gmail.com,Yamaha 2374,,,,,,,,,1,0,,No,0,No,0,No,.,No,.,Sí,No,Sí,"Discapacidad física: Incluye limitaciones en la movilidad y funciones físicas, como la paraplejia, amputaciones y trastornos del movimiento.",,,,,,,,,No,///,,,No,No,4,,,,,,,,
Jardín Norte,GS-B-00132,20/9/2024 10:24:27,,villegasezequiel93@gmail.com,,,,,,,,,,3,1,,No,0,No,0,No,.,No,.,Sí,Sí,No,,,,,,,,,,No,...,,,No,No,2,,,,,,,,
Jardín Norte,GS-B-00133,20/9/2024 10:25:08,,toledohectorariel04@gmail.com,Pasaje público 2265,,,,,,,3584867193,,4,1,,No,0,No,0,Sí,.,No,.,Sí,Sí,No,,,,,,,,,,No,Sí,,,No,No,2,,,,,,,,
Jardín Norte,GS-B-00134,20/9/2024 10:25:57,,julietanuarte@gmail.com,,,,,,,,,,2,1,,No,0,No,0,Sí,.,No,.,Sí,Sí,Sí,"Discapacidad física: Incluye limitaciones en la movilidad y funciones físicas, como la paraplejia, amputaciones y trastornos del movimiento.",,,,,,,,,No,Sí,,,Sí,Prefiero no decirlo,2,,,,,,,,
Jardín Norte,GS-B-00135,20/9/2024 10:26:07,,mateotosco303@gmail.com,Grito de Alcorta 838,,,,,,,,,1,0,,Sí,1,No,0,No,.,No,.,No,No,No,,,,,,,,,,No,///,,,No,No,4,,,,,,,,
Jardín Norte,GS-B-00136,20/9/2024 10:26:40,,munnozfede@gmail.com,Diaguitas 2233,,,,,,,,,2,0,,No,0,No,0,No,.,No,.,Sí,Sí,No,,,,,,,,,,No,///,,,Sí,No,2,,,,,,,,
Jardín Norte,GS-B-00137,20/9/2024 10:27:10,,mansilladariogustavo@gmail.com,Araucano 2369,,,,,,,3584377307,,3,1,,No,0,No,0,No,.,No,.,Sí,Sí,No,,,,,,,,,,No,Sí,,,No,No,4,,,,,,,,
Jardín Norte,GS-B-00138,20/9/2024 10:27:34,,agusss.241999@gmail.com,San abirone 2254,,,,,,,3585101131,,6,3,,Sí,1,No,0,Sí,.,Sí,.,Sí,Sí,No,,,,,,,,,,No,Sí,,,No,No,4,,,,,,,,
Jardín Norte,GS-B-00139,20/9/2024 10:28:18,,belenverri1970@gmail.com,,,,,,,,,,2,0,,No,0,Sí,1,Sí,.,No,.,Sí,Sí,Sí,"Discapacidad del aprendizaje: Incluye dificultades específicas de aprendizaje, como la dislexia y el trastorno por déficit de atención e hiperactividad (TDAH).",,,Participa de los programas de Phlippe Pinel,,,,,,No,///,,,Sí,No,4,,,,,,,,
Jardín Norte,GS-B-00140,20/9/2024 10:28:36,,yamilagallardo79@gmail.com,,,,,,,,,,7,4,,No,0,No,0,Sí,.,No,.,Sí,Sí,No,,,,,,,,,,No,Sí,,,Sí,No,4,,,,,,,,
Jardín Norte,GS-B-00141,20/9/2024 10:28:51,,paulamattea@gmail.com,,,,,,,,,,5,2,,No,0,No,0,Sí,.,No,.,Sí,Sí,Sí,"Discapacidad física: Incluye limitaciones en la movilidad y funciones físicas, como la paraplejia, amputaciones y trastornos del movimiento.",,,,,,,,,No,Sí,,,No,No,2,,,,,,,,
Jardín Norte,GS-B-00142,20/9/2024 10:29:37,,estelagconcordano@gmail.com,Acorta 875,,,,,,,3584025175,,6,3,,No,0,No,0,No,.,No,.,Sí,No,No,,,,,,,,,,Sí,Sí,,,No,No,2,,,,,,,,
Jardín Norte,GS-B-00143,20/9/2024 10:30:03,,mlbaldobino@gmail.com,ARAUCANO 2387,,,,,,,3584027898,,5,3,,No,0,No,0,Sí,.,No,.,Sí,Sí,No,,,,,,,,,,No,Sí,,,No,No,2,,,,,,,,
Jardín Norte,GS-B-00144,20/9/2024 10:30:40,,plolivero90@gmail.com,Sanavirones 2278,,,,,,,,,3,2,,No,0,No,0,No,.,No,.,Sí,No,No,,,,,,,,,,No,Sí,,,No,No,4,,,,,,,,
Jardín Norte,GS-B-00145,20/9/2024 10:31:08,,villegasezequiel93@gmail.com,,,,,,,,,,1,0,,No,0,No,0,No,.,No,.,Sí,Sí,No,,,,,,,,,,No,No,,,No,No,4,,,,,,,,
Jardín Norte,GS-B-00146,20/9/2024 10:31:37,,aguial.21.aa@gmail.com,Vuelta de obligado 887 planta baja,,,,,,,3585067744,,5,2,,No,0,No,0,Sí,.,No,.,Sí,Sí,No,,,,,,,,,,No,Sí,,,No,No,2,,,,,,,,
Jardín Norte,GS-B-00147,20/9/2024 10:31:39,,rociobglopez15@gmail.com,,,,,,,,,,4,2,,No,0,No,0,No,.,No,.,Sí,Sí,No,,,,,,,,,,No,Sí,,,No,No,4,,,,,,,,
Jardín Norte,GS-B-00148,20/9/2024 10:31:46,,valenpereletegui@gmail.com,Yamanas 2396,,,,,,,,,2,0,,No,0,No,0,No,.,No,.,Sí,No,No,,,,,,,,,,No,///,,,No,No,1,,,,,,,,
Jardín Norte,GS-B-00149,20/9/2024 10:32:22,,monimarchetti434@gmail.com,Vuelta obligado 887,,,,,,,3584330020,,3,1,,No,0,No,0,Sí,.,No,.,Sí,No,No,,,,,,,,,,No,Sí,,,No,No,4,,,,,,,,
Jardín Norte,GS-B-00150,20/9/2024 10:32:27,,celecoronel11@gmail.com,Dana Irineo 2235,,,,,,,,,3,0,,No,0,No,0,No,.,No,.,Sí,Sí,No,,,,,,,,,,No,///,,,Sí,No,1,,,,,,,,
Jardín Norte,GS-B-00151,20/9/2024 10:32:31,,munnozfede@gmail.com,Diaguitas 2245,,,,,,,3584286660,,5,3,,No,0,No,0,No,.,No,.,Sí,Sí,No,,,,,,,,,,No,Sí,,,No,No,2,,,,,,,,
Jardín Norte,GS-B-00152,20/9/2024 10:32:33,,fernandocha156@gmail.com,Miguel avella 2197,,,,,,,3534240387,,3,0,,No,0,No,0,No,.,No,.,Sí,Sí,Sí,"Discapacidad del aprendizaje: Incluye dificultades específicas de aprendizaje, como la dislexia y el trastorno por déficit de atención e hiperactividad (TDAH).",,,,,,,,,No,No,,,Sí,No,2,,,,,,,,
Jardín Norte,GS-B-00153,20/9/2024 10:32:59,,ivamoran78@gmail.com,,,,,,,,,,3,1,,No,0,No,0,Sí,.,No,.,Sí,Sí,No,,,,,,,,,,No,Sí,,,Sí,No,4,,,,,,,,
Jardín Norte,GS-B-00154,20/9/2024 10:33:33,,paulamattea@gmail.com,,,,,,,,,,1,0,,No,0,No,0,Sí,.,No,.,Sí,No,No,,,,,,,,,,No,///,,,No,No,4,,,,,,,,
Jardín Norte,GS-B-00155,20/9/2024 10:33:55,,veronicasolemu@gmail.com,Grito de alcorta 842,,,,,,,,,2,0,,Sí,1,No,0,No,.,No,.,Sí,Sí,No,,,,,,,,,,No,Sí,,,No,No,4,,,,,,,,
Jardín Norte,GS-B-00156,20/9/2024 10:34:19,,yamilagallardo79@gmail.com,,,,,,,,,,4,2,,No,0,No,0,Sí,.,No,.,Sí,Sí,No,,,,,,,,,,No,Sí,,,No,No,4,,,,,,,,
Jardín Norte,GS-B-00157,20/9/2024 10:34:25,,caricampodonico@gmail.com,Pje. Néstor Kirchner 2332,,,,,,,3585740880,,10,5,,No,0,No,0,No,.,No,.,Sí,No,Sí,"Discapacidad del aprendizaje: Incluye dificultades específicas de aprendizaje, como la dislexia y el trastorno por déficit de atención e hiperactividad (TDAH).",,,,,,,,,No,Sí,,,Sí,Sí,1,,,,,,,,
Jardín Norte,GS-B-00158,20/9/2024 10:36:05,,majoagueroku@gmail.com,Sanavirone 2232,,,,,,,,,1,0,,No,0,No,0,Sí,.,No,.,Sí,Sí,No,,,,,,,,,,No,///,,,Sí,No,2,,,,,,,,
Jardín Norte,GS-B-00159,20/9/2024 10:36:42,,ivamoran78@gmail.com,,,,,,,,,,5,2,,No,0,No,0,Sí,.,No,.,Sí,Sí,No,,,,,,,,,,No,Sí,,,No,No,4,,,,,,,,
Jardín Norte,GS-B-00160,20/9/2024 10:37:24,,bustamantecantellano@gmail.com,Puelches 2381,,,,,,,,,6,2,,No,0,No,0,Sí,.,No,.,Sí,No,Sí,"Discapacidad intelectual: Comprende condiciones que afectan el funcionamiento cognitivo y la capacidad de aprendizaje, como el síndrome de Down y otros trastornos del desarrollo intelectual.",,,,,,,,,No,Sí,,,Sí,No,4,,,,,,,,
Jardín Norte,GS-B-00161,20/9/2024 10:37:37,,mlbaldobino@gmail.com,DIAGUITAS 2348,,,,,,,3584830452,,3,1,,No,0,No,0,Sí,.,No,.,Sí,Sí,No,,,,,,,,,,No,Sí,,,Sí,No,2,,,,,,,,
Jardín Norte,GS-B-00162,20/9/2024 10:38:31,,villegasezequiel93@gmail.com,,,,,,,,,,3,0,,No,0,No,0,No,.,No,.,Sí,Sí,No,,,,,,,,,,No,No,,,No,No,4,,,,,,,,
Jardín Norte,GS-B-00163,20/9/2024 10:39:28,,munnozfede@gmail.com,Diaguitas 2253,,,,,,,3584288346,,2,0,,No,0,No,0,Sí,.,No,.,Sí,No,No,,,,,,,,,,No,///,,,Sí,No,2,,,,,,,,
Jardín Norte,GS-B-00164,20/9/2024 10:40:00,,rociobglopez15@gmail.com,Pasaje público 2160,,,,,,,3585099822,,2,1,,No,0,No,0,No,.,No,.,Sí,Sí,No,,,,,,,,,,No,...,,,Sí,No,3,,,,,,,,
Jardín Norte,GS-B-00165,20/9/2024 10:40:03,,yamilagallardo79@gmail.com,,,,,,,,,,1,0,,No,0,No,0,No,.,No,.,No,No,No,,,,,,,,,,No,///,,,Sí,No,3,,,,,,,,
Jardín Norte,GS-B-00166,20/9/2024 10:40:44,,riquelmesergio965@gmail.com,Puelches 2395,,,,,,,,,5,3,,No,0,No,0,Sí,.,No,.,Sí,Sí,No,,,,,,,,,,No,Sí,,,...,No,4,,,,,,,,
Jardín Norte,GS-B-00167,20/9/2024 10:40:46,,mateotosco303@gmail.com,Grito de alcorta 858,,,,,,,,,4,3,,Sí,1,No,0,Sí,.,Sí,.,Sí,Sí,No,,,,,,,,,,No,Sí,,,No,No,2,,,,,,,,
Jardín Norte,GS-B-00168,20/9/2024 10:41:22,,ivamoran78@gmail.com,,,,,,,,,,3,1,,No,0,No,0,No,.,No,.,Sí,Sí,No,,,,,,,,,,No,Sí,,,Sí,No,4,,,,,,,,
Jardín Norte,GS-B-00169,20/9/2024 10:41:25,,valenbovio@gmail.com,,,,,,,,,,1,0,,No,0,Sí,1,Sí,.,Sí,.,No,No,No,,,,,,,,,,No,///,,,Sí,No,2,,,,,,,,
Jardín Norte,GS-B-00170,20/9/2024 10:42:36,,valenpereletegui@gmail.com,Puelches 2388,,,,,,,,,3,0,,No,0,Sí,1,No,.,No,.,Sí,No,No,,,,,,,,,,No,Sí,,,No,No,4,,,,,,,,
Jardín Norte,GS-B-00171,20/9/2024 10:42:50,,estelagconcordano@gmail.com,Acorta 855,,,,,,,3585164721,,4,1,,No,0,Sí,1,Sí,.,Sí,.,Sí,Sí,Sí,"Discapacidad del aprendizaje: Incluye dificultades específicas de aprendizaje, como la dislexia y el trastorno por déficit de atención e hiperactividad (TDAH).",,,,,,,,,No,Sí,,,No,No,1,,,,,,,,
Jardín Norte,GS-B-00172,20/9/2024 10:43:46,,pato_estudio@hotmail.com,Buteler 264,,,,,,,,,4,1,,No,0,No,0,No,.,No,.,Sí,Sí,No,,,,,,,,,,No,Sí,,,Sí,No,2,,,,,,,,
Jardín Norte,GS-B-00173,20/9/2024 10:45:13,,sosaluisinaveronica@gmail.com,,,,,,,,,,5,1,,No,0,No,0,No,.,No,.,Sí,Sí,No,,,,,,,,,,No,Sí,,,No,No,4,,,,,,,,
Jardín Norte,GS-B-00174,20/9/2024 10:45:19,,belenverri1970@gmail.com,Grito de Alcorta 861,,,,,,,,,5,2,,No,0,Sí,1,Sí,.,Sí,.,Sí,Sí,No,,,,,,,,,,No,Sí,,,No,No,4,,,,,,,,
Jardín Norte,GS-B-00175,20/9/2024 10:46:20,,mansilladariogustavo@gmail.com,Diaguitas 2360,,,,,,,3585045512,,6,3,,No,0,No,0,Sí,.,No,.,Sí,Sí,No,,,,,,,,,,No,Sí,,,No,Prefiero no decirlo,3,,,,,,,,
Jardín Norte,GS-B-00176,20/9/2024 10:46:24,,bustamantecantellano@gmail.com,Puelches 2331,,,,,,,,,4,1,,No,0,No,0,Sí,.,No,.,Sí,Sí,No,,,,,,,,,,No,Sí,,,Sí,No,4,,,,,,,,
Jardín Norte,GS-B-00177,20/9/2024 10:46:42,,villegasezequiel93@gmail.com,,,,,,,,,,6,4,,No,0,No,0,Sí,.,No,.,Sí,Sí,Sí,"Discapacidad física: Incluye limitaciones en la movilidad y funciones físicas, como la paraplejia, amputaciones y trastornos del movimiento.",,,,,,,,,No,Sí,,,No,No,2,,,,,,,,
Jardín Norte,GS-B-00178,20/9/2024 10:47:04,,munnozfede@gmail.com,Diaguitas 2345,,,,,,,3585130457,,2,0,,No,0,No,0,No,.,No,.,Sí,No,Sí,"Discapacidad física: Incluye limitaciones en la movilidad y funciones físicas, como la paraplejia, amputaciones y trastornos del movimiento.",,,,,,,,,No,///,,,Sí,No,2,,,,,,,,
Jardín Norte,GS-B-00179,20/9/2024 10:47:33,,monimarchetti434@gmail.com,P Néstor kinner 2135,,,,,,,3584826585,,5,3,,No,0,No,0,No,.,No,.,Sí,Sí,No,,,,,,,,,,No,Sí,,,No,No,4,,,,,,,,
Jardín Norte,GS-B-00180,20/9/2024 10:47:39,,mateotosco303@gmail.com,Grito de alcorta 868,,,,,,,,,2,0,,Sí,1,No,0,No,.,No,.,Sí,No,Sí,"Discapacidad física: Incluye limitaciones en la movilidad y funciones físicas, como la paraplejia, amputaciones y trastornos del movimiento.",,,,,,,,,No,///,,,Sí,No,1,,,,,,,,
Jardín Norte,GS-B-00181,20/9/2024 10:48:03,,natyvgomez2011@gmail.com,Pje publicó 2186,,,,,,,3585621611,,3,2,,No,0,No,0,Sí,.,No,.,Sí,Sí,No,,,,,,,,,,No,Sí,,,No,No,2,,,,,,,,
Jardín Norte,GS-B-00182,20/9/2024 10:48:07,,aguial.21.aa@gmail.com,Néstor Kirchner casa 3 mza c,,,,,,,3584339820,,3,1,,No,0,No,0,No,.,No,.,Sí,Sí,No,,,,,,,,,,No,Sí,,,No,No,2,,,,,,,,
Jardín Norte,GS-B-00183,20/9/2024 10:48:29,,yamilagallardo79@gmail.com,,,,,,,,,,4,3,,No,0,No,0,Sí,.,No,.,Sí,Sí,No,,,,,,,,,,No,Sí,,,Sí,No,3,,,,,,,,
Jardín Norte,GS-B-00184,20/9/2024 10:48:48,,paulamattea@gmail.com,,,,,,,,,,8,2,,No,0,No,0,Sí,.,Sí,.,Sí,Sí,Sí,"Discapacidad física: Incluye limitaciones en la movilidad y funciones físicas, como la paraplejia, amputaciones y trastornos del movimiento.",,,,,,,,,No,Sí,,,No,No,4,,,,,,,,
Jardín Norte,GS-B-00185,20/9/2024 10:48:55,,gimenezcelestee562@gmail.com,,,,,,,,,,4,1,,No,0,No,0,No,.,No,.,Sí,Sí,No,,,,,,,,,,No,Sí,,,No,No,4,,,,,,,,
Jardín Norte,GS-B-00186,20/9/2024 10:50:08,,sofiaayelentorres5@gmail.com,,,,,,,,,,5,3,,No,0,No,0,No,.,No,.,Sí,Sí,No,,,,,,,,,,No,Sí,,,Sí,No,4,,,,,,,,
Jardín Norte,GS-B-00187,20/9/2024 10:50:29,,ivamoran78@gmail.com,,,,,,,,,,6,2,,No,0,No,0,No,.,No,.,Sí,Sí,Sí,"Discapacidad física: Incluye limitaciones en la movilidad y funciones físicas, como la paraplejia, amputaciones y trastornos del movimiento.",,,,,,,,,No,Sí,,,No,No,4,,,,,,,,
Jardín Norte,GS-B-00188,20/9/2024 10:52:25,,pato_estudio@hotmail.com,Vilelas 2090,,,,,,,,,4,2,,No,0,No,0,No,.,No,.,Sí,Sí,No,,,,,,,,,,No,Sí,,,No,No,4,,,,,,,,
Jardín Norte,GS-B-00189,20/9/2024 10:52:55,,caricampodonico@gmail.com,Maria Eva Duarte de Perón 869,,,,,,,3544564598,,3,0,,No,0,No,0,No,.,No,.,Sí,Sí,No,,,,,,,,,,No,///,,,Sí,No,2,,,,,,,,
Jardín Norte,GS-B-00190,20/9/2024 10:52:56,,paulamattea@gmail.com,,,,,,,,,,1,0,,No,0,No,0,No,.,No,.,Sí,Sí,No,,,,,,,,,,No,///,,,No,No,2,,,,,,,,
Jardín Norte,GS-B-00191,20/9/2024 10:53:44,,carogiovanini1@gmail.com,,,,,,,,,,4,2,,No,0,Sí,1,Sí,.,No,.,Sí,Sí,Sí,"Discapacidad psicosocial: Abarca trastornos mentales y emocionales que afectan la interacción social y la salud emocional, como la depresión, la ansiedad y la esquizofrenia.",,,,,,,,,No,Sí,,,No,No,4,,,,,,,,
Jardín Norte,GS-B-00192,20/9/2024 10:53:54,,villegasezequiel93@gmail.com,,,,,,,,,,1,0,,No,0,No,0,No,.,No,.,Sí,Sí,No,,,,,,,,,,No,///,,,Sí,No,1,,,,,,,,
Jardín Norte,GS-B-00193,20/9/2024 10:54:05,,estelagconcordano@gmail.com,Acorta 834,,,,,,,3584649071,,2,0,,No,0,No,0,No,.,No,.,No,No,Sí,"Discapacidad física: Incluye limitaciones en la movilidad y funciones físicas, como la paraplejia, amputaciones y trastornos del movimiento.",,,,,,,,,No,///,,,Sí,No,3,,,,,,,,
Jardín Norte,GS-B-00194,20/9/2024 10:54:27,,belenverri1970@gmail.com,,,,,,,,,,3,1,,No,0,No,0,No,.,No,.,Sí,Sí,No,,,,,,,,,,No,Sí,,,No,No,4,,,,,,,,
Jardín Norte,GS-B-00195,20/9/2024 10:54:48,,mansilladariogustavo@gmail.com,Diaguitas 2282,,,,,,,3585483787,,4,2,,No,0,No,0,No,.,No,.,Sí,Sí,No,,,,,,,,,,No,Sí,,,Sí,No,4,,,,,,,,
Jardín Norte,GS-B-00196,20/9/2024 10:54:56,,veronicasolemu@gmail.com,Grito de alcorta 882,,,,,,,,,3,2,,Sí,1,No,0,No,.,No,.,Sí,Sí,No,,,,,,,,,,No,Sí,,,No,No,4,,,,,,,,
Jardín Norte,GS-B-00197,20/9/2024 10:55:09,,monimarchetti434@gmail.com,Santiago coronel 2121,,,,,,,3584403975,,3,1,,No,0,No,0,Sí,.,No,.,Sí,Sí,No,,,,,,,,,,No,Sí,,,No,No,4,,,,,,,,
Jardín Norte,GS-B-00198,20/9/2024 10:55:12,,rociobglopez15@gmail.com,,,,,,,,,,8,5,,No,0,No,0,No,.,Sí,.,Sí,Sí,No,,,,,,,,,,No,Sí,,,No,No,4,,,,,,,,
Jardín Norte,GS-B-00199,20/9/2024 10:55:53,,gimenezcelestee562@gmail.com,,,,,,,,,,4,2,,No,0,No,0,No,.,No,.,Sí,Sí,No,,,,,,,,,,No,Sí,,,Sí,No,4,,,,,,,,
Jardín Norte,GS-B-00200,20/9/2024 10:56:27,,valenpereletegui@gmail.com,17 de octubre 535,,,,,,,,,3,1,,No,0,No,0,Sí,.,No,.,Sí,No,No,,,,,,,,,,No,Sí,,,No,No,3,,,,,,,,
Jardín Norte,GS-B-00201,20/9/2024 10:56:36,,riquelmesergio965@gmail.com,Yamahas y 17 de octubre,,,,,,,,,5,3,,No,0,No,0,Sí,.,No,.,Sí,No,No,,,,,,,,,,No,Sí,,,No,No,4,,,,,,,,
Jardín Norte,GS-B-00202,20/9/2024 10:57:18,,fernandocha156@gmail.com,Santiago coronel 2196,,,,,,,3584304637,,6,3,,No,0,No,0,No,.,Sí,.,Sí,Sí,No,,,,,,,,,,No,Sí,,,No,No,2,,,,,,,,
Jardín Norte,GS-B-00203,20/9/2024 10:59:02,,pato_estudio@hotmail.com,Vilelas 2148,,,,,,,,,3,2,,No,0,No,0,No,.,No,.,Sí,Sí,No,,,,,,,,,,No,Sí,,,No,No,4,,,,,,,,
Jardín Norte,GS-B-00204,20/9/2024 10:59:23,,monicaanelo@gmail.com,Diaguitas 2181,,,,,,,,,2,0,,No,0,No,0,No,.,No,.,Sí,Sí,Sí,"Discapacidad física: Incluye limitaciones en la movilidad y funciones físicas, como la paraplejia, amputaciones y trastornos del movimiento.",,,,,,,,,No,///,,,Sí,No,4,,,,,,,,
Jardín Norte,GS-B-00205,20/9/2024 10:59:51,,mateotosco303@gmail.com,,,,,,,,,,6,4,,Sí,1,No,0,Sí,.,Sí,.,Sí,Sí,No,,,,,,,,,,No,Sí,,,No,No,2,,,,,,,,
Jardín Norte,GS-B-00206,20/9/2024 11:00:13,,yamilagallardo79@gmail.com,,,,,,,,,,4,1,,No,0,No,0,No,.,Sí,.,Sí,No,No,,,,,,,,,,No,Sí,,,Sí,No,4,,,,,,,,
Jardín Norte,GS-B-00207,20/9/2024 11:00:24,,lic.erigomez@gmail.com,Vilela 2119,,,,,,,3584128799,,5,0,,No,0,No,0,No,.,No,.,Sí,Sí,No,,,,,,,,,,No,///,,,Sí,No,4,,,,,,,,
Jardín Norte,GS-B-00208,20/9/2024 11:00:49,,natyvgomez2011@gmail.com,Santiago coronel 2188,,,,,,,3584383194,,10,4,,Sí,1,No,0,No,.,No,.,Sí,No,No,,,,,,,,,,No,Sí,,,No,Sí,4,,,,,,,,
Jardín Norte,GS-B-00209,20/9/2024 11:00:54,,aguial.21.aa@gmail.com,Santiago coronel 2115,,,,,,,3584027447,,8,5,,No,0,No,0,Sí,.,No,.,Sí,Sí,No,,,,,,,,,,No,Sí,,,No,No,4,,,,,,,,
Jardín Norte,GS-B-00210,20/9/2024 11:01:09,,paulamattea@gmail.com,,,,,,,,,,2,0,,No,0,No,0,No,.,No,.,Sí,Sí,No,,,,,,,,,,No,///,,,Sí,No,4,,,,,,,,
Jardín Norte,GS-B-00211,20/9/2024 11:01:21,,villegasezequiel93@gmail.com,,,,,,,,,,5,2,,No,0,No,0,No,.,No,.,Sí,Sí,No,,,,,,,,,,No,Sí,,,No,No,4,,,,,,,,
Jardín Norte,GS-B-00212,20/9/2024 11:03:27,,gimenezcelestee562@gmail.com,,,,,,,,,,4,2,,No,0,No,0,No,.,No,.,Sí,Sí,No,,,,,,,,,,No,Sí,,,No,No,4,,,,,,,,
Jardín Norte,GS-B-00213,20/9/2024 11:03:42,,estelagconcordano@gmail.com,Cardarelli 2393,,,,,,,3584825013,,7,2,,No,0,No,0,Sí,.,No,.,Sí,Sí,No,,,,,,,,,,No,Sí,,,Sí,No,2,,,,,,,,
Jardín Norte,GS-B-00214,20/9/2024 11:03:54,,sofiaayelentorres5@gmail.com,,,,,,,,,,3,1,,No,0,No,0,No,.,No,.,Sí,Sí,No,,,,,,,,,,No,Sí,,,Sí,No,4,,,,,,,,
Jardín Norte,GS-B-00215,20/9/2024 11:03:56,,rociobglopez15@gmail.com,Santiago coronel 2120,,,,,,,3585743977,,1,0,,No,0,No,0,No,.,No,.,Sí,No,No,,,,,,,,,,No,///,,,Sí,No,2,,,,,,,,
Jardín Norte,GS-B-00216,20/9/2024 11:04:15,,monimarchetti434@gmail.com,Vuelta de obligado 973,,,,,,,3584862965,,6,3,,No,0,No,0,Sí,.,No,.,Sí,Sí,Sí,"Discapacidad física: Incluye limitaciones en la movilidad y funciones físicas, como la paraplejia, amputaciones y trastornos del movimiento.",,,,,,,,,No,Sí,,,Sí,No,4,,,,,,,,
Jardín Norte,GS-B-00217,20/9/2024 11:04:18,,gnesuttamarcelo10@gmail.com,Santiago coronel 212,,,,,,,3584152091,,4,1,,No,0,No,0,Sí,.,No,.,Sí,Sí,No,,,,,,,,,,No,Sí,,,Sí,No,1,,,,,,,,
Jardín Norte,GS-B-00218,20/9/2024 11:04:28,,belenverri1970@gmail.com,,,,,,,,,,4,0,,No,0,No,0,Sí,.,No,.,Sí,Sí,No,,,,,,,,,,No,///,,,No,No,2,,,,,,,,
Jardín Norte,GS-B-00219,20/9/2024 11:04:40,,pato_estudio@hotmail.com,Vilelas 2139,,,,,,,,,2,0,,No,0,No,0,No,.,No,.,Sí,Sí,No,,,,,,,,,,No,///,,,No,No,4,,,,,,,,
Jardín Norte,GS-B-00220,20/9/2024 11:05:50,,veronicasolemu@gmail.com,,,,,,,,,,4,2,,Sí,1,No,0,Sí,.,Sí,.,Sí,Sí,No,,,,,,,,,,No,Sí,,,No,No,2,,,,,,,,
Jardín Norte,GS-B-00221,20/9/2024 11:06:01,,mlbaldobino@gmail.com,DIAGUITAS 2262,,,,,,,3584797949,,2,0,,No,0,No,0,No,.,No,.,No,Sí,No,,,,,,,,,,No,///,,,Sí,No,2,,,,,,,,
Jardín Norte,GS-B-00222,20/9/2024 11:07:04,,villegasezequiel93@gmail.com,,,,,,,,,,4,0,,No,0,No,0,No,.,No,.,Sí,Sí,No,,,,,,,,,,No,///,,,Sí,No,4,,,,,,,,
Jardín Norte,GS-B-00223,20/9/2024 11:07:32,,bustamantecantellano@gmail.com,Matacos 2398,,,,,,,,,6,4,,No,0,No,0,Sí,.,No,.,Sí,Sí,Sí,"Discapacidad física: Incluye limitaciones en la movilidad y funciones físicas, como la paraplejia, amputaciones y trastornos del movimiento.",,,,,,,,,No,Sí,,,No,No,4,,,,,,,,
Jardín Norte,GS-B-00224,20/9/2024 11:08:09,,aguial.21.aa@gmail.com,Santiago coronel 2115,,,,,,,3584127158,,4,2,,No,0,No,0,No,.,No,.,Sí,Sí,No,,,,,,,,,,No,Sí,,,No,No,4,,,,,,,,
Jardín Norte,GS-B-00225,20/9/2024 11:08:51,,cursadoissn@gmail.com,,,,,,,,,,4,2,,No,0,No,0,No,.,No,.,Sí,Sí,No,,,,,,,,,,No,Sí,,,Sí,No,4,,,,,,,,
Jardín Norte,GS-B-00226,20/9/2024 11:09:22,,paulamattea@gmail.com,,,,,,,,,,5,0,,No,0,No,0,Sí,.,No,.,Sí,Sí,No,,,,,,,,,,No,Sí,,,No,No,4,,,,,,,,
Jardín Norte,GS-B-00227,20/9/2024 11:10:10,,estelagconcordano@gmail.com,,,,,,,,,,7,4,,No,0,No,0,No,.,No,.,Sí,No,No,,,,,,,,,,No,Sí,,,No,No,1,,,,,,,,
Jardín Norte,GS-B-00228,20/9/2024 11:10:18,,rociobglopez15@gmail.com,,,,,,,,,,3,1,,No,0,No,0,Sí,.,No,.,Sí,Sí,No,,,,,,,,,,No,Sí,,,No,No,4,,,,,,,,
Jardín Norte,GS-B-00229,20/9/2024 11:10:48,,caricampodonico@gmail.com,,,,,,,,,,5,2,,No,0,No,0,Sí,.,Sí,.,Sí,Sí,Sí,"Discapacidad psicosocial: Abarca trastornos mentales y emocionales que afectan la interacción social y la salud emocional, como la depresión, la ansiedad y la esquizofrenia.",,,,,,,,,No,Sí,,,No,No,4,,,,,,,,
Jardín Norte,GS-B-00230,20/9/2024 11:12:05,,pato_estudio@hotmail.com,Omaguacas 2102,,,,,,,3584350505,,4,2,,No,0,No,0,No,.,No,.,Sí,Sí,No,,,,,,,,,,No,Sí,,,Sí,No,4,,,,,,,,
Jardín Norte,GS-B-00231,20/9/2024 11:12:14,,gimenezcelestee562@gmail.com,,,,,,,,,,4,1,,No,0,No,0,No,.,No,.,Sí,Sí,No,,,,,,,,,,No,Sí,,,No,No,4,,,,,,,,
Jardín Norte,GS-B-00232,20/9/2024 11:12:20,,belenverri1970@gmail.com,,,,,,,,,,3,1,,No,0,No,0,Sí,.,No,.,Sí,No,No,,,,,,,,,,No,Sí,,,No,No,4,,,,,,,,
Jardín Norte,GS-B-00233,20/9/2024 11:12:37,,valenbovio@gmail.com,,,,,,,,,,2,0,,No,0,Sí,1,Sí,.,No,.,Sí,No,No,,,,,,,,,,No,///,,,Sí,No,4,,,,,,,,
Jardín Norte,GS-B-00234,20/9/2024 11:12:46,,mansilladariogustavo@gmail.com,Diaguitas 2242,,,,,,,,,1,0,,No,0,No,0,Sí,.,No,.,Sí,Sí,Sí,"Discapacidad física: Incluye limitaciones en la movilidad y funciones físicas, como la paraplejia, amputaciones y trastornos del movimiento.",,,,,,,,,No,///,,,Sí,No,4,,,,,,,,
Jardín Norte,GS-B-00235,20/9/2024 11:12:51,,gnesuttamarcelo10@gmail.com,Santiago coronel 2212,,,,,,,3485732516,,3,1,,No,0,No,0,Sí,.,No,.,Sí,No,No,,,,,,,,,,No,Sí,,,No,No,2,,,,,,,,
Jardín Norte,GS-B-00236,20/9/2024 11:13:04,,mateotosco303@gmail.com,,,,,,,,,,2,0,,Sí,1,Sí,1,No,.,No,.,No,No,No,,,,,,,,,,No,Sí,,,Sí,No,2,,,,,,,,
Jardín Norte,GS-B-00237,20/9/2024 11:13:08,,sosaluisinaveronica@gmail.com,,,,,,,,,,5,3,,No,0,No,0,Sí,.,No,.,Sí,Sí,No,,,,,,,,,,No,Sí,,,No,No,4,,,,,,,,
Jardín Norte,GS-B-00238,20/9/2024 11:13:27,,monimarchetti434@gmail.com,José svajuz 2128,,,,,,,3586015815,,4,2,,No,0,No,0,No,.,No,.,Sí,Sí,No,,,,,,,,,,No,Sí,,,No,No,4,,,,,,,,
Jardín Norte,GS-B-00239,20/9/2024 11:14:03,,villegasezequiel93@gmail.com,,,,,,,,,,1,0,,No,0,No,0,No,.,No,.,Sí,Sí,No,,,,,,,,,,No,Sí,,,Sí,No,4,,,,,,,,
Jardín Norte,GS-B-00240,20/9/2024 11:14:23,,bustamantecantellano@gmail.com,Matacos 2346,,,,,,,,,2,0,,No,0,No,0,Sí,.,No,.,Sí,Sí,No,,,,,,,,,,No,///,,,Sí,No,4,,,,,,,,
Jardín Norte,GS-B-00241,20/9/2024 11:14:31,,paulamattea@gmail.com,17 de octubre 445,,,,,,,3584856965,,7,3,,Sí,1,No,0,Sí,.,No,.,Sí,Sí,Sí,"Discapacidad física: Incluye limitaciones en la movilidad y funciones físicas, como la paraplejia, amputaciones y trastornos del movimiento.",,,Kalen,,,,,,No,Sí,,,No,No,4,,,,,,,,
Jardín Norte,GS-B-00242,20/9/2024 11:16:03,,riquelmesergio965@gmail.com,Matacos 2376,,,,,,,,,4,2,,No,0,No,0,Sí,.,Sí,.,Sí,No,Sí,"Discapacidad física: Incluye limitaciones en la movilidad y funciones físicas, como la paraplejia, amputaciones y trastornos del movimiento.",,,,,,,,,No,Sí,,,Sí,No,3,,,,,,,,
Jardín Norte,GS-B-00243,20/9/2024 11:17:06,,cursadoissn@gmail.com,Corlaban3cv@gmail.com,,,,,,,,,4,2,,No,0,No,0,No,.,No,.,Sí,Sí,No,,,,,,,,,,No,Sí,,,No,No,4,,,,,,,,
Jardín Norte,GS-B-00244,20/9/2024 11:18:07,,yamilagallardo79@gmail.com,eva duarte 827,,,,,,,3584311817,,4,2,,No,0,No,0,Sí,.,Sí,.,Sí,Sí,No,,,,,,,,,,No,Sí,,,No,No,3,,,,,,,,
Jardín Norte,GS-B-00245,20/9/2024 11:18:27,,monicaanelo@gmail.com,Huarpes 2042,,,,,,,3585487310,,6,1,,No,0,No,0,No,.,No,.,Sí,Sí,No,,,,,,,,,,No,Sí,,,Sí,No,4,,,,,,,,
Jardín Norte,GS-B-00246,20/9/2024 11:19:23,,estelagconcordano@gmail.com,,,,,,,,,,1,0,,No,0,No,0,Sí,.,No,.,Sí,Sí,No,,,,,,,,,,No,///,,,No,No,2,,,,,,,,
Jardín Norte,GS-B-00247,20/9/2024 11:19:59,,mlbaldobino@gmail.com,DIAGUITAS 2216,,,,,,,3586005606,,5,3,,No,0,No,0,No,.,No,.,Sí,Sí,No,,,,,,,,,,No,Sí,,,No,No,4,,,,,,,,
Jardín Norte,GS-B-00248,20/9/2024 11:20:09,,valenpereletegui@gmail.com,Matacos 2398,,,,,,,3585329257,,5,3,,No,0,No,0,Sí,.,No,.,Sí,Sí,No,,,,,,,,,,No,Sí,,,No,No,4,,,,,,,,
Jardín Norte,GS-B-00249,20/9/2024 11:21:05,,veronicasolemu@gmail.com,,,,,,,,,,1,0,,Sí,1,No,0,No,.,No,.,Sí,No,Sí,"Discapacidad física: Incluye limitaciones en la movilidad y funciones físicas, como la paraplejia, amputaciones y trastornos del movimiento.",,,,,,,,,No,///,,,No,No,1,,,,,,,,
Jardín Norte,GS-B-00250,20/9/2024 11:22:04,,aguial.21.aa@gmail.com,Svaguza Casa 11 mza d,,,,,,,3584346229,,1,0,,No,0,Sí,1,No,.,No,.,No,No,Sí,"Discapacidad física: Incluye limitaciones en la movilidad y funciones físicas, como la paraplejia, amputaciones y trastornos del movimiento.",,,,,,,,,No,///,,,Sí,No,2,,,,,,,,
Jardín Norte,GS-B-00251,20/9/2024 11:24:44,,yamilagallardo79@gmail.com,María duarte de peron 823,,,,,,,3583927190,,9,4,,Sí,1,Sí,1,Sí,.,No,.,Sí,Sí,No,,,,,,,,,,No,Sí,,,Sí,No,3,,,,,,,,
Jardín Norte,GS-B-00252,20/9/2024 11:25:34,,mateotosco303@gmail.com,,,,,,,,,,5,1,,Sí,1,No,0,No,.,No,.,Sí,Sí,Sí,"Discapacidad física: Incluye limitaciones en la movilidad y funciones físicas, como la paraplejia, amputaciones y trastornos del movimiento.",,,,,,,,,No,Sí,,,Sí,No,4,,,,,,,,
Jardín Norte,GS-B-00253,20/9/2024 11:30:51,,veronicasolemu@gmail.com,,,,,,,,,,1,0,,Sí,1,Sí,1,No,.,No,.,No,No,Sí,"Discapacidad física: Incluye limitaciones en la movilidad y funciones físicas, como la paraplejia, amputaciones y trastornos del movimiento.",,,,,,,,,No,///,,,...,No,1,,,,,,,,
Jardín Norte,GS-B-00254,20/9/2024 11:32:35,,caricampodonico@gmail.com,,,,,,,,,,5,3,,No,0,No,0,No,.,No,.,Sí,Sí,No,,,,,,,,,,No,Sí,,,No,No,4,,,,,,,,
Jardín Norte,GS-B-00255,20/9/2024 11:35:24,,mateotosco303@gmail.com,,,,,,,,,,3,2,,Sí,1,Sí,1,No,.,No,.,Sí,Sí,No,,,,,,,,,,No,Sí,,,No,Sí,1,,,,,,,,
Jardín Norte,GS-B-00256,20/9/2024 11:42:30,,veronicasolemu@gmail.com,,,,,,,,,,4,1,,Sí,1,No,0,No,.,Sí,.,Sí,Sí,No,,,,,,,,,,No,Sí,,,Sí,No,2,,,,,,,,
Jardín Norte,GS-B-00257,20/9/2024 11:48:54,,mateotosco303@gmail.com,,,,,,,,,,3,0,,No,0,No,0,No,.,Sí,.,Sí,No,Sí,"Discapacidad física: Incluye limitaciones en la movilidad y funciones físicas, como la paraplejia, amputaciones y trastornos del movimiento.",,,,,,,,,No,///,,,Sí,No,2,,,,,,,,
Limay,GS-B-00258,8/10/2024 9:12:25,,mariaeugeniasuarez861@gmail.com,Alonso 1389,,,,,,,,,4,2,,No,0,No,0,No,.,No,.,Sí,Sí,No,,,,,,No,,,,No,Sí,Sí,Villa dalcar,No,No,4,,,,,,,,
Limay,GS-B-00259,8/10/2024 9:13:17,,subse.nafriocuarto@gmail.com,,,,,,,,,,4,2,,No,0,No,0,No,.,No,.,Sí,Sí,No,,,,,,No,,,,No,Sí,No,,No,No,4,,,,,,,,
Limay,GS-B-00260,8/10/2024 9:14:23,,elgabiguz77@gmail.com,,,,,,,,,Alejandracarinaemeliani@gmail.com,3,1,,No,0,No,0,No,.,No,.,Sí,Sí,No,,,,,,No,,,,No,Sí,Sí,Dispensario,No,No,4,,,,,,,,
Limay,GS-B-00261,8/10/2024 9:16:30,,sarich1991@gmail.com,Dinkeldein 228,,,,,,,,Cecilia44galanzini@gmail.com,3,2,,No,0,No,0,Sí,.,No,.,Sí,Sí,No,,,,,,No,,,,No,Sí,Sí,Dispensario 7,No,Sí,1,,,,,,,,
Limay,GS-B-00262,8/10/2024 9:18:23,,mariaeugeniasuarez861@gmail.com,Alonso 1361,,,,,,,,,2,0,,No,0,No,0,No,.,No,.,Sí,Sí,No,,,,,,No,,,,No,///,No,,Sí,No,4,,,,,,,,
Limay,GS-B-00263,8/10/2024 9:20:56,,georgigomez66@gmail.com,Pedro N Rodríguez 421,,,,,,,3584829025,,2,0,,Sí,1,No,0,No,.,No,.,Sí,Sí,No,,,,,,Sí,Sí,No,,No,///,No,,Sí,No,4,,,,,,,,
Limay,GS-B-00264,8/10/2024 9:22:34,,milseitz@gmail.com,Lugones 1572,,,,,,,,,1,0,,No,0,No,0,No,.,No,.,No,Sí,No,,,,,,Sí,Sí,No,,No,///,No,,No,No,4,,,,,,,,
Limay,GS-B-00265,8/10/2024 9:24:08,,jonha.costilla@gmail.com,Calle pública casa 23,,,,,,,,jesicaanahi1989@gmail.com,4,2,,No,0,No,0,No,.,No,.,Sí,Sí,No,,,,,,No,No,No,,No,Sí,Sí,Numero 5,Sí,No,4,,,,,,,,
Limay,GS-B-00266,8/10/2024 9:25:06,,subse.nafriocuarto@gmail.com,,,,,,,,,,1,0,,No,0,No,0,No,.,No,.,Sí,Sí,No,,,,,,Sí,Sí,Sí,Crear,No,///,No,,Sí,No,4,,,,,,,,
Limay,GS-B-00267,8/10/2024 9:25:51,,delfinadehaes@gmail.com,,,,,,,,,,2,0,,No,0,No,0,No,.,No,.,No,No,No,,,,,,Sí,Sí,No,,No,///,Sí,Dispensario Villa dalcar 5,No,No,4,,,,,,,,
Limay,GS-B-00268,8/10/2024 9:26:57,,josefinaandres88@gmail.com,1314,,,,,,,3585600666,,1,1,,No,0,Sí,1,No,.,No,.,Sí,Sí,No,,,,,,Sí,Sí,No,,No,///,No,,No,No,4,,,,,,,,
Limay,GS-B-00269,8/10/2024 9:27:53,,caricampodonico@gmail.com,,,,,,,,,,3,0,,No,0,No,0,No,.,No,.,Sí,Sí,No,,,,,,Sí,No,No,,No,///,No,,No,No,2,,,,,,,,
Limay,GS-B-00270,8/10/2024 9:28:24,,mariaeugeniasuarez861@gmail.com,Dinkendeil 220,,,,,,,,,5,3,,No,0,No,0,No,.,No,.,Sí,Sí,No,,,,,,No,,,,No,Sí,No,,No,No,4,,,,,,,,
Limay,GS-B-00271,8/10/2024 9:28:51,,veronicasolemu@gmail.com,,,,,,,,,,4,2,,No,0,No,0,No,.,No,.,Sí,Sí,No,,,,,,No,No,No,,No,Sí,No,,No,No,4,,,,,,,,
Limay,GS-B-00272,8/10/2024 9:30:30,,mateotosco303@gmail.com,Estrada 380,,,,,,,,,2,0,,Sí,1,No,0,No,.,No,.,Sí,Sí,No,,,,,,Sí,Sí,No,,No,///,No,,Sí,No,4,,,,,,,,
Limay,GS-B-00273,8/10/2024 9:30:33,,milseitz@gmail.com,Rio turbio 264,,,,,,,3585137984,,3,1,,No,0,No,0,Sí,.,No,.,Sí,Sí,No,,,,,,No,,,,No,Sí,No,Si 5,No,No,3,,,,,,,,
Limay,GS-B-00274,8/10/2024 9:30:45,,paulasofiadalmasso@gmail.com,Pedro nolasco 327,,,,,,,,lorechiacchiera@gmail,4,2,,No,0,No,0,No,.,No,.,Sí,Sí,No,,,,,,No,,,,No,Sí,No,,No,No,4,,,,,,,,
Limay,GS-B-00275,8/10/2024 9:31:04,,bustamantecantellano@gmail.com,Estrada 197,,,,,,,,,3,1,,No,0,No,0,Sí,.,No,.,Sí,Sí,No,,,,,,Sí,Sí,No,,No,Sí,Sí,Centro salud,No,Prefiero no decirlo,4,,,,,,,,
Limay,GS-B-00276,8/10/2024 9:31:51,,pereyrasoledad562@gmail.com,Lopez cocos 1266,,,,,,,3585166000,,4,1,,No,0,No,0,No,.,No,.,Sí,Sí,Sí,"Discapacidad intelectual: Comprende condiciones que afectan el funcionamiento cognitivo y la capacidad de aprendizaje, como el síndrome de Down y otros trastornos del desarrollo intelectual.",Sí,No,,,Sí,Sí,No,,No,Sí,No,,Sí,No,4,,,,,,,,
Limay,GS-B-00277,8/10/2024 9:32:28,,yamilagallardo79@gmail.com,,,,,,,,,,3,1,,No,0,No,0,No,.,No,.,Sí,Sí,No,,,,,,No,,,,No,Sí,No,,No,No,4,,,,,,,,
Limay,GS-B-00278,8/10/2024 9:35:01,,franciscofabianfuentes@gmail.com,dilkendein norte 104,,,,,,,,julianrofriguezcarrillo1@gmail.com,4,0,,No,0,No,0,No,.,No,.,No,Sí,No,,,,,,No,No,No,,No,Sí,Sí,centro de salud,Sí,No,4,,,,,,,,
Limay,GS-B-00279,8/10/2024 9:35:30,,valenpereletegui@gmail.com,,,,,,,,,,2,0,,No,0,No,0,No,.,No,.,Sí,Sí,No,,,,,,Sí,Sí,No,,No,///,No,,Sí,No,4,,,,,,,,
Limay,GS-B-00280,8/10/2024 9:35:45,,mlbaldobino@gmail.com,Pedro Nolasco Rodriguez 453,,,,,,,,,2,0,,No,0,No,0,No,.,No,.,Sí,Sí,No,,,,,,Sí,Sí,No,,No,///,No,,Sí,No,3,,,,,,,,
Limay,GS-B-00281,8/10/2024 9:36:38,,mariaeugeniasuarez861@gmail.com,Dinkendeil 288,,,,,,,,,2,0,,No,0,No,0,No,.,No,.,Sí,Sí,No,,,,,,Sí,Sí,No,,No,///,No,,No,No,4,,,,,,,,
Limay,GS-B-00282,8/10/2024 9:37:19,,caricampodonico@gmail.com,,,,,,,,,,3,1,,No,0,No,0,No,.,No,.,Sí,Sí,No,,,,,,No,,,,No,Sí,No,,No,No,4,,,,,,,,
Limay,GS-B-00283,8/10/2024 9:37:21,,adriclucero2020@gmail.com,,,,,,,,,,2,0,,No,0,No,0,No,.,No,.,Sí,Sí,No,,,,,,Sí,No,No,,No,///,No,,No,No,4,,,,,,,,
Limay,GS-B-00284,8/10/2024 9:38:22,,florentinmarysol@gmail.com,Calle pública 19,,,,,,,3585048804,,4,0,,No,0,No,0,No,.,No,.,Sí,Sí,Sí,"Discapacidad intelectual: Comprende condiciones que afectan el funcionamiento cognitivo y la capacidad de aprendizaje, como el síndrome de Down y otros trastornos del desarrollo intelectual.",No,No,Discapacidad,Ya es grande,Sí,Sí,No,,No,///,No,,Sí,No,4,,,,,,,,
Limay,GS-B-00285,8/10/2024 9:38:26,,josefinaandres88@gmail.com,1324 juab isla,,,,,,,,,3,0,,No,0,No,0,No,.,No,.,Sí,Sí,No,,,,,,No,,,,No,///,No,,No,No,4,,,,,,,,
Limay,GS-B-00286,8/10/2024 9:38:30,,gnesuttamarcelo10@gmail.com,Goudar 322,,,,,,,,,2,0,,No,0,No,0,Sí,.,No,.,Sí,Sí,Sí,Discapacidad sensorial: Agrupa la pérdida de capacidades auditivas (sordera) y visuales (ceguera y baja visión).,Sí,Sí,Fundación Arcid,,Sí,,No,,No,///,No,,No,No,4,,,,,,,,
Limay,GS-B-00287,8/10/2024 9:38:34,,b.balmaceda414@gmail.com,Dinkeldein norte 112,,,,,,,0358-155145947,,1,0,,No,0,No,0,No,.,No,.,Sí,Sí,No,,,,,,Sí,Sí,Sí,No,No,///,Sí,Si. Centro de salud,No,No,4,,,,,,,,
Limay,GS-B-00288,8/10/2024 9:38:50,,soyflor618@gmail.com,Rio turbio 290,,,,,,,,,3,1,,No,0,No,0,No,.,No,.,Sí,Sí,Sí,"Discapacidad física: Incluye limitaciones en la movilidad y funciones físicas, como la paraplejia, amputaciones y trastornos del movimiento.",Sí,No,,No se puede movilizar,Sí,Sí,No,,No,Sí,No,,Sí,No,3,,,,,,,,
Limay,GS-B-00289,8/10/2024 9:39:48,,riquelmesergio965@gmail.com,Estrada 181,,,,,,,,,2,0,,No,0,No,0,No,.,No,.,Sí,Sí,No,,,,,,Sí,Sí,No,,No,Sí,No,,No,No,4,,,,,,,,
Limay,GS-B-00290,8/10/2024 9:40:17,,vaninapaola1981@gmail.com,Amadeo florida 44,,,,,,,3585436190,,5,1,,No,0,No,0,No,.,No,.,Sí,Sí,No,,,,,,No,,,,No,Sí,No,,No,No,4,,,,,,,,
Limay,GS-B-00291,8/10/2024 9:40:47,,veronicasolemu@gmail.com,,,,,,,,,,2,0,,Sí,1,Sí,1,Sí,.,No,.,Sí,Sí,No,,,,,,No,No,No,No,No,No,No,No,No,No,4,,,,,,,,
Limay,GS-B-00292,8/10/2024 9:41:01,,pereyrasoledad562@gmail.com,Paje amado fiori 34,,,,,,,3584381659,,3,1,,Sí,3,No,0,No,.,No,.,Sí,Sí,No,,,,,,No,No,No,,No,Sí,No,,No,No,4,,,,,,,,
Limay,GS-B-00293,8/10/2024 9:42:35,,jonha.costilla@gmail.com,,,,,,,,3584852114,,2,0,,No,0,No,0,No,.,No,.,Sí,No,Sí,Discapacidad sensorial: Agrupa la pérdida de capacidades auditivas (sordera) y visuales (ceguera y baja visión).,No,No,,Me impide la visión,Sí,Sí,No,,No,///,Sí,Numero 5,Sí,No,4,,,,,,,,
Limay,GS-B-00294,8/10/2024 9:42:51,,marcros278@gmail.com,Mariano Lopez Cobos 1289,,,,,,,,,2,0,,No,0,No,0,No,.,No,.,Sí,Sí,No,,,,,,Sí,Sí,No,,No,///,No,,Sí,No,4,,,,,,,,
Limay,GS-B-00295,8/10/2024 9:43:23,,josefinaandres88@gmail.com,,,,,,,,,,4,1,,No,0,No,0,Sí,.,No,.,Sí,No,No,,,,,,Sí,Sí,No,,No,Sí,Sí,Dispensario de villa dalcar,Sí,No,4,,,,,,,,
Limay,GS-B-00296,8/10/2024 9:43:31,,yamilagallardo79@gmail.com,,,,,,,,,,1,0,,No,0,No,0,No,.,No,.,Sí,Sí,No,,,,,,Sí,Sí,No,,No,///,No,,No,No,4,,,,,,,,
Limay,GS-B-00297,8/10/2024 9:44:00,,sosaluisinaveronica@gmail.com,,,,,,,,,,2,0,,No,0,No,0,No,.,No,.,Sí,Sí,No,,,,,,Sí,Sí,Sí,Vecinal buena vista,No,///,No,,No,No,3,,,,,,,,
Limay,GS-B-00298,8/10/2024 9:44:10,,subse.nafriocuarto@gmail.com,,,,,,,,,,3,1,,No,0,No,0,No,.,No,.,Sí,Sí,No,,,,,,No,,,,No,Sí,No,,No,No,4,,,,,,,,
Limay,GS-B-00299,8/10/2024 9:45:04,,sarich1991@gmail.com,,,,,,,,3586015439,,3,0,,No,0,No,0,No,.,No,.,Sí,Sí,No,,,,,,Sí,Sí,No,,No,///,No,,No,No,4,,,,,,,,
Limay,GS-B-00300,8/10/2024 9:45:04,,delfinadehaes@gmail.com,Rio Turbio casa 27,,,,,,,3585049992,,5,4,,No,0,No,0,Sí,.,Sí,.,Sí,No,No,,,,,,No,No,,,Sí,Sí,Sí,Número 6 Brasca,No,No,4,,,,,,,,
Limay,GS-B-00301,8/10/2024 9:47:42,,valenpereletegui@gmail.com,Gaudard norte 235,,,,,,,,,5,2,,No,0,No,0,Sí,.,No,.,Sí,Sí,No,,,,,,No,No,No,,No,Sí,No,,No,No,2,,,,,,,,
Limay,GS-B-00302,8/10/2024 9:48:07,,florentinmarysol@gmail.com,Calle pública casa 17,,,,,,,3584208152,,5,2,,No,0,No,0,Sí,.,No,.,Sí,Sí,Sí,"Discapacidad física: Incluye limitaciones en la movilidad y funciones físicas, como la paraplejia, amputaciones y trastornos del movimiento.",Sí,No,,Tiene problemas cardiacos,No,,,,No,Sí,No,,Sí,No,4,,,,,,,,
Limay,GS-B-00303,8/10/2024 9:49:27,,vaninapaola1981@gmail.com,Dinkendein norte 46,,,,,,,3584328720,,3,1,,No,0,No,0,No,.,No,.,Sí,Sí,No,,,,,,No,,,,No,...,No,,Sí,No,4,,,,,,,,
Limay,GS-B-00304,8/10/2024 9:49:31,,gnesuttamarcelo10@gmail.com,San Juan y goudar,,,,,,,3584365117,,1,0,,No,0,No,0,No,.,No,.,Sí,Sí,No,,,,,,No,No,No,,No,No,No,,No,No,4,,,,,,,,
Limay,GS-B-00305,8/10/2024 9:49:50,,moyanofacundo88@gmail.com,Dr carlos goudart 322,,,,,,,3584280048,,5,1,,No,0,No,0,No,.,No,.,Sí,Sí,No,,,,,,No,,,,No,Sí,Sí,Centro de salud,Sí,No,3,,,,,,,,
Limay,GS-B-00306,8/10/2024 9:50:07,,adriclucero2020@gmail.com,,,,,,,,,,3,0,,No,0,No,0,Sí,.,No,.,Sí,Sí,No,,,,,,No,No,No,,No,Sí,Sí,Dispensario 5,Sí,No,4,,,,,,,,
Limay,GS-B-00307,8/10/2024 9:50:20,,mariaeugeniasuarez861@gmail.com,Dinkendeil 390,,,,,,,358-4310059,,1,0,,No,0,No,0,No,.,No,.,Sí,Sí,No,,,,,,Sí,Sí,No,,No,///,No,,Sí,No,4,,,,,,,,
Limay,GS-B-00308,8/10/2024 9:50:25,,subsecretariadeninez@riocuarto.gov.ar,,,,,,,,,,2,0,,No,0,No,0,No,.,No,.,Sí,Sí,No,,,,,,No,,,,No,///,No,,No,No,4,,,,,,,,
Limay,GS-B-00309,8/10/2024 9:50:34,,maxibuch87@gmail.com,Guardias nacionales 1223,,,,,,,3585069249,,3,0,,No,0,No,0,No,.,No,.,Sí,Sí,No,,,,,,No,No,No,,No,Sí,Sí,,Sí,No,3,,,,,,,,
Limay,GS-B-00310,8/10/2024 9:51:06,,georgigomez66@gmail.com,Pedro N Rodríguez 455,,,,,,,,,2,0,,No,0,No,0,No,.,No,.,No,No,No,,,,,,Sí,Sí,No,,No,///,Sí,Centro de salud,No,No,3,,,,,,,,
Limay,GS-B-00311,8/10/2024 9:51:45,,jonha.costilla@gmail.com,Pasaje público casa 16,,,,,,,358155726657,,6,5,,No,0,No,0,Sí,.,Sí,.,Sí,Sí,No,,,,,,No,No,No,,No,Sí,Sí,Numero 5 Villa Dalcar,No,No,4,,,,,,,,
Limay,GS-B-00312,8/10/2024 9:52:22,,caricampodonico@gmail.com,Leopoldo Lugones 1157,,,,,,,3584017539,,4,0,,No,0,No,0,No,.,No,.,Sí,Sí,Sí,"Discapacidad múltiple: Se refiere a personas que presentan combinaciones de dos o más tipos de discapacidad, afectando diversas áreas de su vida.",Sí,No,,Debe estar en su casa por el momento,No,,,,No,Sí,Sí,S24 Alberdi,Sí,No,4,,,,,,,,
Limay,GS-B-00313,8/10/2024 9:53:28,,florcalneggia@gmail.com,,,,,,,,,,2,0,,No,0,No,0,No,.,No,.,Sí,Sí,No,,,,,,Sí,Sí,No,,No,///,No,,No,No,2,,,,,,,,
Limay,GS-B-00314,8/10/2024 9:55:09,,subse.nafriocuarto@gmail.com,,,,,,,,,,3,0,,No,0,No,0,Sí,.,No,.,Sí,Sí,No,,,,,,Sí,Sí,No,,No,///,No,,Sí,No,4,,,,,,,,
Limay,GS-B-00315,8/10/2024 9:56:21,,mariaeugeniasuarez861@gmail.com,Dinkendeil 396,,,,,,,,,2,0,,No,0,No,0,No,.,No,.,Sí,Sí,No,,,,,,Sí,Sí,No,,No,///,No,,Sí,No,4,,,,,,,,
Limay,GS-B-00316,8/10/2024 9:56:31,,subsecretariadeninez@riocuarto.gov.ar,,,,,,,,,,2,0,,No,0,No,0,No,.,No,.,Sí,Sí,No,,,,,,Sí,Sí,No,,No,///,No,,No,Sí,4,,,,,,,,
Limay,GS-B-00317,8/10/2024 9:56:38,,florentinmarysol@gmail.com,Calle pública casa 15,,,,,,,3584229810,,2,0,,No,0,No,0,No,.,No,.,Sí,Sí,Sí,"Discapacidad física: Incluye limitaciones en la movilidad y funciones físicas, como la paraplejia, amputaciones y trastornos del movimiento.",No,No,,No hay tiempo,No,No,No,,No,///,No,,No,No,2,,,,,,,,
Limay,GS-B-00318,8/10/2024 9:56:58,,bustamantecantellano@gmail.com,Goudard 132,,,,,,,,,2,0,,No,0,No,0,Sí,.,No,.,Sí,Sí,No,,,,,,Sí,Sí,No,Cp 6,No,Sí,Sí,Cp 6,Sí,No,4,,,,,,,,
Limay,GS-B-00319,8/10/2024 9:57:10,,josefinaandres88@gmail.com,Perito moreno 1337,,,,,,,3585969048,,2,0,,No,0,No,0,Sí,.,No,.,Sí,Sí,No,,,,,,Sí,Sí,No,,No,///,No,,No,No,4,,,,,,,,
Limay,GS-B-00320,8/10/2024 9:57:27,,sarich1991@gmail.com,Publicitarios argentinos 235,,,,,,,3585080923,,3,0,,No,0,No,0,No,.,No,.,Sí,Sí,No,,,,,,No,,,,No,///,Sí,5,No,No,4,,,,,,,,
Limay,GS-B-00321,8/10/2024 10:00:28,,morenogisella825@gmail.com,Tulio Reyna 1161,,,,,,,,,2,2,,No,0,Sí,1,No,.,No,.,Sí,Sí,No,,,,,,Sí,Sí,No,,No,Sí,Sí,,No,No,4,,,,,,,,
Limay,GS-B-00322,8/10/2024 10:01:12,,valenpereletegui@gmail.com,Río Gallegos 251,,,,,,,,,6,3,,No,0,No,0,Sí,.,No,.,Sí,Sí,No,,,,,,No,No,No,,No,Sí,No,,No,No,3,,,,,,,,
Limay,GS-B-00323,8/10/2024 10:01:28,,franciscofabianfuentes@gmail.com,dilkendein norte 54,,,,,,,3585729664,,1,0,,Sí,1,No,0,No,.,No,.,Sí,No,No,,,,,,Sí,Sí,No,,No,Sí,No,no,No,No,4,,,,,,,,
Limay,GS-B-00324,8/10/2024 10:01:34,,jonha.costilla@gmail.com,Pasaje público casa 37,,,,,,,1139315808,,2,0,,No,0,No,0,No,.,No,.,Sí,No,No,,,,,,Sí,Sí,No,,No,///,Sí,Numero 5 villa dalcar,Sí,No,3,,,,,,,,
Limay,GS-B-00325,8/10/2024 10:01:41,,mateotosco303@gmail.com,1100 Lugones,,,,,,,,,3,1,,No,0,No,0,No,.,No,.,Sí,Sí,No,,,,,,Sí,No lo sé,No,,No,Sí,No,,No,No,4,,,,,,,,
Limay,GS-B-00326,8/10/2024 10:02:23,,marcros278@gmail.com,Fitz Roy 1283,,,,,,,3585754797,,2,0,,No,0,No,0,No,.,No,.,Sí,Sí,No,,,,,,No,No,,,No,///,Sí,Dispensario 5,No,No,4,,,,,,,,
Limay,GS-B-00327,8/10/2024 10:02:24,,subsecretariadeninez@riocuarto.gov.ar,,,,,,,,,,3,0,,No,0,No,0,No,.,No,.,Sí,Sí,No,,,,,,Sí,Sí,No,,No,///,No,,No,No,4,,,,,,,,
Limay,GS-B-00328,8/10/2024 10:03:40,,natyvgomez2011@gmail.com,L lugones 1134,,,,,,,3585705409,,6,4,,Sí,2,No,0,No,.,No,.,Sí,Sí,Sí,"Discapacidad múltiple: Se refiere a personas que presentan combinaciones de dos o más tipos de discapacidad, afectando diversas áreas de su vida.",Sí,No,,Hace actividades normales,Sí,Sí,No,,No,Sí,Sí,Dispensario 6,Sí,No,2,,,,,,,,
Limay,GS-B-00329,8/10/2024 10:03:59,,riquelmesergio965@gmail.com,Goudarr 141,,,,,,,,,4,2,,No,0,No,0,No,.,No,.,Sí,Sí,No,,,,,,No,No,No,,No,Sí,No,,No,No,4,,,,,,,,
Limay,GS-B-00330,8/10/2024 10:04:19,,mariaeugeniasuarez861@gmail.com,,,,,,,,,,2,0,,No,0,No,0,No,.,No,.,Sí,Sí,No,,,,,,Sí,Sí,No,,No,///,No,,No,No,4,,,,,,,,
Limay,GS-B-00331,8/10/2024 10:05:53,,delfinadehaes@gmail.com,Rio turbio casa 28,,,,,,,3585625133,,3,0,,No,0,Sí,2,Sí,.,Sí,.,Sí,No,Sí,"Discapacidad intelectual: Comprende condiciones que afectan el funcionamiento cognitivo y la capacidad de aprendizaje, como el síndrome de Down y otros trastornos del desarrollo intelectual.",Sí,No,,Por qué fue a luciérnagas y lo golpearon,Sí,Sí,No,,No,///,Sí,Dispensario lomitas de oro,Sí,No,3,,,,,,,,
Limay,GS-B-00332,8/10/2024 10:06:11,,soyflor618@gmail.com,Roma 1626,,,,,,,,,6,5,,No,0,No,0,No,.,No,.,Sí,Sí,No,,,,,,No,,,,No,Sí,Sí,Dispensario numero 5.,No,No,2,,,,,,,,
Limay,GS-B-00333,8/10/2024 10:07:45,,bustamantecantellano@gmail.com,Manuel Puebla,,,,,,,,,2,0,,No,0,No,0,No,.,No,.,Sí,Sí,No,,,,,,No,No,No,,No,///,No,,No,No,4,,,,,,,,
Limay,GS-B-00334,8/10/2024 10:08:33,,subsecretariadeninez@riocuarto.gov.ar,,,,,,,,,,3,1,,No,0,No,0,Sí,.,No,.,Sí,Sí,No,,,,,,No,,,,No,Sí,No,,No,No,4,,,,,,,,
Limay,GS-B-00335,8/10/2024 10:09:19,,b.balmaceda414@gmail.com,Fitz roi 1253,,,,,,,0358-155146714,,1,0,,No,0,No,0,No,.,No,.,Sí,Sí,No,,,,,,No,No,No,,No,No,Sí,Hospital publico,No,No,4,,,,,,,,
Limay,GS-B-00336,8/10/2024 10:09:51,,yamilagallardo79@gmail.com,,,,,,,,,,1,0,,No,0,No,0,No,.,No,.,Sí,Sí,No,,,,,,Sí,Sí,No,,No,///,No,,Sí,No,4,,,,,,,,
Limay,GS-B-00337,8/10/2024 10:10:20,,georgigomez66@gmail.com,Roma 1598,,,,,,,3585130495,,5,1,,No,0,No,0,Sí,.,No,.,Sí,Sí,No,,,,,,No,,,,No,Sí,Sí,Cp 5,No,No,4,,,,,,,,
Limay,GS-B-00338,8/10/2024 10:10:36,,sosaluisinaveronica@gmail.com,,,,,,,,,,2,0,,No,0,No,0,No,.,No,.,Sí,Sí,No,,,,,,Sí,Sí,No,,No,///,No,,No,No,4,,,,,,,,
Limay,GS-B-00339,8/10/2024 10:10:36,,adriclucero2020@gmail.com,,,,,,,,,,4,0,,No,0,No,0,No,.,No,.,Sí,Sí,No,,,,,,No,No,No,,No,Sí,No,,No,No,4,,,,,,,,
Limay,GS-B-00340,8/10/2024 10:10:49,,sarich1991@gmail.com,De las postas 1356,,,,,,,,Jesi14199@gmail.com,1,0,,No,0,No,0,No,.,No,.,Sí,Sí,No,,,,,,Sí,No,No,,No,///,Sí,5,No,No,4,,,,,,,,
Limay,GS-B-00341,8/10/2024 10:11:18,,mateotosco303@gmail.com,Leopoldo Lugones 186,,,,,,,,,4,0,,No,0,No,0,No,.,No,.,Sí,Sí,No,,,,,,Sí,Sí,No,,Sí,Sí,No,,No,No,4,,,,,,,,
Limay,GS-B-00342,8/10/2024 10:12:17,,veronicasolemu@gmail.com,,,,,,,,,,1,1,,Sí,1,Sí,1,No,.,No,.,Sí,Sí,No,,,,,,No,No,No,No,No,No,No,No,No,No,4,,,,,,,,
Limay,GS-B-00343,8/10/2024 10:12:39,,subse.nafriocuarto@gmail.com,rosamaeve023@yahoo.com.ar,,,,,,,,,1,0,,No,0,No,0,No,.,No,.,Sí,Sí,No,,,,,,Sí,Sí,No,No aplica,No,///,Sí,Dispensario lomitas de oro,Sí,No,4,,,,,,,,
Limay,GS-B-00502,8/10/2024 10:12:44,,mcrosetto224@gmail.com,Firtz Roy 825,,,,,,,,,2,0,,No,0,No,0,No,.,No,.,Sí,No,No,,,,,,Sí,Sí,No,,No,///,No,,Sí,No,4,,,,,,,,
Limay,GS-B-00503,8/10/2024 10:12:49,,riquelmesergio965@gmail.com,Manuel puebla 178,,,,,,,,,3,1,,No,0,No,0,No,.,No,.,Sí,Sí,No,,,,,,No,,,,No,Sí,No,,No lo sé,No,4,,,,,,,,
Limay,GS-B-00344,8/10/2024 10:12:54,,jonha.costilla@gmail.com,Pasaje público casa 34,,,,,,,3584831696,,2,0,,No,0,Sí,1,No,.,Sí,.,Sí,No,No,,,,,,Sí,Sí,No,,No,///,No,,Sí,No,2,,,,,,,,
Limay,GS-B-00504,8/10/2024 10:13:06,,mlbaldobino@gmail.com,Roma 1087,,,,,,,3585184772,,2,1,,No,0,No,0,No,.,No,.,Sí,Sí,No,,,,,,No,,,,No,Sí,Sí,Dispensario 4,No,No,4,,,,,,,,
Limay,GS-B-00505,8/10/2024 10:13:18,,josefinaandres88@gmail.com,Dinkeldein 112,,,,,,,,,1,0,,No,0,No,0,No,.,No,.,Sí,Sí,No,,,,,,Sí,Sí,No,,No,///,No,,No,No,4,,,,,,,,
Limay,GS-B-00506,8/10/2024 10:14:15,,bustamantecantellano@gmail.com,Gorudard 75,,,,,,,,,3,0,,No,0,No,0,No,.,No,.,Sí,Sí,No,,,,,,No,No,No lo sé,,No,///,No,,No,No,4,,,,,,,,
Limay,GS-B-00507,8/10/2024 10:14:51,,florentinmarysol@gmail.com,Calle pública casa 12,,,,,,,,,1,0,,No,0,No,0,No,.,No,.,Sí,Sí,No,,,,,,No,,,,No,///,No,,Sí,No,4,,,,,,,,
Limay,GS-B-00508,8/10/2024 10:15:08,,subsecretariadeninez@riocuarto.gov.ar,,,,,,,,,,4,2,,No,0,No,0,No,.,No,.,Sí,Sí,No,,,,,,No,,,,No,Sí,No,,No,No,4,,,,,,,,
Limay,GS-B-00509,8/10/2024 10:15:49,,delfinadehaes@gmail.com,Rio turbio casa 30,,,,,,,3585025495,,6,4,,No,0,No,0,Sí,.,Sí,.,Sí,No,No,,,,,,No,No,No,,No,Sí,Sí,Número 5,No,No,3,,,,,,,,
Limay,GS-B-00510,8/10/2024 10:16:44,,franciscofabianfuentes@gmail.com,fit Roy y estrada,,,,,,,,evelynoviedo70@gmail.com,1,1,,No,0,No,0,No,.,No,.,Sí,Sí,No,,,,,,No,No,No,,No,Sí,No,,Sí,No,4,,,,,,,,
Limay,GS-B-00511,8/10/2024 10:17:11,,caricampodonico@gmail.com,No desea,,,,,,,,,1,0,,No,0,No,0,No,.,No,.,Sí,No,No,,,,,,No,,,,No,///,Sí,Dispensario 6 o S24 de calle Mosconi,No,No,4,,,,,,,,
Limay,GS-B-00345,8/10/2024 10:18:40,,florcalneggia@gmail.com,,,,,,,,,,4,1,,No,0,No,0,No,.,No,.,Sí,Sí,No,,,,,,No,,,,No,Sí,No,,No,No,4,,,,,,,,
Limay,GS-B-00346,8/10/2024 10:19:08,,mariaeugeniasuarez861@gmail.com,Río Limay 253,,,,,,,,,1,0,,No,0,No,0,No,.,No,.,Sí,Sí,No,,,,,,Sí,Sí,No,,No,///,No,,No,No,4,,,,,,,,
Limay,GS-B-00512,8/10/2024 10:19:11,,toledohectorariel04@gmail.com,,,,,,,,,,4,1,,No,0,No,0,Sí,.,No,.,Sí,Sí,Sí,"Discapacidad física: Incluye limitaciones en la movilidad y funciones físicas, como la paraplejia, amputaciones y trastornos del movimiento.",Sí,No,,No sabe de las actividades que brindan,Sí,Sí,No,,No,Sí,Sí,6,Sí,No,3,,,,,,,,
Limay,GS-B-00513,8/10/2024 10:20:21,,josefinaandres88@gmail.com,Dinkwldein 148,,,,,,,,,5,3,,No,0,No,0,No,.,No,.,Sí,Sí,No,,,,,,No,,,,No,Sí,Sí,Asisten am 5,No,No,4,,,,,,,,
Limay,GS-B-00514,8/10/2024 10:20:54,,elgabiguz77@gmail.com,Lorenzo Figueroa 1677 (2),,,,,,,,,3,1,,No,0,No,0,No,.,No,.,Sí,Sí,No,,,,,,No,,,,No,Sí,No,,Sí,No,6,,,,,,,,
Limay,GS-B-00515,8/10/2024 10:21:43,,soyflor618@gmail.com,Roma 1514,,,,,,,,,1,1,,No,0,No,0,No,.,No,.,Sí,No,No,,,,,,No,No,,,No,///,Sí,Dispensario 14.,Sí,No,4,,,,,,,,
Limay,GS-B-00347,8/10/2024 10:21:54,,b.balmaceda414@gmail.com,Mugnaini 1198,,,,,,,3584290879,,6,2,,No,0,No,0,Sí,.,No,.,Sí,Sí,No,,,,,,Sí,Sí,No,No,No,Sí,Sí,Dispensario N6,Sí,No,3,,,,,,,,
Limay,GS-B-00348,8/10/2024 10:21:54,,a98olivera@gmail.com,Pedro nolasco Rodriguez 285,,,,,,,,lauritorti23@yahoo.com.ar,4,2,,No,0,No,0,No,.,No,.,Sí,Sí,No,,,,,,No,,,,No,Sí,No,,Sí,No,4,,,,,,,,
Limay,GS-B-00349,8/10/2024 10:23:13,,yamilagallardo79@gmail.com,,,,,,,,,,2,0,,No,0,No,0,No,.,No,.,Sí,Sí,No,,,,,,Sí,Sí,No,,No,///,No,,Sí,No,4,,,,,,,,
Limay,GS-B-00516,8/10/2024 10:24:14,,pereyrasoledad562@gmail.com,Estrada 128,,,,,,,3585020203,,3,1,,Sí,1,No,0,No,.,No,.,Sí,Sí,No,,,,,,No,No,No,,Sí,Sí,Sí,Cp 5 y cp3,No,No,4,,,,,,,,
Limay,GS-B-00517,8/10/2024 10:25:01,,subsecretariadeninez@riocuarto.gov.ar,,,,,,,,,,1,0,,No,0,No,0,No,.,No,.,Sí,Sí,No,,,,,,Sí,Sí,No,,No,///,No,,No,No,4,,,,,,,,
Limay,GS-B-00518,8/10/2024 10:25:01,,mcrosetto224@gmail.com,Estrada 98,,,,,,,3585733020,,5,1,,No,0,No,0,No,.,No,.,Sí,Sí,No,,,,,,No,No,No,,No,Sí,Sí,Cp 5,No,No,4,,,,,,,,
Limay,GS-B-00519,8/10/2024 10:25:08,,florentinmarysol@gmail.com,Calle pública casa 9,,,,,,,3584166988,,9,4,,Sí,1,No,0,Sí,.,No,.,Sí,Sí,Sí,Discapacidad sensorial: Agrupa la pérdida de capacidades auditivas (sordera) y visuales (ceguera y baja visión).,Sí,No,,No tiene información,Sí,Sí,No,,No,Sí,Sí,Dispensario 5,Sí,No,4,,,,,,,,
Limay,GS-B-00350,8/10/2024 10:25:24,,delfinadehaes@gmail.com,Rio Turbio casa 31,,,,,,,3584167427,,4,1,,No,0,No,0,No,.,No,.,Sí,Sí,No,,,,,,Sí,Sí,No,,No,Sí,Sí,Número 5,Sí,No,4,,,,,,,,
Limay,GS-B-00351,8/10/2024 10:25:53,,caricampodonico@gmail.com,,,,,,,,,,3,1,,No,0,No,0,No,.,No,.,Sí,Sí,No,,,,,,No,,,,No,Sí,No,,Sí,No,4,,,,,,,,
Limay,GS-B-00520,8/10/2024 10:26:43,,jonha.costilla@gmail.com,Pasaje público casa 34,,,,,,,,,2,0,,No,0,Sí,1,Sí,.,No,.,Sí,Sí,Sí,"Discapacidad psicosocial: Abarca trastornos mentales y emocionales que afectan la interacción social y la salud emocional, como la depresión, la ansiedad y la esquizofrenia.",Sí,No,,No conocemos,No,No,No,,No,///,Sí,Hospital,No,No,3,,,,,,,,
Limay,GS-B-00521,8/10/2024 10:26:48,,mariaeugeniasuarez861@gmail.com,Alonso 1378,,,,,,,,,2,0,,No,0,No,0,No,.,No,.,Sí,Sí,No,,,,,,Sí,Sí,No,,No,///,No,,No,No,4,,,,,,,,
Limay,GS-B-00522,8/10/2024 10:28:45,,georgigomez66@gmail.com,Rio turbio 470,,,,,,,,,2,0,,No,0,No,0,No,.,No,.,Sí,No,No,,,,,,Sí,Sí,Sí,Agec,No,///,No,,No,No,4,,,,,,,,
Limay,GS-B-00523,8/10/2024 10:29:45,,milseitz@gmail.com,Lugones 1562,,,,,,,,,2,0,,No,0,No,0,No,.,No,.,Sí,Sí,Sí,"Discapacidad física: Incluye limitaciones en la movilidad y funciones físicas, como la paraplejia, amputaciones y trastornos del movimiento.",No,No,,,Sí,Sí,No,,No,///,No,,No,No,4,,,,,,,,
Limay,GS-B-00524,8/10/2024 10:30:53,,mansilladariogustavo@gmail.com,Comisario medina 467,,,,,,,,,4,0,,No,0,No,0,No,.,No,.,No,No,Sí,Discapacidad sensorial: Agrupa la pérdida de capacidades auditivas (sordera) y visuales (ceguera y baja visión).,...,No,,No sale de hogar desde hace mucho tiempo,Sí,Sí,No,,No,///,Sí,Vecinal lomitas de oro,No,No,4,,,,,,,,
Limay,GS-B-00525,8/10/2024 10:31:29,,riquelmesergio965@gmail.com,Manuel puebla 1105,,,,,,,,,2,0,,No,0,No,0,No,.,No,.,Sí,No,No,,,,,,Sí,Sí,No,,No,///,No,,Sí,No,4,,,,,,,,
Limay,GS-B-00352,8/10/2024 10:31:56,,florentinmarysol@gmail.com,Las postas 1568 casa 1,,,,,,,,,5,0,,No,0,No,0,No,.,No,.,Sí,No,No,,,,,,Sí,Sí,No,,No,///,No,,Sí,No,3,,,,,,,,
Limay,GS-B-00353,8/10/2024 10:32:06,,josefinaandres88@gmail.com,,,,,,,,,,1,0,,No,0,No,0,No,.,No,.,Sí,Sí,No,,,,,,No,,,,No,///,No,,No,No,1,,,,,,,,
Limay,GS-B-00526,8/10/2024 10:33:03,,morenogisella825@gmail.com,,,,,,,,,,3,3,,No,0,No,0,No,.,No,.,Sí,Sí,No,,,,,,Sí,Sí,,,No,///,No,,Sí,No,2,,,,,,,,
Limay,GS-B-00527,8/10/2024 10:33:06,,mlbaldobino@gmail.com,Comisario Medina 459,,,,,,,3584181097,,2,0,,No,0,Sí,1,No,.,No,.,Sí,No,Sí,"Discapacidad física: Incluye limitaciones en la movilidad y funciones físicas, como la paraplejia, amputaciones y trastornos del movimiento.",No,No,,NO LE GUSTA,Sí,Sí,No,,No,Sí,No,,No,No,4,,,,,,,,
Limay,GS-B-00528,8/10/2024 10:34:10,,subsecretariadeninez@riocuarto.gov.ar,,,,,,,,,,1,0,,No,0,No,0,No,.,No,.,Sí,Sí,No,,,,,,Sí,Sí,Sí,La vecinal,No,///,No,,No,No,4,,,,,,,,
Limay,GS-B-00529,8/10/2024 10:34:49,,a98olivera@gmail.com,Lorenzo s Figueroa 1546,,,,,,,,,4,2,,No,0,No,0,Sí,.,No,.,Sí,Sí,No,,,,,,No,,,,No,Sí,Sí,N 5,No,No,4,,,,,,,,
Limay,GS-B-00354,8/10/2024 10:35:11,,mariaeugeniasuarez861@gmail.com,Alonso 1346,,,,,,,,,4,2,,No,0,No,0,No,.,No,.,Sí,Sí,No,,,,,,No,,,,No,Sí,Sí,2,Sí,No,4,,,,,,,,
Limay,GS-B-00530,8/10/2024 10:37:05,,florcalneggia@gmail.com,,,,,,,,,,4,1,,No,0,No,0,No,.,No,.,Sí,Sí,No,,,,,,Sí,Sí,No,,No,///,No,,Sí,No,4,,,,,,,,
Limay,GS-B-00531,8/10/2024 10:37:24,,sosaluisinaveronica@gmail.com,Cerro fitz roy 1139,,,,,,,,,1,0,,No,0,No,0,No,.,No,.,Sí,Sí,No,,,,,,Sí,Sí,No,,No,///,No,,Sí,No,4,,,,,,,,
Limay,GS-B-00532,8/10/2024 10:37:50,,sarich1991@gmail.com,,,,,,,,,,4,2,,No,0,No,0,No,.,No,.,Sí,Sí,No,,,,,,Sí,Sí,No,,No,Sí,Sí,6,No,No,4,,,,,,,,
Limay,GS-B-00533,8/10/2024 10:38:15,,adriclucero2020@gmail.com,,,,,,,,,,5,0,,No,0,No,0,No,.,No,.,Sí,Sí,No,,,,,,No,No,No,,No,Sí,No,,Sí,No,3,,,,,,,,
Limay,GS-B-00355,8/10/2024 10:38:48,,subsecretariadeninez@riocuarto.gov.ar,,,,,,,,,,4,0,,No,0,No,0,No,.,No,.,Sí,Sí,No,,,,,,No,,,,No,///,No,,No,No,4,,,,,,,,
Limay,GS-B-00356,8/10/2024 10:38:51,,natyvgomez2011@gmail.com,L lugones 1488,,,,,,,,,2,0,,No,0,No,0,No,.,No,.,Sí,Sí,No,,,,,,No,No,No,,Sí,///,No,,No,No,4,,,,,,,,
Limay,GS-B-00534,8/10/2024 10:39:11,,jonha.costilla@gmail.com,De las postas 1520 casa 4,,,,,,,358156547028,,5,4,,No,0,Sí,1,Sí,.,No,.,Sí,Sí,Sí,"Discapacidad psicosocial: Abarca trastornos mentales y emocionales que afectan la interacción social y la salud emocional, como la depresión, la ansiedad y la esquizofrenia.",No,No,,Porque no tiene el carnet,No,,,,No,Sí,Sí,Dispensario numero 6,No,No,4,,,,,,,,
Limay,GS-B-00535,8/10/2024 10:39:34,,soyflor618@gmail.com,Rio Turbio 486,,,,,,,,,1,0,,No,0,No,0,No,.,No,.,Sí,No,No,,,,,,Sí,Sí,No,,No,///,No,,Sí,No,3,,,,,,,,
Limay,GS-B-00357,8/10/2024 10:40:29,,georgigomez66@gmail.com,Leopoldo Lugones 1511,,,,,,,,,1,0,,No,0,No,0,No,.,No,.,Sí,No,No,,,,,,No,,,,No,///,Sí,Cp 7,No,No,3,,,,,,,,
Limay,GS-B-00536,8/10/2024 10:41:50,,morenogisella825@gmail.com,,,,,,,,,,2,2,,No,0,No,0,No,.,No,.,Sí,Sí,No,,,,,,Sí,Sí,No,,No,///,No,,Sí,No,4,,,,,,,,
Limay,GS-B-00537,8/10/2024 10:42:12,,josefinaandres88@gmail.com,1186 buena vista,,,,,,,,,1,0,,No,0,No,0,No,.,No,.,Sí,No,Sí,"Discapacidad física: Incluye limitaciones en la movilidad y funciones físicas, como la paraplejia, amputaciones y trastornos del movimiento.",No,No,,,Sí,Sí,No,,No,///,No,,Sí,No,1,,,,,,,,
Limay,GS-B-00538,8/10/2024 10:42:42,,florentinmarysol@gmail.com,Pasaje la posta 1543,,,,,,,3585148302,,6,2,,No,0,No,0,No,.,No,.,Sí,Sí,No,,,,,,No,,,,No,Sí,Sí,Dispensario 5,Sí,No,2,,,,,,,,
Limay,GS-B-00358,8/10/2024 10:43:08,,mariaeugeniasuarez861@gmail.com,Alonso 1324,,,,,,,,,2,0,,No,0,No,0,No,.,No,.,Sí,Sí,No,,,,,,Sí,Sí,Sí,Peam,No,///,No,,No,No,4,,,,,,,,
Limay,GS-B-00539,8/10/2024 10:45:19,,florcalneggia@gmail.com,,,,,,,,,,3,1,,No,0,No,0,No,.,Sí,.,Sí,Sí,Sí,"Discapacidad intelectual: Comprende condiciones que afectan el funcionamiento cognitivo y la capacidad de aprendizaje, como el síndrome de Down y otros trastornos del desarrollo intelectual.",Sí,Sí,Deporte,,No,,,,No,Sí,Sí,S24 sur,No,No,4,,,,,,,,
Limay,GS-B-00540,8/10/2024 10:45:32,,toledohectorariel04@gmail.com,,,,,,,,,,5,1,,No,0,No,0,Sí,.,No,.,Sí,Sí,Sí,"Discapacidad intelectual: Comprende condiciones que afectan el funcionamiento cognitivo y la capacidad de aprendizaje, como el síndrome de Down y otros trastornos del desarrollo intelectual.",Sí,No,,Inserción laboral,No,,,,No,Sí,Sí,Centro de salud Municipal,Sí,No,3,,,,,,,,
Limay,GS-B-00359,8/10/2024 10:45:48,,riquelmesergio965@gmail.com,Manuel puebla 1151,,,,,,,,,4,1,,No,0,No,0,No,.,No,.,Sí,Sí,Sí,"Discapacidad psicosocial: Abarca trastornos mentales y emocionales que afectan la interacción social y la salud emocional, como la depresión, la ansiedad y la esquizofrenia.",Sí,No,,Por recomendación neurologo,No,,,,No,Sí,No,,Sí,No,3,,,,,,,,
Limay,GS-B-00541,8/10/2024 10:46:34,,subsecretariadeninez@riocuarto.gov.ar,,,,,,,,,,4,0,,No,0,No,0,No,.,No,.,Sí,Sí,No,,,,,,Sí,Sí,Sí,,No,Sí,No,,Sí,No,4,,,,,,,,
Limay,GS-B-00360,8/10/2024 10:46:35,,josefinaandres88@gmail.com,,,,,,,,,,2,0,,No,0,No,0,No,.,No,.,Sí,Sí,No,,,,,,No,,,,No,///,No,8,No,No,4,,,,,,,,
Limay,GS-B-00542,8/10/2024 10:46:36,,a98olivera@gmail.com,Lorenzo S Figueroa 1561,,,,,,,,,5,0,,No,0,No,0,No,.,No,.,Sí,Sí,Sí,"Discapacidad múltiple: Se refiere a personas que presentan combinaciones de dos o más tipos de discapacidad, afectando diversas áreas de su vida.",No,No,,,Sí,Sí,No,,No,///,No,,No lo sé,No,4,,,,,,,,
Limay,GS-B-00361,8/10/2024 10:47:37,,jonha.costilla@gmail.com,Casa 6 De las postas 1526,,,,,,,3584120306,,4,2,,No,0,No,0,Sí,.,No,.,Sí,Sí,No,,,,,,No,,,,No,Sí,Sí,Dispensario numero 6,No,No,4,,,,,,,,
Limay,GS-B-00362,8/10/2024 10:48:18,,delfinadehaes@gmail.com,De las postas 'casa 8,,,,,,,3584312927,,2,0,,No,0,No,0,No,.,No,.,Sí,Sí,No,,,,,,Sí,Sí,No,,No,///,Sí,Lomitas de oro,Sí,No,4,,,,,,,,
Limay,GS-B-00543,8/10/2024 10:49:02,,subse.nafriocuarto@gmail.com,,,,,,,,,Oscarturino@yahoo.com.ar,2,0,,No,0,No,0,No,.,No,.,Sí,Sí,No,,,,,,Sí,Sí,No,,No,///,No,,No,No,4,,,,,,,,
Limay,GS-B-00544,8/10/2024 10:49:11,,sosaluisinaveronica@gmail.com,,,,,,,,,,1,0,,No,0,No,0,No,.,No,.,Sí,Sí,No,,,,,,Sí,Sí,Sí,Gral.paz,No,///,Sí,Dispensario 5,No,No,1,,,,,,,,
Limay,GS-B-00545,8/10/2024 10:50:57,,marcros278@gmail.com,Pasaje Carpani 285,,,,,,,3585414988,,3,1,,No,0,No,0,No,.,No,.,Sí,Sí,No,,,,,,No,No,No,,No,Sí,Sí,Cp,No,No,4,,,,,,,,
Limay,GS-B-00546,8/10/2024 10:52:46,,b.balmaceda414@gmail.com,Pasaje ricardo carpani 253,,,,,,,,,2,0,,No,0,No,0,No,.,No,.,Sí,Sí,No,,,,,,No,No,No,No,No,No,No,,No,No,4,,,,,,,,
Limay,GS-B-00363,8/10/2024 10:53:59,,florcalneggia@gmail.com,,,,,,,,,,4,1,,No,0,No,0,Sí,.,Sí,.,Sí,Sí,No,,,,,,Sí,Sí,No,,No,///,Sí,Dispensario 5,No,No,4,,,,,,,,
Limay,GS-B-00364,8/10/2024 10:55:18,,josefinaandres88@gmail.com,Mugnaini 1173,,,,,,,3586541122,,2,0,,No,0,No,0,No,.,No,.,Sí,Sí,No,,,,,,Sí,Sí,No,,No,///,No,,Sí,No,4,,,,,,,,
Limay,GS-B-00547,8/10/2024 10:55:56,,mansilladariogustavo@gmail.com,Comisario medina 458 dto interno,,,,,,,,,1,0,,No,0,No,0,No,.,No,.,No,No,Sí,"Discapacidad múltiple: Se refiere a personas que presentan combinaciones de dos o más tipos de discapacidad, afectando diversas áreas de su vida.",No,No,,,Sí,Sí,No,,No,///,No,,Sí,No,4,,,,,,,,
Limay,GS-B-00365,8/10/2024 10:56:06,,florentinmarysol@gmail.com,Rio turbio al 100 y de la posta,,,,,,,3584855489,,4,1,,No,0,No,0,No,.,No,.,Sí,Sí,No,,,,,,No,,,,No,Sí,No,,Sí,No,4,,,,,,,,
Limay,GS-B-00548,8/10/2024 10:57:12,,mateotosco303@gmail.com,Río limay 1661,,,,,,,,,4,2,,No,0,No,0,No,.,No,.,Sí,Sí,No,,,,,,No,No,No,,No,Sí,No,,No,No,4,,,,,,,,
Limay,GS-B-00549,8/10/2024 10:57:55,,franciscofabianfuentes@gmail.com,Pje Rocardo Carpani 200,,,,,,,3585088596,,1,0,,No,0,No,0,No,.,No,.,Sí,No,No,,,,,,No,No,No,,No,///,No,,No,No,4,,,,,,,,
Limay,GS-B-00366,8/10/2024 10:58:33,,jonha.costilla@gmail.com,Rio turbio y Juan islas,,,,,,,3584827880,,2,0,,No,0,No,0,No,.,No,.,Sí,No,No,,,,,,Sí,Sí,No,,No,///,No,,No,No,3,,,,,,,,
Limay,GS-B-00550,8/10/2024 11:00:09,,sosaluisinaveronica@gmail.com,Goudar y pjs sanci,,,,,,,,,7,4,,Sí,1,No,0,Sí,.,Sí,.,Sí,Sí,No,,,,,,No,,,,No,Sí,Sí,Dispensario 6,Sí,No,4,,,,,,,,
Limay,GS-B-00551,8/10/2024 11:00:28,,milseitz@gmail.com,Rio turbio y alonso,,,,,,,3585175200,,3,1,,Sí,1,No,0,No,.,Sí,.,Sí,Sí,No,,,,,,No,,,,No,Sí,Sí,Al 6,Sí,Sí,3,,,,,,,,
Limay,GS-B-00367,8/10/2024 11:02:28,,josefinaandres88@gmail.com,,,,,,,,,,4,1,,No,0,No,0,No,.,No,.,Sí,Sí,No,,,,,,Sí,Sí,No,,Sí,Sí,No,,Sí,No,2,,,,,,,,
Limay,GS-B-00552,8/10/2024 11:03:03,,marcros278@gmail.com,Pasaje Capanni 355,,,,,,,,,3,0,,No,0,No,0,No,.,No,.,Sí,Sí,Sí,"Discapacidad del aprendizaje: Incluye dificultades específicas de aprendizaje, como la dislexia y el trastorno por déficit de atención e hiperactividad (TDAH).",Sí,No,,,No,No,No,,No,///,Sí,Cp 3,No,No,4,,,,,,,,
Limay,GS-B-00368,8/10/2024 11:03:23,,sarich1991@gmail.com,,,,,,,,,,3,1,,No,0,No,0,No,.,No,.,Sí,Sí,No,,,,,,Sí,Sí,No,,No,Sí,Sí,Vecinal lomitas de oro,Sí,No,4,,,,,,,,
Limay,GS-B-00369,8/10/2024 11:05:31,,jonha.costilla@gmail.com,Pasaje público casa 15,,,,,,,358154121789,,1,0,,No,0,No,0,No,.,No,.,No,Sí,No,,,,,,Sí,No,No,,No,///,No,,No,No,4,,,,,,,,
Limay,GS-B-00370,8/10/2024 11:06:51,,yamilagallardo79@gmail.com,,,,,,,,,,2,0,,No,0,No,0,No,.,No,.,Sí,Sí,Sí,Discapacidad sensorial: Agrupa la pérdida de capacidades auditivas (sordera) y visuales (ceguera y baja visión).,No,No,,,Sí,Sí,No,,No,///,No,,No,No,4,,,,,,,,
Limay,GS-B-00371,8/10/2024 11:09:04,,josefinaandres88@gmail.com,1141 mugnaini,,,,,,,3584380731,,4,1,,No,0,No,0,No,.,No,.,Sí,Sí,No,,,,,,No,,,,No,Sí,No,,Sí,No,4,,,,,,,,
Limay,GS-B-00372,8/10/2024 11:09:23,,mlbaldobino@gmail.com,Leopoldo Lugones 1605,,,,,,,3585062208,,2,0,,No,0,No,0,No,.,No,.,Sí,Sí,No,,,,,,Sí,Sí,No,,No,///,Sí,Dispensario 3 o 5,Sí,No,4,,,,,,,,
Limay,GS-B-00373,8/10/2024 11:09:37,,morenogisella825@gmail.com,,,,,,,,,,1,1,,Sí,1,No,0,No,.,No,.,Sí,Sí,No,,,,,,No,No,,,No,///,Sí,24,No,No,4,,,,,,,,
Limay,GS-B-00553,8/10/2024 11:12:05,,florentinmarysol@gmail.com,Calle pública casa 20,,,,,,,358154285148,,3,1,,No,0,No,0,No,.,No,.,Sí,Sí,No,,,,,,No,,,,No,Sí,Sí,Banda Norte,Sí,No,3,,,,,,,,
Limay,GS-B-00374,8/10/2024 11:13:35,,caricampodonico@gmail.com,Alonso 1023,,,,,,,3585169039,,2,0,,No,0,No,0,No,.,No,.,Sí,Sí,No,,,,,,Sí,Sí,No,,No,///,No,,Sí,No,4,,,,,,,,
Limay,GS-B-00375,8/10/2024 11:14:17,,josefinaandres88@gmail.com,,,,,,,,,,2,1,,No,0,No,0,No,.,No,.,Sí,Sí,No,,,,,,No,,,,No,Sí,No,,No,No,4,,,,,,,,
Limay,GS-B-00554,8/10/2024 11:15:47,,florcalneggia@gmail.com,,,,,,,,,,2,0,,No,0,No,0,No,.,No,.,Sí,Sí,No,,,,,,Sí,Sí,No,,No,///,No,,No,No,4,,,,,,,,
Limay,GS-B-00555,8/10/2024 11:17:22,,sarich1991@gmail.com,,,,,,,,,alisandro220@gmail.com,2,0,,No,0,No,0,No,.,No,.,Sí,Sí,No,,,,,,Sí,No,No,,No,Sí,No,,Sí,No,4,,,,,,,,
Limay,GS-B-00376,8/10/2024 11:19:48,,josefinaandres88@gmail.com,Mugnaini 1129,,,,,,,3584013567,,6,3,,No,0,No,0,No,.,No,.,Sí,Sí,No,,,,,,No,,,,No,Sí,Sí,Centro de salud de la cabrwra,No,No,4,,,,,,,,
Limay,GS-B-00377,8/10/2024 11:22:41,,milseitz@gmail.com,Rio turbio 200,,,,,,,3584291272,,5,3,,No,0,No,0,Sí,.,Sí,.,Sí,Sí,No,,,,,,No,,,,No,Sí,Sí,5,No,No,2,,,,,,,,
Limay,GS-B-00556,8/10/2024 11:22:48,,delfinadehaes@gmail.com,Pasaje público casa 21,,,,,,,3584195056,,2,0,,No,0,No,0,No,.,No,.,Sí,Sí,No,,,,,,Sí,Sí,No,,No,///,Sí,Hospital,Sí,No,4,,,,,,,,
Limay,GS-B-00557,8/10/2024 11:23:32,,florentinmarysol@gmail.com,Calle pública casa 22,,,,,,,3584851761,,3,0,,No,0,No,0,Sí,.,No,.,Sí,Sí,Sí,"Discapacidad intelectual: Comprende condiciones que afectan el funcionamiento cognitivo y la capacidad de aprendizaje, como el síndrome de Down y otros trastornos del desarrollo intelectual.",Sí,Sí,TALLER PROYECTAR,,No,,,,No,///,Sí,Dispensario 5,Sí,Sí,3,,,,,,,,
Limay,GS-B-00558,8/10/2024 11:23:57,,florcalneggia@gmail.com,,,,,,,,,,1,0,,No,0,No,0,No,.,No,.,Sí,Sí,No,,,,,,Sí,Sí,Sí,En calle mendoza y buenos aires,No,///,No,,No,No,4,,,,,,,,
Limay,GS-B-00559,8/10/2024 11:24:22,,sosaluisinaveronica@gmail.com,Mugnaini 1126,,,,,,,,,10,5,,No,0,No,0,Sí,.,No,.,Sí,Sí,No,,,,,,No,,,,No,No,Sí,Dispensario 6,Sí,No,4,,,,,,,,
Limay,GS-B-00560,8/10/2024 11:26:45,,morenogisella825@gmail.com,,,,,,,,,,1,1,,Sí,1,Sí,1,No,.,No,.,Sí,Sí,No,,,,,,Sí,Sí,No,,No,///,Sí,S 24,No,No,4,,,,,,,,
Limay,GS-B-00561,8/10/2024 11:35:00,,florcalneggia@gmail.com,,,,,,,,,,3,1,,No,0,No,0,No,.,No,.,Sí,Sí,Sí,"Discapacidad múltiple: Se refiere a personas que presentan combinaciones de dos o más tipos de discapacidad, afectando diversas áreas de su vida.",No,No,,Tiene obra social,Sí,Sí,No,,No,Sí,No,,Sí,No,4,,,,,,,,
Limay,GS-B-00562,8/10/2024 11:39:06,,florcalneggia@gmail.com,,,,,,,,,,4,2,,No,0,No,0,No,.,No,.,Sí,Sí,No,,,,,,No,,,,No,Sí,Sí,Dispensario 6,No,No,4,,,,,,,,
Limay,GS-B-00563,8/10/2024 11:58:33,,milseitz@gmail.com,Rio limay y cerro catedral casa 14,,,,,,,3584643512,,3,0,,No,0,No,0,No,.,No,.,Sí,Sí,Sí,"Discapacidad física: Incluye limitaciones en la movilidad y funciones físicas, como la paraplejia, amputaciones y trastornos del movimiento.",Sí,No,,,No,,,,No,///,Sí,Al 6,Sí,No,2,,,,,,,,
Limay,GS-B-00564,8/10/2024 12:17:18,,delfinadehaes@gmail.com,Rio Turbio casa 30 interna,,,,,,,3584331900,,4,0,,No,0,No,0,No,.,No,.,Sí,Sí,No,,,,,,No,No,No,,No,Sí,Sí,5,No,No,4,,,,,,,,
Residencial Castelli 1,GS-B-00565,28/10/2024 8:52:38,,mateotosco303@gmail.com,Alcalde acosta 2050,,,,,,,,,4,1,,Sí,1,No,0,No,.,No,.,Sí,Sí,No,,,,,,No,No,No,,No,Sí,No,,Sí,No,4,,,,,,,,
Residencial Castelli 1,GS-B-00566,28/10/2024 8:55:18,,valenpereletegui@gmail.com,Ocampo 2717,,,,Rita Suárez,,,,,3,1,,No,0,No,0,No,.,No,.,Sí,Sí,No,,,,,,No,,,,No,Sí,Sí,3 y 7,Sí,No,4,,,,,,,,
Residencial Castelli 1,GS-B-00567,28/10/2024 9:01:29,,gnesuttamarcelo10@gmail.com,Pasaje mercedario 2080,,,,Marisa,,,3584901457,,1,0,,No,0,Sí,1,No,.,No,.,Sí,Sí,No,,,,,,No,,,,No,Sí,No,,No,No,4,,,,,,,,
Residencial Castelli 1,GS-B-00568,28/10/2024 9:02:06,,subse.nafriocuarto@gmail.com,Cesar milstein 1387,,,,Ramon vidal,,,3585171602,,4,1,,No,0,No,0,No,.,No,.,Sí,Sí,No,,,,,,Sí,Sí,No,,No,Sí,No,,No,No,4,,,,,,,,
Residencial Castelli 1,GS-B-00569,28/10/2024 9:03:17,,jonha.costilla@gmail.com,Trabajo y previsión 2456,,,,Natalia,,,,,4,2,,No,0,No,0,Sí,.,No,.,Sí,Sí,No,,,,,,No,,,,No,Sí,No,,No,No,4,,,,,,,,
Residencial Castelli 1,GS-B-00570,28/10/2024 9:04:25,,fernandocha156@gmail.com,,,,,No,,,,,2,0,,No,0,No,0,No,.,No,.,Sí,Sí,No,,,,,,Sí,Sí,No,No,No,///,No,No,No,No,2,,,,,,,,
Residencial Castelli 1,GS-B-00571,28/10/2024 9:06:28,,mateotosco303@gmail.com,1950 blas parera,,,,,,,,,2,0,,Sí,1,No,0,No,.,No,.,Sí,Sí,No,,,,,,No,No,No,,No,///,No,,No,Prefiero no decirlo,3,,,,,,,,
Residencial Castelli 1,GS-B-00572,28/10/2024 9:06:38,,milseitz@gmail.com,Silvina ocampo 2771,,,,Edgardo,,,3584310220,,3,1,,No,0,No,0,No,.,No,.,Sí,Sí,No,,,,,,No,No,No,,No,Sí,Sí,S24,No,No,4,,,,,,,,
Residencial Castelli 1,GS-B-00573,28/10/2024 9:08:14,,delfinadehaes@gmail.com,,,,,,,,,,4,2,,No,0,No,0,No,.,No,.,Sí,Sí,No,,,,,,No,,,,No,Sí,Sí,Número 7,No,No,4,,,,,,,,
Residencial Castelli 1,GS-B-00574,28/10/2024 9:09:47,,mariaeugeniasuarez861@gmail.com,,,,,Pje Banch 2449,,,,,4,2,,No,0,No,0,No,.,No,.,Sí,Sí,No,,,,,,No,,,,No,Sí,No,,No,No,4,,,,,,,,
Residencial Castelli 1,GS-B-00575,28/10/2024 9:11:24,,mateotosco303@gmail.com,Blas parera 1988,,,,,,,,,3,1,,Sí,1,No,0,No,.,No,.,Sí,Sí,No,,,,,,No,No,No,,No,Sí,Sí,,Sí,Prefiero no decirlo,4,,,,,,,,
Residencial Castelli 1,GS-B-00576,28/10/2024 9:12:33,,jonha.costilla@gmail.com,Trabajo y previsión 2480,,,,Franco,,,,Francopassirani@gmail.com,4,2,,No,0,No,0,No,.,No,.,Sí,Sí,No,,,,,,No,,,,Sí,Sí,Sí,Dispensario de Castelli,No,No,4,,,,,,,,
Residencial Castelli 1,GS-B-00577,28/10/2024 9:16:55,,csolfer12@gmail.com,Victoria ocampo 2890,,,,Denis,,,,,2,0,,Sí,1,No,0,No,.,No,.,Sí,Sí,No,,,,,,No,No,,,No,Sí,No,,No,No,5,,,,,,,,
Residencial Castelli 1,GS-B-00578,28/10/2024 9:16:56,,mariaeugeniasuarez861@gmail.com,Bach 2424,,,,,,,,,2,0,,No,0,No,0,No,.,No,.,Sí,Sí,No,,,,,,Sí,Sí,No,,No,///,No,,Sí,No,4,,,,,,,,
Residencial Castelli 1,GS-B-00579,28/10/2024 9:20:05,,yanelagaray29@gmail.com,Silvina y Victoria Ocampo 2821,,,,Johana Quevedo,,,3585074022,,1,0,,No,0,No,0,No,.,No,.,Sí,Sí,No,,,,,,No,No,No,,No,///,No,,No,No,4,,,,,,,,
Residencial Castelli 1,GS-B-00580,28/10/2024 9:20:20,,jonha.costilla@gmail.com,Trabajo y previsión 2488,,,,Maria Lidia Maldonado,,,,,5,0,,No,0,No,0,No,.,No,.,Sí,Sí,No,,,,,,No,,,,No,Sí,No,,No,No,4,,,,,,,,
Residencial Castelli 1,GS-B-00581,28/10/2024 9:21:32,,natyvgomez2011@gmail.com,Suipacha 2158,,,,Ivana,,,3584333543,,7,1,,No,0,No,0,No,.,No,.,Sí,Sí,Sí,"Discapacidad física: Incluye limitaciones en la movilidad y funciones físicas, como la paraplejia, amputaciones y trastornos del movimiento.",Sí,No,,"No tiene movida ,en el barrio no hay actividad.",No,,No,,No,Sí,Sí,Nro 3,No,No,2,,,,,,,,
Residencial Castelli 1,GS-B-00582,28/10/2024 9:22:20,,gnesuttamarcelo10@gmail.com,Suipacha 2020,,,,estela mari,,,3584638846,,2,0,,No,0,Sí,1,No,.,No,.,Sí,Sí,No,,,,,,Sí,No,No,,No,///,No,,Sí,No,4,,,,,,,,
Residencial Castelli 1,GS-B-00378,28/10/2024 9:25:32,,delfinadehaes@gmail.com,Trabajo y previsión 2493,,,,Pablo,,,,,3,0,,No,0,No,0,No,.,No,.,Sí,Sí,No,,,,,,Sí,Sí,Sí,Artística privada,No,Sí,Sí,Centro salud cabrera,No,No,4,,,,,,,,
Residencial Castelli 1,GS-B-00583,28/10/2024 9:25:44,,carina.britos18@gmail.com,Bach 2355,,,,,,,,,2,0,,No,0,No,0,No,.,No,.,Sí,Sí,No,,,,,,Sí,Sí,Sí,Ilia,No,///,No,,No,No,4,,,,,,,,
Residencial Castelli 1,GS-B-00584,28/10/2024 9:26:10,,fernandocha156@gmail.com,,,,,Vilches hugo,,,358 6006877,,3,1,,No,0,No,0,No,.,No,.,Sí,Sí,No,,,,,,No,No,No,No,No,Sí,Sí,Asisten al dispensario numero 3,No,No,4,,,,,,,,
Residencial Castelli 1,GS-B-00585,28/10/2024 9:27:28,,mateotosco303@gmail.com,Suipacha 2028,,,,,,,,,5,2,,Sí,1,No,0,No,.,No,.,Sí,Sí,No,,,,,,No,No,No,,No,Sí,No,,No,No,4,,,,,,,,
Residencial Castelli 1,GS-B-00586,28/10/2024 9:28:44,,csolfer12@gmail.com,Victoria y silvina  ocampo 2712,,,,Luciano,,,,,4,2,,No,0,No,0,No,.,No,.,Sí,Sí,No,,,,,,No,No,No,,No,Sí,No,,No,No,4,,,,,,,,
Residencial Castelli 1,GS-B-00379,28/10/2024 9:29:19,,valenpereletegui@gmail.com,Jose Demarchi 1760,,,,Sergio Ocampo,,,,,5,1,,No,0,No,0,No,.,No,.,Sí,Sí,No,,,,,,No,,,,No,Sí,Sí,S24,No,No,4,,,,,,,,
Residencial Castelli 1,GS-B-00380,28/10/2024 9:30:34,,milseitz@gmail.com,M.teresa bacigalupo 1724,,,,Daniela,,,3586015983,,4,2,,No,0,No,0,No,.,No,.,Sí,Sí,No,,,,,,No,,,,No,Sí,Sí,S24 para vacunacion,No,No,4,,,,,,,,
Residencial Castelli 1,GS-B-00587,28/10/2024 9:31:32,,mariaeugeniasuarez861@gmail.com,Quenon 1827,,,,,,,,,6,1,,No,0,No,0,Sí,.,No,.,Sí,Sí,No,,,,,,Sí,Sí,No,,No,///,Sí,7,No,No,2,,,,,,,,
Residencial Castelli 1,GS-B-00588,28/10/2024 9:32:15,,carina.britos18@gmail.com,Quenon 1843,,,,,,,,,5,1,,No,0,No,0,No,.,No,.,Sí,No,No,,,,,,Sí,Sí,No,,No,Sí,No,,No,No,4,,,,,,,,
Residencial Castelli 1,GS-B-00589,28/10/2024 9:34:13,,yanelagaray29@gmail.com,𝗠𝗮𝗿í𝗮 Teresa Basigalupo,,,,Natalia Bufrini,,,3585486982,,4,2,,No,0,No,0,No,.,No,.,Sí,Sí,No,,,,,,No,No,No,,No,Sí,Sí,Dispensario 7 en San Eduardo,No,No,3,,,,,,,,
Residencial Castelli 1,GS-B-00381,28/10/2024 9:35:23,,mateotosco303@gmail.com,M lloveras 1900,,,,,,,,,2,0,,Sí,1,No,0,No,.,No,.,Sí,Sí,No,,,,,,No,No,No,,No,///,Sí,,No,No,4,,,,,,,,
Residencial Castelli 1,GS-B-00382,28/10/2024 9:35:57,,mariaeugeniasuarez861@gmail.com,Quenon 2355,,,,,,,,,3,1,,No,0,No,0,Sí,.,No,.,Sí,Sí,No,,,,,,No,,,,No,Sí,No,,No,No,4,,,,,,,,
Residencial Castelli 1,GS-B-00383,28/10/2024 9:38:15,,milseitz@gmail.com,M teresa guacigalupo 1732,,,,Belen,,,3584191040,,3,1,,No,0,No,0,No,.,No,.,Sí,Sí,No,,,,,,No,,,,No,Sí,Sí,S24,No,No,4,,,,,,,,
Residencial Castelli 1,GS-B-00384,28/10/2024 9:38:35,,jonha.costilla@gmail.com,Pasaje 12 de octubre 2479,,,,Maximo,,,,Maxipedrini@gmail.com,3,1,,No,0,No,0,No,.,No,.,Sí,Sí,No,,,,,,No,,,,No,Sí,No,,No,No,4,,,,,,,,
Residencial Castelli 1,GS-B-00385,28/10/2024 9:39:44,,delfinadehaes@gmail.com,,,,,Silvana gonzalez,,,,,6,4,,No,0,No,0,No,.,No,.,Sí,Sí,No,,,,,,No,,,,Sí,Sí,Sí,7,No,No,4,,,,,,,,
Residencial Castelli 1,GS-B-00590,28/10/2024 9:41:38,,fernandocha156@gmail.com,Marcos llovera 980,,,,Lucresia,,,358 4398858,,6,1,,No,0,Sí,1,No,.,No,.,Sí,Sí,No,,,,,,No,No,No,No,No,Sí,Sí,Asisten al dispensario n 3,No,Sí,1,,,,,,,,
Residencial Castelli 1,GS-B-00386,28/10/2024 9:43:55,,carina.britos18@gmail.com,Quenon 1557,,,,,,,,,6,1,,No,0,No,0,Sí,.,No,.,Sí,No,No,,,,,,Sí,Sí,Sí,Ilia,No,Sí,No,,No,No,4,,,,,,,,
Residencial Castelli 1,GS-B-00387,28/10/2024 9:44:05,,milseitz@gmail.com,Teresa bacigalupo 1813,,,,Agustin quinteros,,,3585124110,,1,0,,No,0,No,0,No,.,No,.,Sí,Sí,No,,,,,,No,,,,No,///,Sí,,No,No,3,,,,,,,,
Residencial Castelli 1,GS-B-00591,28/10/2024 9:45:04,,csolfer12@gmail.com,Bacigalupo 1796,,,,Paula,,,,,4,2,,No,0,No,0,No,.,No,.,Sí,Sí,No,,,,,,No,No,No,,No,Sí,No,,No,No,5,,,,,,,,
Residencial Castelli 1,GS-B-00388,28/10/2024 9:47:31,,yanelagaray29@gmail.com,Basigalupo 1797,,,,Mónica Colazo,,,3585091596,,3,0,,No,0,No,0,No,.,No,.,Sí,Sí,Sí,"Discapacidad física: Incluye limitaciones en la movilidad y funciones físicas, como la paraplejia, amputaciones y trastornos del movimiento.",No,No,,Está temporal en la casa. Está con los trámites de discapacidad.,Sí,No,No,,No,Sí,Sí,Centro de Salud Cabrera,No,Sí,4,,,,,,,,
Residencial Castelli 1,GS-B-00592,28/10/2024 9:49:04,,jonha.costilla@gmail.com,Pasaje 12 de octubre 2409,,,,Mauricio Borghi,,,3585173559,,4,2,,No,0,No,0,No,.,No,.,Sí,Sí,No,,,,,,No,,,,No,Sí,No,,No,No,4,,,,,,,,
Residencial Castelli 1,GS-B-00389,28/10/2024 9:50:49,,mariaeugeniasuarez861@gmail.com,12 de octubre 2340,,,,,,,,,3,0,,No,0,No,0,No,.,No,.,Sí,No,No,,,,,,Sí,Sí,No,,No,///,No,,Sí,No,4,,,,,,,,
Residencial Castelli 1,GS-B-00390,28/10/2024 9:51:54,,carina.britos18@gmail.com,Pje 12 de octubre 2333,,,,,,,,,5,3,,No,0,No,0,No,.,No,.,Sí,Sí,No,,,,,,No,,,,No,Sí,No,,No,No,4,,,,,,,,
Residencial Castelli 1,GS-B-00593,28/10/2024 9:59:03,,mariaeugeniasuarez861@gmail.com,12 de octubre 2390,,,,,,,,,4,1,,No,0,No,0,No,.,No,.,Sí,Sí,No,,,,,,No,,,,No,Sí,No,,No,No,4,,,,,,,,
Residencial Castelli 1,GS-B-00391,28/10/2024 10:00:31,,delfinadehaes@gmail.com,,,,,Daniela,,,,,4,1,,No,0,No,0,No,.,No,.,Sí,Sí,No,,,,,,No,,,,No,Sí,Sí,7,Sí,No,4,,,,,,,,
Residencial Castelli 1,GS-B-00594,28/10/2024 10:01:12,,carina.britos18@gmail.com,Pje12 de octubre 2349,,,,,,,,,2,0,,No,0,No,0,No,.,No,.,Sí,Sí,No,,,,,,No,,,,No,///,No,,No,No,4,,,,,,,,
Residencial Castelli 1,GS-B-00595,28/10/2024 10:01:34,,csolfer12@gmail.com,Rodillo walsh 1748,,,,Melina,,,,,5,1,,No,0,No,0,No,.,No,.,Sí,Sí,No,,,,,,No,No,No,,No,Sí,No,,No,No,4,,,,,,,,
Residencial Castelli 1,GS-B-00392,28/10/2024 10:03:23,,jonha.costilla@gmail.com,Cuenca 1534,,,,Lucrecia,,,3584908723,,3,1,,No,0,No,0,No,.,No,.,Sí,Sí,No,,,,,,No,,,,No,Sí,Sí,Dispensario Numero 7,Sí,No,4,,,,,,,,
Residencial Castelli 1,GS-B-00393,28/10/2024 10:11:39,,mariaeugeniasuarez861@gmail.com,Antonio Lucero 2367,,,,,,,,,2,0,,No,0,No,0,No,.,No,.,Sí,Sí,No,,,,,,Sí,Sí,No,,No,///,Sí,Hospital viejo,Sí,No,4,,,,,,,,
Residencial Castelli 1,GS-B-00596,28/10/2024 10:12:07,,csolfer12@gmail.com,Lubek8n 1704,,,,Sebastian,,,,,4,2,,No,0,No,0,No,.,No,.,Sí,Sí,No,,,,,,No,No,No,,No,Sí,No,,Sí,No,4,,,,,,,,
Residencial Castelli 1,GS-B-00597,28/10/2024 10:16:03,,carina.britos18@gmail.com,Antonio Lucero 2397,,,,,,,,,2,0,,No,0,No,0,No,.,No,.,Sí,Sí,No,,,,,,Sí,Sí,No,,No,///,No,,No,No,4,,,,,,,,
Residencial Castelli 1,GS-B-00394,28/10/2024 10:16:36,,milseitz@gmail.com,Juarez celman 1775,,,,Genero marcos,,,3584293359,,4,2,,No,0,No,0,No,.,No,.,Sí,Sí,No,,,,,,No,,,,No,Sí,No,,No,No,4,,,,,,,,
Residencial Castelli 1,GS-B-00395,28/10/2024 10:17:23,,mariaeugeniasuarez861@gmail.com,Antonio Lucero 2337,,,,,,,,,1,0,,No,0,No,0,No,.,No,.,Sí,Sí,Sí,"Discapacidad física: Incluye limitaciones en la movilidad y funciones físicas, como la paraplejia, amputaciones y trastornos del movimiento.",No,No,,,Sí,Sí,No,,No,///,No,,Sí,No,4,,,,,,,,
Residencial Castelli 1,GS-B-00396,28/10/2024 10:37:45,,jonha.costilla@gmail.com,Trabajo y previsión 2342,,,,Sebastian,,,,Sebatuer@yahoo.com,4,2,,No,0,No,0,No,.,No,.,Sí,Sí,No,,,,,,No,,,,No,Sí,Sí,Centro de salud de la calle Cabrera,No,No,4,,,,,,,,
Residencial Castelli 1,GS-B-00397,28/10/2024 10:48:25,,jonha.costilla@gmail.com,Trabajo y previsión 2350,,,,Jose,,,3586009291,,2,0,,No,0,No,0,No,.,No,.,Sí,Sí,No,,,,,,No,,,,No,///,No,,No,No,4,,,,,,,,
Residencial Castelli 1,GS-B-00398,28/10/2024 10:49:16,,delfinadehaes@gmail.com,,,,,Tamara,,,,,4,2,,No,0,No,0,No,.,No,.,Sí,Sí,No,,,,,,No,,,,No,Sí,Sí,11,No,No,4,,,,,,,,
Residencial Castelli 1,GS-B-00399,28/10/2024 11:00:58,,delfinadehaes@gmail.com,,,,,,,,,,3,1,,No,0,No,0,No,.,No,.,Sí,Sí,No,,,,,,No,,,,No,Sí,No,,No,No,4,,,,,,,,
Residencial Castelli 1,GS-B-00400,1/11/2024 8:56:04,,raulgaray327@gmail.com,Pasaje Atenas 2188,,,,,,,,,4,2,,No,0,No,0,No,.,No,.,Sí,Sí,No,,,,,,No,No,No,,No,Sí,No,,Sí,No,4,,,,,,,,
Residencial Castelli 1,GS-B-00401,1/11/2024 9:02:24,,mariaeugeniasuarez861@gmail.com,Pj Atenas 2172,,,,,,,,,2,0,,No,0,No,0,No,.,No,.,Sí,Sí,No,,,,,,Sí,Sí,No,,No,///,No,,No,No,4,,,,,,,,
Residencial Castelli 1,GS-B-00402,1/11/2024 9:03:29,,csolfer12@gmail.com,Demarchi 1720,,,,Pedro,,,,,2,2,,No,0,No,0,No,.,No,.,Sí,Sí,No,,,,,,Sí,Sí,No,,No,///,No,,No,No,1,,,,,,,,
Residencial Castelli 1,GS-B-00598,1/11/2024 9:04:02,,milseitz@gmail.com,Demarchi 1777,,,,,,,,,4,2,,No,0,No,0,No,.,No,.,Sí,Sí,No,,,,,,No,,,,No,Sí,Sí,S24,No,No lo sé,4,,,,,,,,
Residencial Castelli 1,GS-B-00403,1/11/2024 9:04:20,,raulgaray327@gmail.com,,,,,Valeria,,,,vale_5583@hotmail.com,4,1,,No,0,No,0,No,.,No,.,Sí,Sí,No,,,,,,No,No,No,,No,Sí,No,,No,No,4,,,,,,,,
Residencial Castelli 1,GS-B-00404,1/11/2024 9:07:50,,subse.nafriocuarto@gmail.com,,,,,,,,,,4,2,,No,0,No,0,No,.,No,.,Sí,Sí,No,,,,,,No,No,No,,No,Sí,No,,No,No,4,,,,,,,,
Residencial Castelli 1,GS-B-00599,1/11/2024 9:13:56,,milseitz@gmail.com,Jose demarchi 1763,,,,Maria alejandra lobos,,,,,1,0,,No,0,No,0,No,.,No,.,Sí,Sí,No,,,,,,No,No,No,,No,///,No,,No,No,4,,,,,,,,
Residencial Castelli 1,GS-B-00405,1/11/2024 9:22:49,,mariaeugeniasuarez861@gmail.com,,,,,Alejandra,,,,,3,1,,No,0,No,0,No,.,No,.,Sí,Sí,No,,,,,,No,,,,No,Sí,No,,No,No,4,,,,,,,,
Residencial Castelli 1,GS-B-00406,1/11/2024 9:23:14,,raulgaray327@gmail.com,,,,,,,,,ramoherrera14@gmail.com,3,1,,No,0,No,0,No,.,No,.,Sí,Sí,No,,,,,,No,No,No,,No,Sí,No,,Sí,No,4,,,,,,,,
Residencial Castelli 1,GS-B-00407,1/11/2024 9:28:54,,csolfer12@gmail.com,Dhermachi 1795,,,,Mario,,,3586545729,,4,2,,No,0,No,0,No,.,No,.,Sí,Sí,No,,,,,,No,No,,,No,Sí,Sí,Cerca del barrio,No,No,1,,,,,,,,
Residencial Castelli 1,GS-B-00408,1/11/2024 9:29:59,,subse.nafriocuarto@gmail.com,Rodolfo walsh 1642,,,,Natalia Fernandez,,,,,4,2,,No,0,No,0,No,.,No,.,Sí,Sí,No,,,,,,No,,,,No,Sí,No,,No,No,4,,,,,,,,
Residencial Castelli 1,GS-B-00409,1/11/2024 9:30:43,,subsecretariadelasmujeresrio4@gmail.com,Julio cortázar 2859,,,,Walter,,,3584901593,,2,0,,No,0,No,0,No,.,No,.,Sí,Sí,No,,,,,,No,No,No,,No,///,No,,No,No,4,,,,,,,,
Residencial Castelli 1,GS-B-00600,1/11/2024 9:31:14,,mariaeugeniasuarez861@gmail.com,Leyes obreras 1971,,,,Yesica,,,3584369440,,4,2,,No,0,No,0,No,.,No,.,Sí,Sí,No,,,,,,No,,,,No,Sí,No,,No,No,4,,,,,,,,
Residencial Castelli 1,GS-B-00410,1/11/2024 9:32:47,,milseitz@gmail.com,Demarchi 1837,,,,Celeste,,,154164178,,4,2,,No,0,No,0,No,.,No,.,Sí,Sí,No,,,,,,No,,,,No,Sí,Sí,Dispensario barrio san eduardo,Sí,No,3,,,,,,,,
Residencial Castelli 1,GS-B-00601,1/11/2024 9:34:50,,raulgaray327@gmail.com,,,,,Vanesa,,,,,2,0,,No,0,No,0,No,.,No,.,Sí,Sí,No,,,,,,No,No,No,,No,Sí,Sí,"Dispensario Nro 7 , calle Rioja",No,No,4,,,,,,,,
Residencial Castelli 1,GS-B-00602,1/11/2024 9:35:10,,jaelrolon1@gmail.com,Cortazar 2856,,,,Maria,,,,,2,0,,No,0,No,0,No,.,No,.,Sí,Sí,No,,,,,,No,No,,,No,///,No,,No,No,4,,,,,,,,
Residencial Castelli 1,GS-B-00411,1/11/2024 9:37:46,,mariaeugeniasuarez861@gmail.com,Pje Mercedario 2173,,,,Ezequiel,,,3584833104,,2,0,,No,0,No,0,No,.,No,.,Sí,Sí,No,,,,,,No,,,,No,///,No,,No,No,4,,,,,,,,
Residencial Castelli 1,GS-B-00412,1/11/2024 9:38:01,,subse.nafriocuarto@gmail.com,Rodolfo walsh 1671,,,,,,,,,4,0,,No,0,No,0,No,.,No,.,Sí,Sí,No,,,,,,No,,,,No,///,No,,Sí,No,4,,,,,,,,
Residencial Castelli 1,GS-B-00413,1/11/2024 9:42:23,,milseitz@gmail.com,San fransisco de sales 1854,,,,Jonatan lozano,,,3584127913,,4,0,,No,0,No,0,No,.,No,.,Sí,Sí,No,,,,,,No,,,,No,///,Sí,Barrio 400 viviendas,No,No,2,,,,,,,,
Residencial Castelli 1,GS-B-00414,1/11/2024 9:45:00,,raulgaray327@gmail.com,,,,,Juan,,,,atlseguridadelectronica@gmail.com,4,2,,Sí,4,No,0,No,.,No,.,Sí,Sí,No,,,,,,No,No,No,,No,Sí,No,,No,No,4,,,,,,,,
Residencial Castelli 1,GS-B-00603,1/11/2024 9:45:27,,csolfer12@gmail.com,San Francisco de sales 1838,,,,Patricia,,,,,4,4,,No,0,No,0,No,.,No,.,Sí,Sí,No,,,,,,Sí,Sí,No,,No,Sí,No,,No,No,4,,,,,,,,
Residencial Castelli 1,GS-B-00604,1/11/2024 9:47:43,,subsecretariadelasmujeresrio4@gmail.com,Julio cortázar 2905,,,,Luciana,,,3584848524,,2,2,,No,0,No,0,No,.,No,.,Sí,Sí,No,,,,,,No,No,No,,No,///,No,,No,No,4,,,,,,,,
Residencial Castelli 1,GS-B-00415,1/11/2024 9:48:42,,milseitz@gmail.com,San francisco de sales 1797,,,,Gladis,,,2604223111,,3,0,,No,0,No,0,No,.,No,.,Sí,Sí,No,,,,,,Sí,No,No,,No,///,Sí,Barrio san eduardo,No,No,4,,,,,,,,
Residencial Castelli 1,GS-B-00416,1/11/2024 9:51:40,,csolfer12@gmail.com,Juan Filloy 2892,,,,Marina,,,,,4,2,,No,0,No,0,No,.,No,.,Sí,Sí,No,,,,,,No,No,No,,No,Sí,No,,No,No,4,,,,,,,,
Residencial Castelli 1,GS-B-00417,1/11/2024 9:51:57,,mariaeugeniasuarez861@gmail.com,Juan V. Justo 1960,,,,Carla,,,,,3,1,,No,0,No,0,No,.,No,.,Sí,Sí,No,,,,,,No,,,,No,Sí,No,,No,No,4,,,,,,,,
Residencial Castelli 1,GS-B-00418,1/11/2024 9:56:56,,subsecretariadelasmujeresrio4@gmail.com,Julio cortázar 2929,,,,Camila,,,,soledad.camila.97@hotmail.com,2,0,,No,0,No,0,No,.,No,.,Sí,Sí,No,,,,,,No,No,No,,No,///,No,,No,No,4,,,,,,,,
Residencial Castelli 1,GS-B-00419,1/11/2024 9:57:58,,milseitz@gmail.com,Filloy 2874,,,,Vanesa borda,,,2625403729,,4,2,,No,0,No,0,No,.,No,.,Sí,Sí,No,,,,,,No,,,,No,Sí,No,,No,No,4,,,,,,,,
Residencial Castelli 1,GS-B-00420,1/11/2024 9:59:22,,csolfer12@gmail.com,Fontaneros 1704,,,,Gerardo,,,,,4,2,,No,0,No,0,No,.,No,.,Sí,Sí,No,,,,,,No,No,No,,No,No,No,,No,No,4,,,,,,,,
Residencial Castelli 1,GS-B-00605,1/11/2024 10:01:27,,mariaeugeniasuarez861@gmail.com,,,,,Elena,,,,,2,0,,No,0,No,0,No,.,No,.,Sí,Sí,No,,,,,,Sí,Sí,No,,No,///,No,,No,No,4,,,,,,,,
Residencial Castelli 1,GS-B-00421,1/11/2024 10:04:21,,milseitz@gmail.com,Fontanarrosa 1733,,,,Lorena,,,,,4,2,,No,0,No,0,No,.,No,.,Sí,Sí,No,,,,,,No,,,,No,Sí,No,,Sí,No,4,,,,,,,,
Residencial Castelli 1,GS-B-00422,1/11/2024 10:07:51,,melinacretton@gmail.com,José Demarchi 1536,,,,Eva,,,,eva_moran41@yahoo.com.ar,4,0,,No,0,No,0,No,.,No,.,Sí,Sí,No,,,,,,No,,,,No,///,Sí,Dispensario san Eduardo,Sí,No,4,,,,,,,,
Residencial Castelli 1,GS-B-00606,1/11/2024 10:08:23,,csolfer12@gmail.com,Fontanarrosa 1751,,,,Barbara,,,,,5,3,,No,0,No,0,No,.,No,.,Sí,Sí,No,,,,,,No,No,,,No,Sí,Sí,El del hospital,No,No,4,,,,,,,,
Residencial Castelli 1,GS-B-00423,1/11/2024 10:08:56,,milseitz@gmail.com,Fontanarroa 1728,,,,Marisa,,,,,3,2,,No,0,No,0,No,.,No,.,Sí,Sí,No,,,,,,No,,,,No,Sí,No,,No,No,4,,,,,,,,
Residencial Castelli 1,GS-B-00424,1/11/2024 10:15:56,,milseitz@gmail.com,Fontanarrosa 1783,,,,Carolina nigra,,,3585123565,,2,0,,No,0,No,0,No,.,No,.,Sí,Sí,No,,,,,,No,,,,No,///,Sí,Dispensario 3 cerca del colegio racedo,Sí,No,4,,,,,,,,
Residencial Castelli 1,GS-B-00425,1/11/2024 10:21:42,,subsecretariadelasmujeresrio4@gmail.com,Pasigalupo 1497,,,,Silvina,,,,silvinamunoz19@gmail.com,4,2,,No,0,No,0,No,.,No,.,Sí,Sí,Sí,"Discapacidad del aprendizaje: Incluye dificultades específicas de aprendizaje, como la dislexia y el trastorno por déficit de atención e hiperactividad (TDAH).",Sí,No,,No tengo información,No,,,,No,Sí,No,,No,No,4,,,,,,,,
Residencial Castelli 1,GS-B-00426,1/11/2024 10:26:55,,mateotosco303@gmail.com,Rodolfo Walsh 1567,,,,Facundo,,,2995895437,,1,0,,Sí,1,No,0,No,.,No,.,Sí,Sí,No,,,,,,No,No,No,,No,Sí,No,,No,No,4,,,,,,,,
Residencial Castelli 1,GS-B-00607,1/11/2024 10:27:44,,subsecretariadelasmujeresrio4@gmail.com,Rodolfo Walsh 1480,,,,Berta,,,3584197765,,4,2,,No,0,No,0,No,.,No,.,Sí,Sí,No,,,,,,No,,,,No,Sí,Sí,San Eduardo,Sí,No,4,,,,,,,,
Residencial Castelli 1,GS-B-00427,1/11/2024 10:30:51,,milseitz@gmail.com,Lainez 1781,,,,Ariadna,,,3586018254,,4,2,,No,0,No,0,No,.,No,.,Sí,Sí,No,,,,,,No,,,,No,Sí,Sí,Dispensario san eduardo,Sí,No,4,,,,,,,,
Residencial Castelli 1,GS-B-00428,1/11/2024 10:32:10,,mateotosco303@gmail.com,Rodolfo Walsh 1555,,,,,,,,,3,0,,Sí,1,No,0,No,.,No,.,Sí,Sí,No,,,,,,Sí,Sí,No,,No,Sí,No,,No,No,4,,,,,,,,
Residencial Castelli 1,GS-B-00608,1/11/2024 10:39:39,,mateotosco303@gmail.com,Basigalupo 1524,,,,,,,,,2,1,,Sí,1,No,0,No,.,No,.,Sí,Sí,No,,,,,,No,,,,No,Sí,No,,No,No,4,,,,,,,,
Residencial Castelli 1,GS-B-00429,1/11/2024 10:40:53,,subsecretariadelasmujeresrio4@gmail.com,Miguel Cane 2990,,,,Jorgelina,,,,,3,1,,No,0,No,0,No,.,No,.,Sí,Sí,No,,,,,,No,No,,,No,Sí,No,,No,No,4,,,,,,,,
Residencial Castelli 1,GS-B-00430,1/11/2024 10:55:05,,subsecretariadelasmujeresrio4@gmail.com,Alberto Lubetkin 1447,,,,Mario,,,,,3,0,,No,0,No,0,No,.,No,.,Sí,Sí,Sí,"Discapacidad física: Incluye limitaciones en la movilidad y funciones físicas, como la paraplejia, amputaciones y trastornos del movimiento.",No lo sé,No,,No sabe,Sí,Sí,No,,No,///,No,,No,No,4,,,,,,,,
Residencial Castelli 1,GS-B-00431,1/11/2024 10:57:18,,mateotosco303@gmail.com,Calle basigalupo almacén,,,,,,,,,2,0,,Sí,1,No,0,No,.,No,.,Sí,Sí,No,,,,,,Sí,Sí,No,,No,///,No,,Sí,No,4,,,,,,,,
Residencial Castelli 1,GS-B-00432,1/11/2024 11:05:26,,mateotosco303@gmail.com,Jose demarchi 1604,,,,,,,,,4,0,,Sí,1,No,0,No,.,No,.,Sí,Sí,No,,,,,,No,,,,No,///,No,,No,No,1,,,,,,,,
Residencial Castelli 1,GS-B-00433,1/11/2024 11:09:08,,subsecretariadelasmujeresrio4@gmail.com,Lucia Placci de Zorzin 2885,,,,Mariana,,,,maryfranarias@gmail.com,4,2,,Sí,1,No,0,No,.,No,.,Sí,Sí,No,,,,,,No,No,No,,No,Sí,Sí,14,No,No,4,,,,,,,,
Residencial Castelli 1,GS-B-00434,1/11/2024 11:09:38,,melinacretton@gmail.com,René Favaloro 1416,,,,Valeria,,,3585074527,,3,0,,No,0,No,0,No,.,No,.,Sí,Sí,No,,,,,,Sí,Sí,No,,No,Sí,No,San Eduardo,Sí,No,4,,,,,,,,
Residencial Castelli 1,GS-B-00435,1/11/2024 11:15:23,,mateotosco303@gmail.com,Jose demarchi 1569,,,,Mariana,,,,,4,1,,Sí,1,No,0,No,.,No,.,Sí,Sí,No,,,,,,No,,,,No,Sí,No,,No,No,4,,,,,,,,
Residencial Castelli 1,GS-B-00436,1/11/2024 11:15:58,,subsecretariadelasmujeresrio4@gmail.com,Zorzin 2875,,,,Cintia,,,,cinbgonzalez2000@gmail.com,4,0,,No,0,No,0,No,.,No,.,Sí,Sí,Sí,"Discapacidad física: Incluye limitaciones en la movilidad y funciones físicas, como la paraplejia, amputaciones y trastornos del movimiento.",Sí,No,,No necesita,No,,,,No,///,No,,Sí,No,4,,,,,,,,
Residencial Castelli 1,GS-B-00437,1/11/2024 11:25:44,,melinacretton@gmail.com,Zolzin 815,,,,Fanny,,,2584014567,,2,0,,No,0,No,0,No,.,No,.,Sí,Sí,No,,,,,,Sí,Sí,,,No,Sí,Sí,Centro de salud,Sí,No,4,,,,,,,,
Residencial Castelli 1,GS-B-00438,1/11/2024 11:30:10,,mateotosco303@gmail.com,Fontanarrosa 1645,,,,Celeste,,,,,5,3,,No,0,No,0,No,.,No,.,Sí,Sí,No,,,,,,No,,,,No,Sí,Sí,,No,No,4,,,,,,,,
Residencial Castelli 1,GS-B-00439,1/11/2024 11:37:45,,mateotosco303@gmail.com,Jose Mujica lainez1600,,,,,,,,,2,1,,Sí,1,No,0,No,.,No,.,Sí,Sí,No,,,,,,No,,,,No,Sí,No,,No,No,4,,,,,,,,
Residencial Castelli 1,GS-B-00440,1/11/2024 11:48:40,,mateotosco303@gmail.com,Filloy 2913,,,,Víctor Ruben godoy,,,,,2,0,,Sí,1,No,0,No,.,No,.,Sí,No,No,,,,,,Sí,Sí,No,,No,///,No,,Sí,No,4,,,,,,,,
Alberdi Norte (Oncativo),GS-B-00441,5/11/2024 8:57:00,,raulgaray327@gmail.com,...,,,,Nilda Del Carmen Gutiérrez ,,,...,,5,3,,Sí,1,No,0,No,///,No,///,Sí,No,No,///,///,///,///,///,No,///,///,///,No,Sí,Sí,Casa del Sol,No,No,4,,,,,,,,
Alberdi Norte (Oncativo),GS-B-00442,5/11/2024 8:57:13,,subsecretariadeninez@riocuarto.gov.ar,Oncativo 207,,,,Eredia micaela ,,,...,,5,3,,No,0,No,0,No,///,No,///,Sí,Sí,No,///,///,///,///,///,Sí,Sí,No,///,No,Sí,Sí,Casa del Sol,No,No,4,,,,,,,,
Alberdi Norte (Oncativo),GS-B-00443,5/11/2024 8:57:21,,milseitz@gmail.com,Chacabuco 136,,,,Juana campos,,,3584125301,,2,0,,No,0,No,0,No,///,No,///,Sí,Sí,No,///,///,///,///,///,No,///,///,///,No,///,No,///,Sí,No,2,,,,,,,,
Alberdi Norte (Oncativo),GS-B-00444,5/11/2024 8:59:55,,mateotosco303@gmail.com,Chacabuco 227,,,,Díaz jacinto Nicolas ,,,3491416141,,4,2,,Sí,1,No,0,No,///,No,///,Sí,Sí,No,///,///,///,///,///,Sí,Sí,No,///,No,Sí,No,///,No,Prefiero no decirlo,2,,,,,,,,
Alberdi Norte (Oncativo),GS-B-00445,5/11/2024 9:02:36,,csolfer12@gmail.com,Tucuman 835,,,,Braian,,,...,,3,0,,No,0,No,0,No,///,No,///,Sí,Sí,No,///,///,///,///,///,Sí,Sí,No,///,No,Sí,No,///,No,No,2,,,,,,,,
Alberdi Norte (Oncativo),GS-B-00446,5/11/2024 9:03:41,,milseitz@gmail.com,Tucuman 820,,,,Benicio romero,,,...,,3,2,,No,0,No,0,Sí,///,No,///,Sí,Sí,No,///,///,///,///,///,No,///,///,///,No,Sí,Sí,S24 Alberdi,No,No,3,,,,,,,,
Alberdi Norte (Oncativo),GS-B-00447,5/11/2024 9:04:35,,gnesuttamarcelo10@gmail.com,Chacabuco 205,,,,Cuello Ramón Anibal,,,...,,1,0,,Sí,1,No,0,Sí,///,Sí,///,No,No,No,///,///,///,///,///,Sí,Sí,No,///,No,///,Sí,S24 Alberdi,Sí,No,1,,,,,,,,
Alberdi Norte (Oncativo),GS-B-00448,5/11/2024 9:04:53,,delfinadehaes@gmail.com,...,,,,...,,,...,,5,3,,No,0,No,0,Sí,///,Sí,///,Sí,Sí,No,///,///,///,///,///,No,///,///,///,No,Sí,Sí,CAPS 4,No,No,2,,,,,,,,
Alberdi Norte (Oncativo),GS-B-00449,5/11/2024 9:05:38,,jorgelinaavila17@gmail.com,Av las Américas 763,,,,Teresa,,,3585006420,,6,3,,Sí,1,No,0,No,///,No,///,Sí,Sí,No,///,///,///,///,///,No,///,///,///,No,Sí,Sí,Casa del Sol,Sí,No,2,,,,,,,,
Alberdi Norte (Oncativo),GS-B-00450,5/11/2024 9:05:41,,subsecretariadeninez@riocuarto.gov.ar,Oncativo 211,,,,Juan jose aguaero,,,...,,3,0,,No,0,Sí,1,Sí,///,No,///,Sí,No,Sí,Intelectual,No,No,///,...,Sí,Sí,No,///,No,///,Sí,Casa del Sol,Sí,No,2,,,,,,,,
Alberdi Norte (Oncativo),GS-B-00451,5/11/2024 9:07:50,,gferrer214@gmail.com,...,,,,Laura Gonez,,,...,,3,1,,Sí,1,No,0,Sí,///,No,///,Sí,No,No,///,///,///,///,///,No,///,///,///,No,Sí,Sí,.,No,No,2,,,,,,,,
Alberdi Norte (Oncativo),GS-B-00452,5/11/2024 9:08:29,,csolfer12@gmail.com,Tucuman 883,,,,Romina,,,...,,2,0,,No,0,No,0,Sí,///,No,///,Sí,Sí,No,///,///,///,///,///,No,///,///,///,No,Sí,Sí,CAPS 9,No,No,4,,,,,,,,
Alberdi Norte (Oncativo),GS-B-00453,5/11/2024 9:09:47,,mateotosco303@gmail.com,Chacabuco 249,,,,Sharon ,,,...,,3,1,,Sí,1,No,0,.,///,No,///,Sí,Sí,No,///,///,///,///,///,No,///,///,///,.,Sí,Sí,.,No,Prefiero no decirlo,3,,,,,,,,
Alberdi Norte (Oncativo),GS-B-00454,5/11/2024 9:10:09,,fernandocha156@gmail.com,Tucuman 817,,,,Cecilia elisondo ,,,...,,5,1,,No,0,No,0,Sí,///,No,///,Sí,Sí,No,///,///,///,///,///,Sí,Sí,Sí,.,No,Sí,Sí,S24 Alberdi,No,No,4,,,,,,,,
Alberdi Norte (Oncativo),GS-B-00455,5/11/2024 9:12:53,,noezarate1978@gmail.com,Av América  700,,,,JESUS,,,3585715388,,7,4,,Sí,1,No,0,Sí,///,No,///,Sí,Sí,No,///,///,///,///,///,No,///,///,///,No,Sí,Sí,Casa del Sol,No,No,2,,,,,,,,
Alberdi Norte (Oncativo),GS-B-00456,5/11/2024 9:12:53,,raulgaray327@gmail.com,...,,,,María Arabel,,,...,,10,5,,No,0,Sí,1,Sí,///,No,///,Sí,SÍ,No,///,///,///,///,///,Sí,Sí,No,///,No,Sí,Sí,Casa del Sol,Sí,No,4,,,,,,,,
Alberdi Norte (Oncativo),GS-B-00457,5/11/2024 9:13:41,,natyvgomez2011@gmail.com,...,,,,Debora ,,,3585162765,,6,5,,No,0,Sí,1,Sí,///,Sí,///,Sí,Sí,No,///,///,///,///,///,No,///,///,///,No,Sí,Sí,Casa del Sol,Sí,No,2,,,,,,,,
Alberdi Norte (Oncativo),GS-B-00458,5/11/2024 9:15:44,,gferrer214@gmail.com,...,,,,Santos Jesús Carballo,,,...,,3,.,,No,0,No,0,No,///,No,///,No,No,No,///,///,///,///,///,Sí,No,No,///,No,Sí,No,///,Sí,No,4,,,,,,,,
Alberdi Norte (Oncativo),GS-B-00459,5/11/2024 9:18:44,,milseitz@gmail.com,Arguwllo 147,,,,Irusta marisa,,,154397007,,2,0,,No,0,No,0,No,///,No,///,Sí,Sí,No,///,///,///,///,///,No,///,///,///,No,///,No,///,No,No,2,,,,,,,,
Alberdi Norte (Oncativo),GS-B-00460,5/11/2024 9:19:29,,csolfer12@gmail.com,Pasaje Arguello 117,,,,Miguel angel,,,3512260943,,4,1,,No,0,No,0,Sí,///,No,///,Sí,Sí,Sí,Física,No,No,///,Movilidad,Sí,No,No,///,No,.,Sí,Casa del Sol,Sí,No,3,,,,,,,,
Alberdi Norte (Oncativo),GS-B-00461,5/11/2024 9:21:10,,mateotosco303@gmail.com,Chacabuco 253,,,,Erika ,,,...,,4,3,,Sí,1,No,0,No,///,No,///,Sí,No,No,///,///,///,///,///,No,///,///,///,No,Sí,Sí,.,No,No lo sé,2,,,,,,,,
Alberdi Norte (Oncativo),GS-B-00462,5/11/2024 9:21:11,,gnesuttamarcelo10@gmail.com,Chacabuco 220,,,,Gomes Marisa,,,3585140996,,4,3,,Sí,1,No,0,No,///,Sí,///,Sí,No,No,///,///,///,///,///,No,///,///,///,No,Sí,Sí,Casa del Sol,No,No,2,,,,,,,,
Alberdi Norte (Oncativo),GS-B-00463,5/11/2024 9:21:20,,subsecretariadeninez@riocuarto.gov.ar,Av américa 769,,,,Analia,,,...,,4,2,,No,0,No,0,Sí,///,Sí,///,Sí,Sí,No,///,///,///,///,///,No,///,///,///,No,Sí,Sí,Casa del Sol,No,No,4,,,,,,,,
Alberdi Norte (Oncativo),GS-B-00464,5/11/2024 9:23:23,,noezarate1978@gmail.com,Av América 709,,,,JOHANA,,,...,,6,4,,No,0,No,0,Sí,///,Sí,///,No,No,No,///,///,///,///,///,No,///,///,///,No,Sí,Sí,Casa del Sol,No,No,4,,,,,,,,
Alberdi Norte (Oncativo),GS-B-00465,5/11/2024 9:23:56,,jorgelinaavila17@gmail.com,Av las américas 713,,,,Jesica,,,3584874205,,6,3,,Sí,1,Sí,1,No,///,No,///,Sí,Sí,Sí,Sensorial,No,No,///,///,No,///,///,///,No,Sí,Sí,Casa del Sol,Sí,No,2,,,,,,,,
Alberdi Norte (Oncativo),GS-B-00466,5/11/2024 9:24:26,,fernandocha156@gmail.com,Pje arguello 156,,,,Enzo ochoa,,,358 3459760,,3,1,,No,0,No,0,No,///,No,///,Sí,Sí,No,///,///,///,///,///,No,No,No,///,No,Sí,Sí,S24 Alberdi,No,No,2,,,,,,,,
Alberdi Norte (Oncativo),GS-B-00467,5/11/2024 9:25:14,,delfinadehaes@gmail.com,Av las américas 715,,,,Patricia aguirre,,,3584253372,,3,2,,No,0,No,0,No,///,No,///,Sí,Sí,Sí,Múltiple,Sí,No,///,Va a un centro de día,No,///,///,///,No,Sí,No,Casa del Sol,Sí,No,4,,,,,,,,
Alberdi Norte (Oncativo),GS-B-00468,5/11/2024 9:25:53,,mateotosco303@gmail.com,Chacabuco 279,,,,Zulma,,,...,,1,0,,Sí,1,No,0,.,///,No,///,Sí,No,No,///,///,///,///,///,No,///,///,///,No,///,No,///,No,No,2,,,,,,,,
Alberdi Norte (Oncativo),GS-B-00469,5/11/2024 9:25:59,,milseitz@gmail.com,Arguello 199,,,,Raul molina,,,3585557615,,3,1,,No,0,No,0,Sí,///,No,///,Sí,Sí,No,///,///,///,///,///,Sí,Sí,.,///,No,Sí,Sí,.,No,No,4,,,,,,,,
Alberdi Norte (Oncativo),GS-B-00470,5/11/2024 9:29:19,,valenpereletegui@gmail.com,Barrancas pilar 15,,,,Santos Pedernera,,,...,,1,0,,No,0,Sí,1,Sí,///,Sí,///,No,No,No,///,///,///,///,///,Sí,Sí,No,///,No,Sí,Sí,Casa del Sol,Sí,No,1,,,,,,,,
Alberdi Norte (Oncativo),GS-B-00471,5/11/2024 9:30:16,,natyvgomez2011@gmail.com,Chacabuco 260,,,,Yamila,,,3584833316,,6,2,,Sí,1,Sí,1,Sí,///,No,///,Sí,No,No,///,///,///,///,///,No,///,///,///,No,Sí,Sí,Casa del Sol,No,Sí,2,,,,,,,,
Alberdi Norte (Oncativo),GS-B-00472,5/11/2024 9:30:47,,mateotosco303@gmail.com,Chacabuco 270,,,,Emiliano,,,...,,6,3,,Sí,1,No,0,No,///,No,///,No,No,No,///,///,///,///,///,Sí,Sí,Sí,///,No lo sé,No,Sí,...,No lo sé,No lo sé,2,,,,,,,,
Alberdi Norte (Oncativo),GS-B-00473,5/11/2024 9:31:42,,csolfer12@gmail.com,Pasaje Arguello,,,,...,,,154203575,,7,2,,No,0,No,0,No,///,No,///,Sí,Sí,Sí,Psicosocial,Sí,No,///,///,No,No,No,///,No,Sí,Sí,CAPS 9,Sí,No,4,,,,,,,,
Alberdi Norte (Oncativo),GS-B-00474,5/11/2024 9:32:05,,gnesuttamarcelo10@gmail.com,Chacabuco 220,,,,Marchesi Camila,,,3485724645,,3,2,,Sí,1,No,0,Sí,///,No,///,Sí,No,No,///,///,///,///,///,No,///,///,///,No,Sí,Sí,Casa del Sol,Sí,No,1,,,,,,,,
Alberdi Norte (Oncativo),GS-B-00475,5/11/2024 9:32:10,,gferrer214@gmail.com,...,,,,Jorge Marcelo arabel,,,...,,4,2,,No,0,No,0,Sí,///,No,///,Sí,Sí,No,///,///,///,///,///,No,///,///,///,No,Sí,Sí,Casa del Sol,No,No,4,,,,,,,,
Alberdi Norte (Oncativo),GS-B-00476,5/11/2024 9:32:41,,delfinadehaes@gmail.com,...,,,,...,,,...,,1,0,,No,0,No,0,No,///,No,///,Sí,Sí,No,///,///,///,///,///,No,///,///,///,No,Sí,Sí,CAPS 4,No,No,4,,,,,,,,
Alberdi Norte (Oncativo),GS-B-00477,5/11/2024 9:34:09,,noezarate1978@gmail.com,Av Las Américas 703,,,,Dalma,,,3584325048,,3,2,,Sí,1,Sí,1,Sí,///,Sí,///,Sí,Sí,No,///,///,///,///,///,No,///,///,///,No,Sí,Sí,Casa del Sol,No,No,2,,,,,,,,
Alberdi Norte (Oncativo),GS-B-00478,5/11/2024 9:34:37,,raulgaray327@gmail.com,...,,,,José luis,,,...,,3,...,,No,0,No,0,No,///,No,///,Sí,No,Sí,Sensorial,Sí,No,///,Tareas del hogar,No,///,///,///,No,Sí,Sí,Casa del Sol,No,No,4,,,,,,,,
Alberdi Norte (Oncativo),GS-B-00479,5/11/2024 9:37:25,,subsecretariadeninez@riocuarto.gov.ar,...,,,,...,,,...,,2,0,,No,0,No,0,Sí,...,Sí,...,Sí,No,No,///,///,///,///,///,Sí,Sí,No,///,No,///,Sí,Casa del Sol,No,No,2,,,,,,,,
Alberdi Norte (Oncativo),GS-B-00480,5/11/2024 9:37:49,,delfinadehaes@gmail.com,Av las américas 713,,,,Samantha veliz,,,3586019158,,2,1,,No,0,No,0,No,///,No,///,Sí,Sí,Sí,Múltiple,Sí,Sí,Centro de Día: Nuevo Día,///,No,///,///,///,No,Sí,Sí,Casa del Sol,No,No,4,,,,,,,,
Alberdi Norte (Oncativo),GS-B-00481,5/11/2024 9:39:12,,mateotosco303@gmail.com,Avenida costanera 833,,,,Soledad,,,...,,6,5,,Sí,1,No,0,No,///,Sí,...,Sí,Sí,No,///,///,///,///,///,No,///,///,///,No lo sé,Sí,Sí,...,Sí,No lo sé,2,,,,,,,,
Alberdi Norte (Oncativo),GS-B-00482,5/11/2024 9:41:28,,delfinadehaes@gmail.com,...,,,,...,,,...,,2,1,,No,0,No,0,Sí,...,No,///,Sí,Sí,No,///,///,///,///,///,No,///,///,///,No,Sí,Sí,Casa del Sol,No,No,4,,,,,,,,
Alberdi Norte (Oncativo),GS-B-00483,5/11/2024 9:42:50,,milseitz@gmail.com,Chacabuco 230,,,,Rincon gisela,,,3584858109,,4,2,,No,0,No,0,Sí,...,No,///,Sí,Sí,Sí,Física,No,No,///,Hace poco se la detectaron,No,///,///,///,No,Sí,Sí,Casa del Sol,No,No,2,,,,,,,,
Alberdi Norte (Oncativo),GS-B-00484,5/11/2024 9:43:21,,raulgaray327@gmail.com,...,,,,...,,,...,,5,1,,No,0,No,0,No,///,Sí,...,Sí,Sí,No,///,///,///,///,///,No,///,///,///,No,Sí,Sí,CAPS 4,No,No,2,,,,,,,,
Alberdi Norte (Oncativo),GS-B-00485,5/11/2024 9:44:00,,gnesuttamarcelo10@gmail.com,Pje Chacabuco 845,,,,Alanis María belen,,,3585188074,,5,1,,Sí,1,No,0,No,///,Sí,...,Sí,No,No,///,///,///,///,///,No,///,///,///,No,Sí,Sí,Casa del Sol,No,No,1,,,,,,,,
Alberdi Norte (Oncativo),GS-B-00486,5/11/2024 9:47:15,,natyvgomez2011@gmail.com,Av las América y chacabuco,,,,Melisa,,,3584248285,,8,5,,Sí,1,Sí,1,No,///,Sí,...,Sí,No,Sí,Física,Sí,No,///,///,No,///,///,///,No,Sí,Sí,Casa del Sol,No,No,4,,,,,,,,
Alberdi Norte (Oncativo),GS-B-00487,5/11/2024 9:47:19,,jorgelinaavila17@gmail.com,Av las américas 700,,,,Estaban,,,3585163393,,4,1,,No,0,No,0,No,///,No,///,Sí,Sí,No,///,///,///,///,///,No,///,///,///,No,Sí,No,///,No,No,4,,,,,,,,
Alberdi Norte (Oncativo),GS-B-00488,5/11/2024 9:47:30,,valenpereletegui@gmail.com,Manzana 7 lote 15vkiosco,,,,...,,,...,,4,1,,No,0,No,0,Sí,...,No,///,Sí,Sí,Sí,Psicosocial,Sí,No,///,///,Sí,Sí,No,///,No,Sí,No,///,Sí,No,1,,,,,,,,
Alberdi Norte (Oncativo),GS-B-00489,5/11/2024 9:54:38,,subsecretariadeninez@riocuarto.gov.ar,Chacabuco270,,,,...,,,...,,3,0,,No,0,No,0,No,///,No,///,Sí,No,No,///,///,///,///,///,No,///,///,///,No,No,Sí,Casa del sol,No,No,2,,,,,,,,
Alberdi Norte (Oncativo),GS-B-00490,5/11/2024 9:58:51,,mateotosco303@gmail.com,Chacabuco 270 Por pasaje,,,,Juan Ramón astrada,,,...,,3,0,,Sí,1,No,0,No,///,No,///,No,No,No,///,///,///,///,///,No,///,///,///,No lo sé,Sí,Sí,S24 Alberdi,No,No lo sé,1,,,,,,,,
Alberdi Norte (Oncativo),GS-B-00491,5/11/2024 9:59:21,,romanbritos091@gmail.com,Lote 8 Casa 12,,,,Centeno Juan Carlos,,,...,,1,0,,No,0,Sí,1,No,///,No,///,No,No,No,///,///,///,///,///,Sí,Sí,No,///,No,///,Sí,Casa del Sol,Sí,No,4,,,,,,,,
Alberdi Norte (Oncativo),GS-B-00492,5/11/2024 9:59:56,,noezarate1978@gmail.com,Av Costanera 724,,,,Alejandra,,,3584194880,,3,1,,No,0,No,0,Sí,...,No,///,Sí,Sí,No,///,///,///,///,///,No,///,///,///,No,Sí,Sí,Casa del Sol,No,No,4,,,,,,,,
Alberdi Norte (Oncativo),GS-B-00493,5/11/2024 10:00:05,,jorgelinaavila17@gmail.com,Av costanera 724,,,,Yamila,,,3585141011,,4,2,,No,0,No,0,No,///,No,///,Sí,Sí,No,///,///,///,///,///,No,///,///,///,No,Sí,Sí,Casa del Sol,No,No,2,,,,,,,,
Alberdi Norte (Oncativo),GS-B-00494,5/11/2024 10:01:22,,csolfer12@gmail.com,Oncativo pasaje interno,,,,Carolina,,,...,,4,2,,No,0,No,0,.,///,Sí,...,Sí,Sí,No,///,///,///,///,///,No,///,///,///,No,Sí,Sí,Casa del Sol,No,No,2,,,,,,,,
Alberdi Norte (Oncativo),GS-B-00495,5/11/2024 10:03:34,,milseitz@gmail.com,Chacabuco pilar 29,,,,Vixtoria aravena,,,3585616011,,6,4,,No,0,No,0,Sí,...,Sí,...,Sí,No,No,///,///,///,///,///,No,///,///,///,No,Sí,Sí,Casa del Sol,No,No,2,,,,,,,,
Alberdi Norte (Oncativo),GS-B-00496,5/11/2024 10:04:14,,raulgaray327@gmail.com,...,,,,Natalia Rivarola,,,3586546808,,3,2,,No,0,No,0,Sí,...,Sí,...,Sí,No,No,///,///,///,///,///,No,///,///,///,No,Sí,Sí,Casa del Sol,No,No,3,,,,,,,,
Alberdi Norte (Oncativo),GS-B-00497,5/11/2024 10:05:40,,mateotosco303@gmail.com,Chacabuco 270 por pasaje ,,,,Monica raquel benitez,,,...,,5,4,,No,0,.,///,Sí,...,Sí,...,Sí,Sí,No,///,///,///,///,///,No,///,///,///,No,Sí,Sí,Casa del Sol,No,No,2,,,,,,,,
Alberdi Norte (Oncativo),GS-B-00498,5/11/2024 10:10:54,,csolfer12@gmail.com,Oncativo costa de rio,,,,Florencia,,,...,,6,3,,No,0,No,0,Sí,///,Sí,...,No,No,No,///,///,///,///,///,No,///,///,///,No,Sí,Sí,Casa del Sol,No lo sé,Sí,2,,,,,,,,
Alberdi Norte (Oncativo),GS-B-00499,5/11/2024 10:11:29,,gnesuttamarcelo10@gmail.com,Manzana 4 lote 9 barrio Oncativo,,,,Monte Yesica Micaela,,,3585010100,,6,1,,Sí,1,No,0,No,///,No,///,Sí,Sí,No,///,///,///,///,///,No,///,///,///,No,Sí,Sí,Casa del Sol,No,No,2,,,,,,,,
Alberdi Norte (Oncativo),GS-B-00500,5/11/2024 10:12:19,,jorgelinaavila17@gmail.com,Av costanera 720,,,,Teresa,,,3584194880,,3,2,,No,0,No,0,No,///,No,///,Sí,Sí,Sí,Física,No,No,///,.,No,///,///,///,No,Sí,Sí,Casa del Sol,Sí,No,2,,,,,,,,
Alberdi Norte (Oncativo),GS-B-00501,5/11/2024 10:12:52,,milseitz@gmail.com,Chacabuco pilar 28,,,,Tomasa pedernera,,,3585700541,,1,0,,No,0,Sí,1,No,///,No,///,Sí,Sí,No,///,///,///,///,///,Sí,Sí,.,///,No,///,No,///,Sí,No,1,,,,,,,,
Alberdi Norte (Oncativo),GS-B-00502,5/11/2024 10:15:47,,csolfer12@gmail.com,Manzana 4 casa 5,,,,Dayana,,,...,,7,5,,No,0,No,0,No,///,Sí,...,Sí,Sí,No,///,///,///,///,///,No,///,///,///,No,Sí,Sí,Casa del Sol,No,No,4,,,,,,,,
Alberdi Norte (Oncativo),GS-B-00503,5/11/2024 10:17:52,,mateotosco303@gmail.com,Manzana 05 lote 07,,,,Axel astrada,,,...,,4,2,,No,0,No,0,No,///,Sí,///,Sí,No,No,///,///,///,///,///,No,///,///,///,No lo sé,Sí,No,///,No,Prefiero no decirlo,2,,,,,,,,
Alberdi Norte (Oncativo),GS-B-00504,5/11/2024 10:18:48,,romanbritos091@gmail.com,Comandante González 220,,,,Florencia funes,,,...,,2,1,,No,0,No,0,Sí,///,No,///,Sí,No,No,///,///,///,///,///,No,///,///,///,No,Sí,Sí,CAPS 8,No,No,3,,,,,,,,
Alberdi Norte (Oncativo),GS-B-00505,5/11/2024 10:19:19,,raulgaray327@gmail.com,Islas malvinas 788,,,,Valentina,,,...,,5,3,,No,0,No,0,Sí,///,Sí,///,Sí,No,No,///,///,///,///,///,No,///,///,///,No,Sí,Sí,Casa del Sol,No,No,2,,,,,,,,
Alberdi Norte (Oncativo),GS-B-00506,5/11/2024 10:19:20,,subsecretariadeninez@riocuarto.gov.ar,Islas Malvinas 711,,,,...,,,...,,3,1,,No,0,No,0,No,///,No,///,Sí,No,No,///,///,///,///,///,No,///,///,///,No,Sí,Sí,.,No,No,4,,,,,,,,
Alberdi Norte (Oncativo),GS-B-00507,5/11/2024 10:22:52,,fernandocha156@gmail.com,Av costanera sin numero,,,,Norma rivero,,,358 5045498,,2,0,,No,0,No,0,No,///,No,///,Sí,No,No,///,///,///,///,///,Sí,Sí,Sí,.,No,///,No,///,Sí,No,4,,,,,,,,
Alberdi Norte (Oncativo),GS-B-00508,5/11/2024 10:22:53,,csolfer12@gmail.com,Manzana 5 lote 8,,,,Laureana,,,...,,4,1,,No,0,No,0,Sí,///,Sí,///,Sí,Sí,Sí,Intelectual,Sí,Sí,Deporte Adaptado,///,No,///,///,///,No,Sí,Sí,Casa del Sol,No,No,3,,,,,,,,
Alberdi Norte (Oncativo),GS-B-00509,5/11/2024 10:24:54,,natyvgomez2011@gmail.com,...,,,,LEANDRO,,,3585001622,,4,2,,No,0,No,0,Sí,///,No,///,Sí,Sí,No,///,///,///,///,///,No,///,///,///,No,Sí,Sí,CAPS 4,No,No,4,,,,,,,,
Alberdi Norte (Oncativo),GS-B-00510,5/11/2024 10:25:06,,noezarate1978@gmail.com,Av Costanera 726,,,,GISELA,,,3584929763,,4,1,,No,0,Sí,1,Sí,///,Sí,///,Sí,Sí,Sí,Física,No,///,///,.,No,///,///,///,No,Sí,Sí,Casa del Sol,No,No,4,,,,,,,,
Alberdi Norte (Oncativo),GS-B-00511,5/11/2024 10:26:28,,gnesuttamarcelo10@gmail.com,Chacabuco twrminacion,,,,Villa Susana,,,3585173600,,3,2,,No,0,No,0,Sí,///,Sí,///,No,No,No,///,///,///,///,///,Sí,Sí,No,///,No,Sí,Sí,Casa del Sol,Sí,No,2,,,,,,,,
Alberdi Norte (Oncativo),GS-B-00512,5/11/2024 10:28:03,,jorgelinaavila17@gmail.com,...,,,,Sara sanchez,,,3584111957,,4,3,,No,0,No,0,No,///,Sí,///,Sí,Sí,No,///,///,///,///,///,No,///,///,///,No,Sí,Sí,Casa del Sol,Sí,No,4,,,,,,,,
Alberdi Norte (Oncativo),GS-B-00513,5/11/2024 10:29:58,,subsecretariadeninez@riocuarto.gov.ar,Pasaje oncativo 163,,,,...,,,...,,5,1,,No,0,No,0,Sí,///,No,///,Sí,No,No,///,///,///,///,///,Sí,Sí,No,///,No,No,Sí,Casa del Sol,Sí,No,2,,,,,,,,
Alberdi Norte (Oncativo),GS-B-00514,5/11/2024 10:34:38,,romanbritos091@gmail.com,Comandante González s/n,,,,...,,,...,,7,3,,Sí,2,Sí,2,Sí,///,Sí,///,Sí,No,Sí,Intelectual,SÍ,No,///,.,No,///,///,///,No,Sí,Sí,Casa del Sol,Sí,No,1,,,,,,,,
Alberdi Norte (Oncativo),GS-B-00515,5/11/2024 10:37:51,,mateotosco303@gmail.com,Costanera 270 primera casa,,,,Romina,,,...,,2,0,,Sí,1,No,0,No,///,No,///,Sí,No,No,///,///,///,///,///,No,///,///,///,No,Sí,No,///,No,No,2,,,,,,,,
Alberdi Norte (Oncativo),GS-B-00516,5/11/2024 10:38:52,,sosaluisinaveronica@gmail.com,...,,,,...,,,...,,3,1,,No,0,No,0,Sí,///,No,///,Sí,No,No,///,///,///,///,///,No,///,///,///,No,Sí,Sí,Casa del Sol,No,No,2,,,,,,,,
Alberdi Norte (Oncativo),GS-B-00517,5/11/2024 10:40:32,,valenpereletegui@gmail.com,Comandante González 220,,,,...,,,3586008126,,2,0,,No,0,No,0,Sí,///,Sí,///,Sí,No,No,///,///,///,///,///,No,///,///,///,No,Sí,Sí,Casa del Sol,Sí,No,1,,,,,,,,
Alberdi Norte (Oncativo),GS-B-00518,5/11/2024 10:40:36,,romanbritos091@gmail.com,Comandante González s/n,,,,...,,,...,,3,0,,Sí,1,No,0,Sí,///,Sí,///,Sí,No,No,///,///,///,///,///,Sí,Sí,Sí,Alberdi,No,Sí,Sí,Casa del Sol,No,Sí,1,,,,,,,,
Alberdi Norte (Oncativo),GS-B-00519,5/11/2024 10:40:52,,milseitz@gmail.com,Oncativo casa 23,,,,Victor hugo montes,,,3585754660,,4,1,,No,0,Sí,1,No,///,No,///,Sí,No,No,///,///,///,///,///,No,///,///,///,No,Sí,Sí,Casa del Sol,No,No,1,,,,,,,,
Alberdi Norte (Oncativo),GS-B-00520,5/11/2024 10:41:34,,jorgelinaavila17@gmail.com,Av costanera 728 D,,,,Gustavo,,,3585183100,,6,0,,No,0,No,0,No,///,Sí,///,Sí,Sí,Sí,Intelectual,Sí,No,///,.,No,///,///,///,No,Sí,Sí,Casa del Sol,Sí,No,2,,,,,,,,
Alberdi Norte (Oncativo),GS-B-00521,5/11/2024 10:44:19,,fernandocha156@gmail.com,Av costanera 820,,,,Lidia cecilia castro,,,358 4313248,,6,4,,No,0,No,0,No,///,No,///,Sí,No,No,///,///,///,///,///,No,///,No,///,No,Sí,Sí,Casa del Sol,No,No,2,,,,,,,,
Alberdi Norte (Oncativo),GS-B-00522,5/11/2024 10:53:13,,sosaluisinaveronica@gmail.com,...,,,,Joana rojas,,,3584929746,,5,3,,No,0,No,0,Sí,///,No,///,Sí,Sí,No,///,///,///,///,///,No,///,///,///,No,Sí,Sí,Casa del Sol,Sí,No,4,,,,,,,,
Alberdi Norte (Oncativo),GS-B-00523,5/11/2024 10:58:53,,jorgelinaavila17@gmail.com,Av las americas 763 manzana 1 lote 65B,,,,Karen,,,3584926832,,2,0,,Sí,1,No,0,No,///,No,///,Sí,No,No,///,///,///,///,///,No,///,///,///,Sí,Sí,Sí,CAPS 4,Sí,No,2,,,,,,,,
Alberdi Norte (Oncativo),GS-B-00524,5/11/2024 10:59:54,,noezarate1978@gmail.com,Av Costanera 732 Dora,,,,Dora,,,3584929746,,1,0,,No,0,No,0,Sí,///,No,///,Sí,No,No,///,///,///,///,///,Sí,No,.,///,Sí,Sí,Sí,Casa del Sol,No,No,3,,,,,,,,
Alberdi Norte (Oncativo),GS-B-00525,5/11/2024 11:02:33,,subsecretariadeninez@riocuarto.gov.ar,...,,,,...,,,...,,5,1,,No,0,No,0,No,///,Sí,///,Sí,Sí,No,///,///,///,///,///,No,///,///,///,No,Sí,Sí,CAPS 8,No,No,3,,,,,,,,
Alberdi Norte (Oncativo),GS-B-00526,5/11/2024 11:23:56,,jorgelinaavila17@gmail.com,Av costanera 740,,,,Silvana,,,3585182403,,4,2,,No,0,No,0,No,///,Sí,///,Sí,No,No,///,///,///,///,///,No,///,///,///,No,Sí,Sí,Casa del Sol,Sí,No,2,,,,,,,,
Alberdi Norte (Oncativo),GS-B-00527,5/11/2024 11:24:14,,sosaluisinaveronica@gmail.com,...,,,,Maria Isabel Manrique,,,3585603366,,10,3,,No,0,No,0,Sí,///,Sí,///,Sí,No,No,///,///,///,///,///,No,///,///,///,No,Sí,Sí,Casa del Sol,Sí,No,3,,,,,,,,
Alberdi Norte (Oncativo),GS-B-00528,5/11/2024 11:25:02,,valenpereletegui@gmail.com,Troperos 1057,,,,...,,,...,,7,3,,No,0,No,0,Sí,///,Sí,///,Sí,Sí,No,///,///,///,///,///,No,///,///,///,No,Sí,Sí,Casa del Sol,No,No,3,,,,,,,,
Alberdi Norte (Oncativo),GS-B-00529,5/11/2024 11:32:12,,noezarate1978@gmail.com,Av Costanera 744,,,,Nancy,,,3585704005,,4,3,,No,0,No,0,Sí,///,Sí,///,Sí,Sí,Sí,Física,Sí,No,///,.,No,///,///,///,No,Sí,Sí,Casa del Sol,Sí,Sí,4,,,,,,,,
Alberdi Norte (Oncativo),GS-B-00530,5/11/2024 11:32:29,,romanbritos091@gmail.com,Pasaje Los Troperos 959,,,,Pilar Agüero,,,...,,9,2,,No,0,No,0,Sí,///,No,///,Sí,No,No,///,///,///,///,///,No,///,///,///,No,Sí,Sí,Casa del Sol,Sí,No,4,,,,,,,,
Alberdi Norte (Oncativo),GS-B-00531,5/11/2024 11:36:46,,jorgelinaavila17@gmail.com,Av las américas 765 casa interna,,,,Soledad,,,3584209156,,4,2,,No,0,Sí,1,No,///,No,///,Sí,Sí,No,///,///,///,///,///,No,///,///,///,No,Sí,Sí,Casa del Sol,Sí,No,4,,,,,,,,
Alberdi Norte (Oncativo),GS-B-00532,5/11/2024 11:38:00,,valenpereletegui@gmail.com,Troperos 990,,,,...,,,...,,4,1,,No,0,No,0,No,///,No,///,Sí,Sí,No,///,///,///,///,///,Sí,Sí,No,///,No,Sí,No,///,Sí,No,4,,,,,,,,
Alberdi Norte (Oncativo),GS-B-00533,5/11/2024 11:40:17,,noezarate1978@gmail.com,Av Costanera 752,,,,Mirta,,,...,,3,2,,No,0,No,0,Sí,///,Sí,///,Sí,No,No,///,///,///,///,///,No,///,///,///,No,Sí,Sí,Casa del Sol,No,No,3,,,,,,,,
Alberdi Norte (Oncativo),GS-B-00534,5/11/2024 11:45:14,,romanbritos091@gmail.com,Pasaje Los Troperos 931,,,,Ivana Dalmolin,,,...,,6,2,,No,0,No,0,Sí,///,No,///,Sí,Sí,No,///,///,///,///,///,Sí,No,No,///,No,Sí,Sí,CAPS 9,Sí,No,4,,,,,,,,
Alberdi Norte (Oncativo),GS-B-00535,5/11/2024 11:48:44,,sosaluisinaveronica@gmail.com,Av costanera 577,,,,Brenda gomez,,,3585168007,,1,0,,No,0,No,0,No,///,No,///,Sí,No,No,///,///,///,///,///,No,///,///,///,No,///,Sí,Casa del Sol,No,No,2,,,,,,,,
Alberdi Norte (Oncativo),GS-B-00536,5/11/2024 11:53:45,,jorgelinaavila17@gmail.com,Av costanera 757,,,,Noelia,,,3585709382,,6,4,,Sí,1,No,0,No,///,Sí,///,Sí,Sí,No,///,///,///,///,///,No,///,///,///,No,Sí,Sí,Casa del Sol,Sí,No,2,,,,,,,,
Alberdi Norte (Oncativo),GS-B-00537,7/11/2024 12:20:45,,jorgelinaavila17@gmail.com,Av costanera 774,,,,Brenda,,,3585620976,,5,3,,Sí,1,Sí,1,No,///,Sí,///,Sí,No,No,///,///,///,///,///,No,///,///,///,Sí,Sí,Sí,Casa del Sol,No,No,2,,,,,,,,
Paraíso,GS-B-00538,19/11/2024 9:12:22,,mateotosco303@gmail.com,Uruguayo 1057,,,,Inés Toledo,,,...,,4,3,,No,0,No,0,No,///,No,///,Sí,Sí,No,///,///,///,///,///,No,///,///,///,No lo sé,Sí,Sí,CAPS 16,Sí,No,4,,,,,,,,
Paraíso,GS-B-00539,19/11/2024 9:18:18,,natyvgomez2011@gmail.com,...,,,,Jesica,,,3584253059,,2,1,,No,0,No,0,No,///,No,///,Sí,No,No,///,///,///,///,///,No,///,///,///,No,Sí,Sí,S24 Banda Norte,No,No,3,,,,,,,,
Paraíso,GS-B-00540,19/11/2024 9:18:32,,mateotosco303@gmail.com,Bariloche 1234,,,,Lourdes,,,...,,4,0,,Sí,1,No,0,No,///,No,///,Sí,Sí,No,///,///,///,///,///,No,///,///,///,No lo sé,Sí,Sí,CAPS 16,Sí,No,4,,,,,,,,
Paraíso,GS-B-00541,19/11/2024 9:19:10,,subsecretariadeninez@riocuarto.gov.ar,Nestor Prince 1488,,,,...,,,...,,3,1,,No,0,No,0,No,///,No,///,Sí,Sí,No,///,///,///,///,///,No,///,///,///,No,Sí,No,///,No,No,4,,,,,,,,
Paraíso,GS-B-00542,19/11/2024 9:23:18,,gnesuttamarcelo10@gmail.com,Pasaje Lanín 1220,,,,Bustos franco Gonzalo,,,3485127847,,3,1,,No,0,No,0,No,///,No,///,Sí,Sí,No,///,///,///,///,///,No,///,///,///,No,Sí,Sí,S24 Banda Norte,No,No,4,,,,,,,,
Paraíso,GS-B-00543,19/11/2024 9:25:10,,mateotosco303@gmail.com,Por Bariloche Pasaje primera casa,,,,...,,,...,,4,0,,No,0,No,0,No,///,No,///,Sí,Sí,No,///,///,///,///,///,No,///,///,///,No,///,No,///,No,No,4,,,,,,,,
Paraíso,GS-B-00544,19/11/2024 9:25:40,,subsecretariadeninez@riocuarto.gov.ar,Nestor prince 1512,,,,...,,,...,,3,0,,No,0,No,0,No,///,No,///,Sí,Sí,No,///,///,///,///,///,No,///,///,///,No,///,Sí,.,No,No,4,,,,,,,,
Paraíso,GS-B-00545,19/11/2024 9:26:36,,toledohectorariel04@gmail.com,...,,,,...,,,...,,3,0,,No,0,No,0,No,///,No,///,Sí,Sí,No,///,///,///,///,///,No,///,///,///,No,///,No,///,No,No,3,,,,,,,,
Paraíso,GS-B-00546,19/11/2024 9:27:14,,gferrer214@gmail.com,...,,,,...,,,...,,3,1,,No,0,No,0,No,///,No,///,Sí,Sí,No,///,///,///,///,///,Sí,Sí,No,///,No,Sí,No,///,No,No,4,,,,,,,,
Paraíso,GS-B-00547,19/11/2024 9:28:27,,yanelagaray29@gmail.com,Teresa Frua 1464,,,,Pilar Castelino,,,3586020499,,5,2,,No,0,No,0,Sí,///,No,///,Sí,Sí,No,///,///,///,///,///,No,///,///,///,No,Sí,Sí,S24 Banda Norte,No,No,4,,,,,,,,
Paraíso,GS-B-00548,19/11/2024 9:31:06,,fernandocha156@gmail.com,Estados unidos y laguna blanca,,,,Ana rodriguez,,,3584822209,,3,0,,No,0,No,0,No,///,No,///,Sí,Sí,Sí,Física,Sí,No,///,.,Sí,Sí,No,///,No,Sí,Sí,S24 Banda Norte,No,No,4,,,,,,,,
Paraíso,GS-B-00549,19/11/2024 9:32:43,,gferrer214@gmail.com,...,,,,Alberto,,,...,,4,1,,No,0,No,0,No,///,No,///,Sí,Sí,No,///,///,///,///,///,Sí,No,No,///,No,Sí,No,///,No,No,4,,,,,,,,
Paraíso,GS-B-00550,19/11/2024 9:34:15,,yanelagaray29@gmail.com,Teresa Frua 1472,,,,Laura,,,...,,4,2,,No,0,No,0,No,///,No,///,Sí,Sí,No,///,///,///,///,///,No,///,///,///,No,Sí,No,///,No,No,4,,,,,,,,
Paraíso,GS-B-00551,19/11/2024 9:34:40,,milseitz@gmail.com,Cuba 856,,,,Ursinda,,,3584315224,,4,1,,No,0,No,0,No,///,No,///,Sí,Sí,Sí,Intelectual,SÍ,No,///,Por tiempos familiares que no lo pueden llevar,No,///,///,///,No,Sí,No,///,No,No,4,,,,,,,,
Paraíso,GS-B-00552,19/11/2024 9:35:54,,mateotosco303@gmail.com,Achalay 1217,,,,Barzola juan carlos,,,...,,4,2,,No,0,Sí,0,No,///,No,///,Sí,Sí,No,///,///,///,///,///,Sí,Sí,No,///,No,Sí,No,///,No,No,2,,,,,,,,
Paraíso,GS-B-00553,19/11/2024 9:35:57,,subsecretariadeninez@riocuarto.gov.ar,Teresa frua 1568,,,,...,,,...,,4,2,,No,0,No,0,Sí,///,No,///,Sí,Sí,Sí,Múltiple,No,Sí,.,.,No,///,///,///,No,Sí,No,///,Sí,No,4,,,,,,,,
Paraíso,GS-B-00554,19/11/2024 9:37:50,,gferrer214@gmail.com,...,,,,Josefina,,,...,,2,2,,No,0,No,0,No,///,No,///,Sí,Sí,No,///,///,///,///,///,Sí,Sí,No,///,No,///,No,///,No,No,4,,,,,,,,
Paraíso,GS-B-00555,19/11/2024 9:39:09,,gnesuttamarcelo10@gmail.com,Achalay 1233,,,,Gabriel Gonzalez,,,...,,4,0,,No,0,No,0,No,///,No,///,Sí,No,No,///,///,///,///,///,Sí,Sí,No,///,No,Sí,Sí,CAPS 16,No,No,3,,,,,,,,
Paraíso,GS-B-00556,19/11/2024 9:39:17,,toledohectorariel04@gmail.com,...,,,,...,,,...,,1,0,,No,0,No,0,No,///,No,///,Sí,Sí,No,///,///,///,///,///,No,///,No,///,No,///,No,///,No,No,2,,,,,,,,
Paraíso,GS-B-00557,19/11/2024 9:44:05,,csolfer12@gmail.com,Cuba 1036,,,,Yanina,,,3584295308,,3,1,,No,0,No,0,No,///,No,///,Sí,Sí,No,///,///,///,///,///,No,///,///,///,No,Sí,No,///,No,No,4,,,,,,,,
Paraíso,GS-B-00558,19/11/2024 9:44:28,,gferrer214@gmail.com,...,,,,Miguel,,,...,,3,3,,No,0,No,0,No,///,No,///,Sí,Sí,Sí,Intelectual,.,No,///,.,Sí,Sí,No,///,No,///,No,///,No,No,4,,,,,,,,
Paraíso,GS-B-00559,19/11/2024 9:44:45,,yanelagaray29@gmail.com,Teresa Frua 1488,,,,José Zabala,,,...,,1,0,,No,0,No,0,No,///,No,///,No,No,No,///,///,///,///,///,Sí,Sí,No,///,No,///,No,///,Sí,No,3,,,,,,,,
Paraíso,GS-B-00560,19/11/2024 9:45:53,,mateotosco303@gmail.com,Brochero 879,,,,Carolina,,,...,,8,4,,No,0,No,0,No,///,No,///,Sí,Sí,No,///,///,///,///,///,Sí,No,.,///,No,Sí,Sí,CAPS 16,Sí,No,2,,,,,,,,
Paraíso,GS-B-00561,19/11/2024 9:48:15,,natyvgomez2011@gmail.com,Uruguay 540,,,,Marina,,,3584305318,,3,1,,No,0,No,0,Sí,///,Sí,///,Sí,Sí,No,///,///,///,///,///,No,///,///,///,No,Sí,Sí,CAPS 16,No,No,4,,,,,,,,
Paraíso,GS-B-00562,19/11/2024 9:48:43,,milseitz@gmail.com,Cuba 730,,,,Francisca Silva,,,3584631546,,1,0,,No,0,No,0,No,///,No,///,No,No,No,///,///,///,///,///,Sí,Sí,No,///,No,///,No,///,No,No,4,,,,,,,,
Paraíso,GS-B-00563,19/11/2024 9:48:43,,gnesuttamarcelo10@gmail.com,Pje brochero 872,,,,Milagros,,,3584191130,,4,1,,No,0,No,0,No,///,No,///,Sí,Sí,No,///,///,///,///,///,No,///,///,///,No,Sí,No,///,No,No,4,,,,,,,,
Paraíso,GS-B-00564,19/11/2024 9:49:07,,subsecretariadeninez@riocuarto.gov.ar,Teresa flua 1680,,,,...,,,...,,3,1,,Sí,1,No,0,No,///,No,///,Sí,Sí,No,///,///,///,///,///,No,///,///,///,No,///,No,///,No,No,4,,,,,,,,
Paraíso,GS-B-00565,19/11/2024 9:50:00,,csolfer12@gmail.com,Cuba 750,,,,Irma,,,...,,3,0,,No,0,No,0,No,///,No,///,Sí,Sí,Sí,Intelectual,No,No,///,Es mayor de edad,Sí,Sí,No,///,No,Sí,Sí,CAPS 9,Sí,No,3,,,,,,,,
Paraíso,GS-B-00566,19/11/2024 9:50:36,,gferrer214@gmail.com,...,,,,Juan,,,...,,1,1,,No,0,No,0,No,///,No,///,Sí,Sí,No,///,///,///,///,///,No,///,///,///,No,///,No,///,No,No,4,,,,,,,,
Paraíso,GS-B-00567,19/11/2024 9:53:29,,yanelagaray29@gmail.com,Teresa Frua 1527,,,,Abril,,,3585601495,,4,1,,No,0,No,0,No,///,No,///,Sí,Sí,No,///,///,///,///,///,No,///,///,///,No,Sí,No,///,Sí,No,4,,,,,,,,
Paraíso,GS-B-00568,19/11/2024 9:53:51,,mateotosco303@gmail.com,Pje brochero 857,,,,Daniela Pereyra,,,...,,6,2,,No,0,No,0,No,///,No,///,Sí,Sí,No,///,///,///,///,///,No,///,///,///,No lo sé,Sí,Sí,CAPS 16,No,No,2,,,,,,,,
Paraíso,GS-B-00569,19/11/2024 9:54:40,,csolfer12@gmail.com,Muñiz 1568,,,,Marisel,,,...,,3,1,,No,0,No,0,No,///,No,///,Sí,Sí,No,///,///,///,///,///,No,///,///,///,No,Sí,No,///,No,No,4,,,,,,,,
Paraíso,GS-B-00570,19/11/2024 9:55:39,,gferrer214@gmail.com,...,,,,...,,,...,,3,2,,No,0,No,0,No,///,No,///,Sí,Sí,No,///,///,///,///,///,No,///,///,///,No,Sí,No,///,No,No,4,,,,,,,,
Paraíso,GS-B-00571,19/11/2024 9:57:34,,milseitz@gmail.com,Muñiz 1560,,,,Velez julio,,,358154384328,,5,1,,No,0,No,0,Sí,///,No,///,Sí,Sí,No,///,///,///,///,///,Sí,Sí,No,///,No,///,Sí,S24 Banda Norte,Sí,No,4,,,,,,,,
Paraíso,GS-B-00572,19/11/2024 9:58:31,,gnesuttamarcelo10@gmail.com,Pje cuea brochero 858,,,,José María rodriguez,,,3585090910,,2,0,,No,0,No,0,No,///,No,///,Sí,Sí,No,///,///,///,///,///,No,///,///,///,No,Sí,Sí,CAPS 16,Sí,No,2,,,,,,,,
Paraíso,GS-B-00573,19/11/2024 9:59:33,,natyvgomez2011@gmail.com,F sanches 1200,,,,Mauro,,,3586024015,,7,4,,No,0,No,0,Sí,///,Sí,///,Sí,Sí,No,///,///,///,///,///,No,///,///,///,No,Sí,Sí,CAPS 16,No,No,4,,,,,,,,
Paraíso,GS-B-00574,19/11/2024 10:00:54,,mateotosco303@gmail.com,Pje brochero 837,,,,Marta,,,...,mjgarcia@exa.unrc.edu.ar,3,1,,No,0,No,0,No,///,No,///,Sí,Sí,No,///,///,///,///,///,Sí,Sí,No,///,No,Sí,No,///,No,No,2,,,,,,,,
Paraíso,GS-B-00575,19/11/2024 10:04:43,,subsecretariadeninez@riocuarto.gov.ar,...,,,,...,,,...,,4,1,,No,0,No,0,Sí,///,No,///,Sí,Sí,No,///,///,///,///,///,No,///,///,///,No,Sí,Sí,.,Sí,No,4,,,,,,,,
Paraíso,GS-B-00576,19/11/2024 10:05:03,,fernandocha156@gmail.com,Muñiz 1572,,,,Mercedes  mercado,,,3584847274,,2,.,,No,0,No,0,No,///,No,///,Sí,No,No,///,///,///,///,///,Sí,Sí,No,///,No,.,No,///,Sí,No,1,,,,,,,,
Paraíso,GS-B-00577,19/11/2024 10:05:14,,yanelagaray29@gmail.com,Teresa Frua 1497,,,,Cintia Oviedo,,,3584374233,,4,2,,No,0,No,0,No,///,No,///,Sí,Sí,No,///,///,///,///,///,No,///,///,///,No,Sí,No,///,Sí,No,4,,,,,,,,
Paraíso,GS-B-00578,19/11/2024 10:07:35,,mateotosco303@gmail.com,Pje brochero 820,,,,Nadia Heredia,,,...,,5,3,,No,0,No,0,No,///,No,///,Sí,Sí,No,///,///,///,///,///,No,///,///,///,No,Sí,Sí,CAPS 16,No,No,4,,,,,,,,
Paraíso,GS-B-00579,19/11/2024 10:12:23,,gferrer214@gmail.com,...,,,,Angel Aguirre,,,...,,2,2,,No,0,No,0,No,///,No,///,Sí,Sí,No,///,///,///,///,///,Sí,Sí,No,///,No,Sí,No,///,Sí,No,4,,,,,,,,
Paraíso,GS-B-00580,19/11/2024 10:17:01,,milseitz@gmail.com,Pje chasque 1565,,,,Antonela,,,156013165,,4,2,,No,0,No,0,No,///,No,///,Sí,Sí,No,///,///,///,///,///,No,///,///,///,No,Sí,Sí,S24 Alberdi,No,No,4,,,,,,,,
Paraíso,GS-B-00581,19/11/2024 10:18:21,,mateotosco303@gmail.com,Ecuador 866,,,,Roberto quiroga Miguel Ángel Quiroga,,,...,,2,0,,No,0,No,0,No,///,No,///,Sí,Sí,No,///,///,///,///,///,Sí,Sí,No,///,No,///,Sí,CAPS 16,Sí,No,1,,,,,,,,
Paraíso,GS-B-00582,19/11/2024 10:20:12,,yanelagaray29@gmail.com,Néstor Prince,,,,Marcos Ontiveros,,,3585750207,,4,0,,No,0,No,0,No,///,No,///,Sí,Sí,No,///,///,///,///,///,No,///,///,///,No,Sí,No,///,No,No,2,,,,,,,,
Paraíso,GS-B-00583,19/11/2024 10:23:34,,gnesuttamarcelo10@gmail.com,Ecuador 828,,,,Abi soledad celiz,,,3585752728,,4,2,,No,0,No,0,Sí,///,No,///,Sí,Sí,No,///,///,///,///,///,No,///,///,///,No,Sí,No,///,No,No,4,,,,,,,,
Paraíso,GS-B-00584,19/11/2024 10:23:43,,fernandocha156@gmail.com,Pje chasque 1561,,,,Ana jenara puebla,,,3585164229,,2,0,,No,0,No,0,No,///,No,///,Sí,Sí,No,///,///,///,///,///,Sí,Sí,No,///,No,///,No,///,Sí,No,4,,,,,,,,
Paraíso,GS-B-00585,19/11/2024 10:25:02,,mateotosco303@gmail.com,Ecuador 853,,,,Laura Ivana aguero,,,...,,3,0,,No,0,No,0,No,///,No,///,Sí,Sí,No,///,///,///,///,///,No,///,///,///,No,Sí,Sí,CAPS 16,No,No,4,,,,,,,,
Paraíso,GS-B-00586,19/11/2024 10:25:16,,natyvgomez2011@gmail.com,F sanches 1288,,,,Juan Carlos,,,3584178868,,2,0,,No,0,No,0,No,///,No,///,Sí,Sí,Sí,Psicosocial,No,No,///,.,Sí,Sí,No,///,No,///,No,///,No,No,2,,,,,,,,
Paraíso,GS-B-00587,19/11/2024 10:25:34,,csolfer12@gmail.com,Pues chasqui  1507,,,,Mariana,,,...,,4,2,,No,0,No,0,No,///,No,///,Sí,Sí,No,///,///,///,///,///,No,///,///,///,No,Sí,No,///,No,No,4,,,,,,,,
Paraíso,GS-B-00588,19/11/2024 10:29:38,,pato_estudio@hotmail.com,Nicanor Carranza 1297,,,,Melani Patiño,,,...,,2,1,,No,0,No,0,No,///,No,///,Sí,Sí,No,///,///,///,///,///,No,///,///,///,No,Sí,Sí,S24 Alberdi,No,No,4,,,,,,,,
Paraíso,GS-B-00589,19/11/2024 10:29:45,,subsecretariadeninez@riocuarto.gov.ar,...,,,,...,,,...,,4,0,,Sí,1,No,0,Sí,///,Sí,///,Sí,Sí,No,///,///,///,///,///,No,///,///,///,No,Sí,Sí,.,Sí,No,4,,,,,,,,
Paraíso,GS-B-00590,19/11/2024 10:32:50,,mateotosco303@gmail.com,Florencio Sanchez 1318,,,,...,,,...,,6,2,,No,0,No,0,No,///,No,///,Sí,Sí,No,///,///,///,///,///,No,///,///,///,No,Sí,Sí,CAPS 16,Sí,Sí,1,,,,,,,,
Paraíso,GS-B-00591,19/11/2024 10:34:06,,melinacretton@gmail.com,Moisés Valentinuzzi 1184,,,,María Jose,,,...,mjgarcia@exa.unrc.edu.ar,4,2,,No,0,No,0,Sí,///,No,///,Sí,Sí,No,///,///,///,///,///,No,///,///,///,No,Sí,Sí,CAPS 8,Sí,Sí,4,,,,,,,,
Paraíso,GS-B-00592,19/11/2024 10:35:33,,gnesuttamarcelo10@gmail.com,F sanches 1304,,,,Rocio,,,3584842969,,3,0,,No,0,Sí,0,No,///,No,///,Sí,Sí,Sí,Sensorial,.,No,///,.,Sí,Sí,No,///,No,///,Sí,CAPS 16,No,No,4,,,,,,,,
Paraíso,GS-B-00593,19/11/2024 10:37:11,,csolfer12@gmail.com,Florencio sanchez  1470,,,,Danisa,,,...,,6,2,,No,0,No,0,No,///,No,///,Sí,Sí,No,///,///,///,///,///,Sí,Sí,Sí,.,No,Sí,No,///,No,No,4,,,,,,,,
Paraíso,GS-B-00594,19/11/2024 10:37:16,,milseitz@gmail.com,Florencio sanchez 1551,,,,Ceballos maria,,,3584636476,,2,1,,No,0,No,0,No,///,No,///,Sí,No,No,///,///,///,///,///,Sí,Sí,No,///,No,No,No,///,Sí,No,4,,,,,,,,
Paraíso,GS-B-00595,19/11/2024 10:38:15,,mateotosco303@gmail.com,F.sanchez 1312,,,,Griselda rosa mercado,,,...,,2,0,,Sí,1,Sí,0,Sí,///,No,///,Sí,Sí,No,///,///,///,///,///,Sí,Sí,No,///,No,///,No,///,Sí,No,2,,,,,,,,
Paraíso,GS-B-00596,19/11/2024 10:40:24,,melinacretton@gmail.com,...,,,,Miguel,,,3584822124,,1,0,,No,0,No,0,No,///,No,///,Sí,Sí,No,///,///,///,///,///,Sí,No,No,///,No,///,No,///,Sí,No,4,,,,,,,,
Paraíso,GS-B-00597,19/11/2024 10:44:54,,fernandocha156@gmail.com,Florencio sanchez 1560,,,,Gladys torres,,,...,,6,2,,No,0,No,0,No,///,No,///,Sí,Sí,No,///,///,///,///,///,Sí,Sí,No,///,No,Sí,Sí,CAPS 16,No,No,4,,,,,,,,
Paraíso,GS-B-00598,19/11/2024 10:55:24,,natyvgomez2011@gmail.com,...,,,,Estela,,,3585129210,,2,0,,No,0,No,0,No,///,No,///,Sí,Sí,Sí,Sensorial,No,No,///,.,Sí,Sí,No,///,No,///,Sí,Dispensario 16,Sí,No,3,,,,,,,,
Paraíso,GS-B-00599,19/11/2024 10:55:33,,subsecretariadeninez@riocuarto.gov.ar,Laguna blanca 1257,,,,Basconsuelo julio luis,,,...,,1,0,,No,0,Sí,0,Sí,///,No,///,No,No,No,///,///,///,///,///,Sí,Sí,No,///,No,///,No,///,No,Sí,2,,,,,,,,
Paraíso,GS-B-00600,19/11/2024 11:03:59,,subsecretariadeninez@riocuarto.gov.ar,...,,,,...,,,...,,3,0,,No,0,No,0,Sí,///,No,///,No,No,No,///,///,///,///,///,Sí,Sí,No,///,No,///,No,///,No,No,3,,,,,,,,
Las Quintas (Cola de Pato),GS-B-00601,3/12/2024 9:20:29,,maxibuch87@gmail.com,Carlos Rodriguez 2018 B,,,,Sarandon Gustavo,,,3584024476,,5,3,,No,0,No,0,No,///,No,///,Sí,Sí,No,///,///,///,///,///,No,///,///,///,No,Sí,Sí,CAPS 6,No,No,4,,,,,,,,
Las Quintas (Cola de Pato),GS-B-00602,3/12/2024 9:20:32,,delfinadehaes@gmail.com,Carlos Rodríguez 2052,,,,Nancy quiroga,,,3584300474,,2,1,,No,0,No,0,Sí,///,No,///,Sí,Sí,No,///,///,///,///,///,No,///,///,///,No,Sí,Sí,Casa del Sol,Sí,No,4,,,,,,,,
Las Quintas (Cola de Pato),GS-B-00603,3/12/2024 9:20:52,,mateotosco303@gmail.com,Carlos Rodríguez 1772 ultima casa,,,,Nahuel,,,...,,2,1,,Sí,1,No,0,Sí,///,No,///,Sí,Sí,No,///,///,///,///,///,No,///,///,///,No,Sí,Sí,.,No,No,3,,,,,,,,
Las Quintas (Cola de Pato),GS-B-00604,3/12/2024 9:22:43,,milseitz@gmail.com,Carlos rodriguez 1752,,,,Lucas peralta,,,3585842121,,4,0,,No,0,Sí,1,Sí,///,No,///,Sí,Sí,Sí,Intelectual,Sí,No,///,///,No,///,///,///,No,///,Sí,CAPS 6,No,No,4,,,,,,,,
Las Quintas (Cola de Pato),GS-B-00605,3/12/2024 9:22:54,,subsecretariadeninez@riocuarto.gov.ar,Carlos Rodriguez 1783,,,,Carlos,,,...,,1,0,,Sí,1,No,0,Sí,///,No,///,No,No,No,///,///,///,///,///,Sí,Sí,No,///,No,///,Sí,///,No,No,.,,,,,,,,
Las Quintas (Cola de Pato),GS-B-00606,3/12/2024 9:25:05,,valenpereletegui@gmail.com,Carlos Rodríguez 1752,,,,Yamila,,,...,,5,2,,No,0,No,0,Sí,///,No,///,Sí,Sí,No,///,///,///,///,///,No,///,///,///,No,Sí,Sí,CAPS 13,No,No,4,,,,,,,,
Las Quintas (Cola de Pato),GS-B-00607,3/12/2024 9:26:19,,melisaa.pomilio12@gmail.com,...,,,,Cristina,,,3584335064,,5,3,,No,0,No,0,No,///,Sí,///,Sí,Sí,No,///,///,///,///,///,Sí,No,No,///,No,Sí,Sí,CAPS 5,No,No,2,,,,,,,,
Las Quintas (Cola de Pato),GS-B-00608,3/12/2024 9:28:04,,caritojerito55@gmail.com,Carlos Rodríguez 2041,,,,Mabel Ponce,,,3585759865,,6,.,,No,0,No,0,No,///,Sí,///,Sí,No,Sí,Física,No,No,///,Enfermedad terminal,Sí,Sí,No,///,No,Sí,Sí,.,Sí,No,3,,,,,,,,
Las Quintas (Cola de Pato),GS-B-00609,3/12/2024 9:28:27,,discapacidad.atencionintegral@gmail.com,Catlos RODRIGUEZ 2052,,,,Maria Reyes,,,...,,4,1,,No,0,Sí,1,Sí,///,No,///,Sí,Sí,No,///,///,///,///,///,No,///,///,///,No,///,Sí,CAPS 5,Sí,No,4,,,,,,,,
Las Quintas (Cola de Pato),GS-B-00610,3/12/2024 9:29:28,,ferrero892@gmail.com,Puente Malvinas 0,,,,Rosa,,,3585139328,,3,1,,No,0,No,0,No,///,No,///,No,Sí,No,///,///,///,///,///,No,///,///,///,No,Sí,Sí,CAPS 6,No,No,3,,,,,,,,
Las Quintas (Cola de Pato),GS-B-00611,3/12/2024 9:30:56,,milseitz@gmail.com,Carlos rodriguez 1800,,,,Walter,,,...,,1,0,,No,0,No,0,No,///,No,///,Sí,No,No,///,///,///,///,///,No,///,///,///,No,///,Sí,S24 Alberdi,No,No,2,,,,,,,,
Las Quintas (Cola de Pato),GS-B-00612,3/12/2024 9:30:56,,rominasesma@gmail.com,...,,,,...,,,...,,1,0,,No,0,No,0,No,///,No,///,Sí,No,No,///,///,///,///,///,Sí,No,No,///,No,///,Sí,CAPS 6,Sí,No,1,,,,,,,,
Las Quintas (Cola de Pato),GS-B-00613,3/12/2024 9:32:16,,riquelmesergio965@gmail.com,Carlos Rodríguez 2002,,,,...,,,...,,2,1,,No,0,No,0,Sí,///,No,///,Sí,No,No,///,///,///,///,///,No,///,///,///,No,Sí,Sí,CAPS 6,No,No,2,,,,,,,,
Las Quintas (Cola de Pato),GS-B-00614,3/12/2024 9:32:53,,mateotosco303@gmail.com,Carlos Rodríguez 1800 Kiosco,,,,Cristina villaroel,,,...,,5,3,,Sí,1,No,0,No,///,No,///,Sí,Sí,No,///,///,///,///,///,No,///,///,///,No lo sé,Sí,Sí,CAPS 6,Sí,No lo sé,2,,,,,,,,
Las Quintas (Cola de Pato),GS-B-00615,3/12/2024 9:33:35,,gnesuttamarcelo10@gmail.com,Av costanera 1915,,,,Cabrera Marina,,,3584845371,,4,2,,No,0,No,0,No,///,No,///,Sí,Sí,Sí,Psicosocial,Sí,No,///,Cuesta socializar,No,///,///,///,No,Sí,Sí,CAPS 6,No,No,4,,,,,,,,
Las Quintas (Cola de Pato),GS-B-00616,3/12/2024 9:35:42,,subsecretariadeninez@riocuarto.gov.ar,Carlos Rodriguez 1810,,,,Julia,,,...,,2,0,,Sí,1,Sí,1,No,///,Sí,///,Sí,No,No,///,///,///,///,///,No,///,///,///,No,///,Sí,Brasca,No,No,.,,,,,,,,
Las Quintas (Cola de Pato),GS-B-00617,3/12/2024 9:36:23,,soyflor618@gmail.com,Dr.Carlos Rodriguez 1902,,,,...,,,3584227001,,5,2,,No,0,No,0,No,///,No,///,Sí,Sí,No,///,///,///,///,///,No,///,///,///,No,Sí,Sí,CAPS 6,Sí,No,4,,,,,,,,
Las Quintas (Cola de Pato),GS-B-00618,3/12/2024 9:36:49,,ivanapetroff87@gmail.com,Avenida Costanera 1918,,,,Ana Núñez,,,...,,2,0,,No,0,Sí,1,Sí,///,Sí,///,Sí,No,Sí,Sensorial,Sí,No,///,Desconoce,Sí,Sí,No,///,No,.,No,///,No,No,3,,,,,,,,
Las Quintas (Cola de Pato),GS-B-00619,3/12/2024 9:37:42,,rosana.ochoa.8a@gmail.com,Carlos Rodriguez 1810,,,,Ramon,,,...,,1,0,,No,0,No,0,No,///,No,///,No,No,No,///,///,///,///,///,Sí,Sí,No,///,No,///,Sí,///,Sí,No,4,,,,,,,,
Las Quintas (Cola de Pato),GS-B-00620,3/12/2024 9:38:48,,silvia.bianchi005@gmail.com,Carlos Rodríguez 2020,,,,Liliana,,,...,,6,4,,No,0,No,0,No,///,No,///,Sí,Sí,No,///,///,///,///,///,No,///,///,///,No,Sí,Sí,CAPS 5,No,No,4,,,,,,,,
Las Quintas (Cola de Pato),GS-B-00621,3/12/2024 9:38:52,,maxibuch87@gmail.com,Carlos Rodriguez 1999,,,,Owen Aramendi,,,3585763783,,5,1,,No,0,No,0,Sí,///,No,///,Sí,No,No,///,///,///,///,///,No,///,///,///,No,Sí,Sí,CAPS 5,No,No,4,,,,,,,,
Las Quintas (Cola de Pato),GS-B-00622,3/12/2024 9:39:09,,bustamantecantellano@gmail.com,Av las Américas 1910,,,,...,,,...,,4,2,,No,0,No,0,Sí,///,No,///,Sí,Sí,No,///,///,///,///,///,No,///,///,///,No,Sí,No,///,No,No,4,,,,,,,,
Las Quintas (Cola de Pato),GS-B-00623,3/12/2024 9:39:17,,delfinadehaes@gmail.com,...,,,,...,,,...,,6,3,,No,0,No,0,No,///,No,///,Sí,Sí,No,///,///,///,///,///,No,///,///,///,No,Sí,Sí,CAPS 6,No,No,3,,,,,,,,
Las Quintas (Cola de Pato),GS-B-00624,3/12/2024 9:39:33,,valenpereletegui@gmail.com,Rodríguez 1896,,,,Sergio,,,3585133933,,2,0,,No,0,No,0,No,///,No,///,Sí,No,No,///,///,///,///,///,No,///,///,///,No,Sí,Sí,CAPS 6,Sí,No,3,,,,,,,,
Las Quintas (Cola de Pato),GS-B-00625,3/12/2024 9:41:52,,mateotosco303@gmail.com,Carlos Rodríguez 1890/ Carlos Rodríguez 1800 (Futura dirección debido a cambio de domicilio),,,,Claudia caceres,,,3584830919,,3,1,,Sí,1,No,0,Sí,///,No,///,Sí,Sí,Sí,Psicosocial,Sí,No,///,///,No,///,///,///,No lo sé,Sí,Sí,CAPS 6,No,No lo sé,4,,,,,,,,
Las Quintas (Cola de Pato),GS-B-00626,3/12/2024 9:45:18,,anahiver.07@gmail.com,...,,,,...,,,...,,3,0,,No,0,No,0,No,///,No,///,Sí,No,No,///,///,///,///,///,No,///,///,///,No,Sí,Sí,.,No,No lo sé,2,,,,,,,,
Las Quintas (Cola de Pato),GS-B-00627,3/12/2024 9:45:56,,ferrero892@gmail.com,Carlos Rodriguez 2015,,,,Patricia,,,3585130231,,6,4,,No,0,No,0,No,///,No,///,No,Sí,No,///,///,///,///,///,No,///,///,///,No,Sí,Sí,CAPS 6,No,No,4,,,,,,,,
Las Quintas (Cola de Pato),GS-B-00628,3/12/2024 9:46:21,,milseitz@gmail.com,Carlos rodriguez 1902 dep b,,,,Liliana benitez,,,3585731228,,2,0,,No,0,No,0,No,///,No,///,Sí,Sí,Sí,Sensorial,No,No,///,///,No,///,///,///,No,///,Sí,CAPS 6,No lo sé,Sí,1,,,,,,,,
Las Quintas (Cola de Pato),GS-B-00629,3/12/2024 9:49:30,,melisaa.pomilio12@gmail.com,...,,,,Clara,,,3585066669,,5,2,,Sí,1,No,0,Sí,///,No,///,Sí,Sí,Sí,Física,No,No,///,Por dificultades,Sí,Sí,No,///,No,Sí,Sí,CAPS 4,Sí,No,4,,,,,,,,
Las Quintas (Cola de Pato),GS-B-00630,3/12/2024 9:50:00,,sosaluisinaveronica@gmail.com,Carlos Rodríguez 2017,,,,Jorge marchesis,,,3584900922,,3,1,,No,0,No,0,No,///,No,///,Sí,No,No,///,///,///,///,///,No,///,///,///,No,Sí,Sí,S24 Alberdi,No,No,3,,,,,,,,
Las Quintas (Cola de Pato),GS-B-00631,3/12/2024 9:50:23,,caritojerito55@gmail.com,...,,,,Rubén Rojo,,,...,,3,1,,No,0,No,0,No,///,Sí,///,Sí,No,Sí,Intelectual,Sí,No,///,///,Sí,Sí,Sí,Banda norte,No,Sí,Sí,CAPS 2,Sí,No,3,,,,,,,,
Las Quintas (Cola de Pato),GS-B-00632,3/12/2024 9:50:58,,valenpereletegui@gmail.com,Rodríguez 1973,,,,Vanesa,,,...,,5,3,,No,0,No,0,Sí,///,No,///,Sí,Sí,No,///,///,///,///,///,No,No,.,///,No,Sí,Sí,CAPS 6,No,No,4,,,,,,,,
Las Quintas (Cola de Pato),GS-B-00633,3/12/2024 9:52:24,,delfinadehaes@gmail.com,Carlos Rodríguez 2016,,,,Olguin Luciana,,,3584184190,,4,2,,No,0,No,0,Sí,///,No,///,Sí,Sí,Sí,Múltiple,Sí,No,///,Faltan tramites,No,///,///,///,No,Sí,Sí,CAPS 6,No,No,3,,,,,,,,
Las Quintas (Cola de Pato),GS-B-00634,3/12/2024 9:54:41,,riquelmesergio965@gmail.com,Cola de pato arriba (cava),,,,Carlos cardozo,,,...,,10,Más de 5,,No,0,No,0,Sí,///,Sí,///,No,No,Sí,Física,No,No,///,Por trabajo,No,///,///,///,No,Sí,Sí,Santa Clara,No,No,4,,,,,,,,
Las Quintas (Cola de Pato),GS-B-00635,3/12/2024 9:55:09,,anahiver.07@gmail.com,Av Costanera 1940,,,,...,,,...,,2,0,,No,0,No,0,No,///,No,///,Sí,Sí,No,///,///,///,///,///,Sí,Sí,No,///,No,///,Sí,CAPS 13,Sí,No,2,,,,,,,,
Las Quintas (Cola de Pato),GS-B-00636,3/12/2024 9:55:56,,soyflor618@gmail.com,Dr.Carlos Rodriguez 2061,,,,...,,,3584331621,,4,2,,No,0,No,0,Sí,///,No,///,Sí,Sí,Sí,Aprendizaje,Sí,No,///,///,No,///,///,///,No,Sí,No,CAPS 5,Sí,No,4,,,,,,,,
Las Quintas (Cola de Pato),GS-B-00637,3/12/2024 9:57:41,,rosana.ochoa.8a@gmail.com,Carlos Rodriguez s/n,,,,Marcos,,,...,,2,0,,No,0,No,0,No,///,No,///,No,No,No,///,///,///,///,///,Sí,Sí,No,///,No,///,Sí,.,No,No,4,,,,,,,,
Las Quintas (Cola de Pato),GS-B-00638,3/12/2024 9:58:25,,anahiver.07@gmail.com,Av Costanera 1940,,,,...,,,...,,3,1,,No,0,No,0,No,///,No,///,Sí,Sí,No,///,///,///,///,///,No,///,///,///,No,Sí,Sí,CAPS 13,No,No,4,,,,,,,,
Las Quintas (Cola de Pato),GS-B-00639,3/12/2024 9:59:01,,silvia.bianchi005@gmail.com,Carlos Rodríguez 2013,,,,Betiana gauna,,,...,,3,1,,No,0,No,0,Sí,///,Sí,///,No,No,No,///,///,///,///,///,No,///,///,///,No,Sí,Sí,CAPS 6,No,No,4,,,,,,,,
Las Quintas (Cola de Pato),GS-B-00640,3/12/2024 9:59:43,,ferrero892@gmail.com,Av costanera 2021,,,,Claudia,,,3584314112,,2,0,,No,0,No,0,No,///,No,///,No,Sí,No,///,///,///,///,///,No,///,///,///,No,///,Sí,CAPS 6,No,No,2,,,,,,,,
Las Quintas (Cola de Pato),GS-B-00641,3/12/2024 10:00:17,,maxibuch87@gmail.com,Dr Carlos Rodriguez 2055,,,,Torradi Johana,,,3585601987,,6,4,,No,0,No,0,No,///,No,///,Sí,Sí,No,///,///,///,///,///,No,///,///,///,No,Sí,Sí,CAPS 5,No,No,4,,,,,,,,
Las Quintas (Cola de Pato),GS-B-00642,3/12/2024 10:03:53,,gnesuttamarcelo10@gmail.com,Av costanera 1936,,,,Julio Alejandro cabello,,,3584923296,,Más de 10,Más de 5,,No,0,No,0,Sí,///,No,///,Sí,Sí,Sí,Física,Sí,No,///,Limitación,No,///,///,///,No,No,Sí,CAPS 6,No,No,2,,,,,,,,
Las Quintas (Cola de Pato),GS-B-00643,3/12/2024 10:05:46,,soyflor618@gmail.com,Dr.carlos Rodriguez 2065,,,,...,,,3584242564,,2,2,,No,0,Sí,1,No,///,No,///,Sí,No,No,///,///,///,///,///,Sí,Sí,No,///,No,///,Sí,CAPS 5,Sí,No,4,,,,,,,,
Las Quintas (Cola de Pato),GS-B-00644,3/12/2024 10:06:04,,maxibuch87@gmail.com,Dr carlos Rodriguez 2056,,,,...,,,...,,2,0,,No,0,No,0,No,///,No,///,Sí,Sí,No,///,///,///,///,///,Sí,Sí,No,///,No,///,No,///,No,No,4,,,,,,,,
Las Quintas (Cola de Pato),GS-B-00645,3/12/2024 10:07:51,,ivanapetroff87@gmail.com,Avenida costanera 2013,,,,Ferreyra Deisy janet (Comedor comunitario),,,...,,6,4,,Sí,1,No,0,Sí,///,Sí,///,Sí,Sí,No,///,///,///,///,///,No,///,///,///,No,Sí,Sí,CAPS 6,No,No,4,,,,,,,,
Las Quintas (Cola de Pato),GS-B-00646,3/12/2024 10:09:48,,caritojerito55@gmail.com,Carlos Rodríguez 2005,,,,Maria Elena,,,...,,3,0,,No,0,No,0,No,///,No,///,Sí,Sí,No,///,///,///,///,///,Sí,Sí,No,///,No,Sí,No,///,No,No,4,,,,,,,,
Las Quintas (Cola de Pato),GS-B-00647,3/12/2024 10:10:11,,delfinadehaes@gmail.com,Dr Carlos Rodríguez 2008,,,,Silvina,,,3584307300,,5,2,,No,0,Sí,1,Sí,///,No,///,Sí,No,No,///,///,///,///,///,No,///,///,///,No,No,Sí,CAPS 6,No,Sí,3,,,,,,,,
Las Quintas (Cola de Pato),GS-B-00648,3/12/2024 10:10:45,,subse.nafriocuarto@gmail.com,Carlos rodriguez 2071,,,,Dante ezequiel miranda,,,3585726573,,6,4,,No,0,No,0,Sí,///,No,///,Sí,Sí,No,///,///,///,///,///,No,///,///,///,No,Sí,Sí,CAPS 2,No,No,4,,,,,,,,
Las Quintas (Cola de Pato),GS-B-00649,3/12/2024 10:12:32,,rosana.ochoa.8a@gmail.com,Carlos Rodriguez 2047,,,,Ines,,,...,,4,2,,No,0,Sí,1,Sí,///,Sí,///,Sí,No,No,///,///,///,///,///,No,///,///,///,No,Sí,Sí,CAPS 5,Sí,No,2,,,,,,,,
Las Quintas (Cola de Pato),GS-B-00650,3/12/2024 10:14:07,,sosaluisinaveronica@gmail.com,...,,,,Jesica rossi,,,3585123597,,5,3,,No,0,Sí,1,Sí,///,Sí,///,Sí,Sí,No,///,///,///,///,///,Sí,No,No,///,No,Sí,Sí,CAPS 5,No,No,4,,,,,,,,
Las Quintas (Cola de Pato),GS-B-00651,3/12/2024 10:19:07,,milseitz@gmail.com,Costanera malvinas casa 79,,,,Andrea vallejos,,,3584260279,,5,1,,No,0,No,0,Sí,///,No,///,Sí,Sí,No,///,///,///,///,///,Sí,No,///,///,No,Sí,Sí,CAPS 5,Sí,No,4,,,,,,,,
Las Quintas (Cola de Pato),GS-B-00652,3/12/2024 10:21:49,,subse.nafriocuarto@gmail.com,Carlos rodriguez 2083,,,,Tamara zabala,,,3585700719,,4,2,,No,0,No,0,Sí,///,No,///,Sí,Sí,No,///,///,///,///,///,No,///,///,///,No,Sí,Sí,CAPS 5,No,No,4,,,,,,,,
Las Quintas (Cola de Pato),GS-B-00653,3/12/2024 10:24:00,,mateotosco303@gmail.com,Costanera 75 (Almacén),,,,Liliana,,,3585178031,,3,0,,Sí,1,No,0,No,///,No,///,Sí,Sí,No,///,///,///,///,///,Sí,Sí,No,///,No,///,No,///,Sí,No,1,,,,,,,,
Las Quintas (Cola de Pato),GS-B-00654,3/12/2024 10:24:09,,maxibuch87@gmail.com,Dr Carlos Rodriguez 2069,,,,Barroso Milagros,,,3585187074,,4,2,,No,0,No,0,No,///,No,///,Sí,Sí,No,///,///,///,///,///,No,///,///,///,No,Sí,Sí,CAPS 5,No,No,2,,,,,,,,
Las Quintas (Cola de Pato),GS-B-00655,3/12/2024 10:24:19,,delfinadehaes@gmail.com,...,,,,...,,,...,,2,0,,No,0,No,0,No,///,No,///,Sí,Sí,No,///,///,///,///,///,No,///,///,///,No,Sí,No,///,No,No,4,,,,,,,,
Las Quintas (Cola de Pato),GS-B-00656,3/12/2024 10:27:16,,discapacidad.atencionintegral@gmail.com,Carlos Rodriguez 2077,,,,Maximiliano  arlia,,,...,,3,2,,No,0,No,0,No,///,Sí,///,Sí,No,No,///,///,///,///,///,No,///,///,///,No,Sí,Sí,CAPS 6,No,No,4,,,,,,,,
Las Quintas (Cola de Pato),GS-B-00657,3/12/2024 10:27:33,,csolfer12@gmail.com,Dr. Carlos Rodriguez 2068,,,,Maria teresa,,,...,,2,0,,No,0,No,0,Sí,///,No,///,Sí,Sí,No,///,///,///,///,///,Sí,Sí,Sí,Banda norte,No,Sí,Sí,CAPS 6,Sí,No,4,,,,,,,,
Las Quintas (Cola de Pato),GS-B-00658,3/12/2024 10:28:35,,milseitz@gmail.com,Av. Costanera 175,,,,Daniela whilen molecker,,,3585042927,,5,3,,No,0,No,0,Sí,///,No,///,Sí,Sí,No,///,///,///,///,///,No,///,///,///,No,Sí,Sí,CAPS 6,No,No,4,,,,,,,,
Las Quintas (Cola de Pato),GS-B-00659,3/12/2024 10:32:41,,valenpereletegui@gmail.com,Costanera casa 12,,,,Suarez,,,3585184206,,1,0,,No,0,No,0,No,///,No,///,Sí,Sí,No,///,///,///,///,///,No,///,///,///,No,No,Sí,CAPS 6,No,No,1,,,,,,,,
Las Quintas (Cola de Pato),GS-B-00660,3/12/2024 10:33:21,,riquelmesergio965@gmail.com,Cola de pato (cava),,,,María rosa leguisamon,,,...,,1,0,,No,0,Sí,1,Sí,///,No,///,No,No,No,///,///,///,///,///,Sí,Sí,No,///,No,Sí,Sí,CAPS 6,No,No,2,,,,,,,,
Las Quintas (Cola de Pato),GS-B-00661,3/12/2024 10:35:32,,fernandocha156@gmail.com,Dr carlos rodriguez 2068,,,,Barbara estefania romero,,,...,,3,2,,No,0,No,0,No,///,No,///,Sí,No,No,///,///,///,///,///,No,///,///,///,No,Sí,Sí,CAPS 5,No,No,4,,,,,,,,
Las Quintas (Cola de Pato),GS-B-00662,3/12/2024 10:36:03,,maxibuch87@gmail.com,Dr Carlos Rodriguez 2073,,,,...,,,3584252622,,7,5,,No,0,No,0,Sí,///,No,///,Sí,Sí,No,///,///,///,///,///,No,///,///,///,No,Sí,Sí,CAPS 6,No,No,4,,,,,,,,
Las Quintas (Cola de Pato),GS-B-00663,3/12/2024 10:38:36,,subse.nafriocuarto@gmail.com,Carlos rodriguez 2082,,,,Jessica palma,,,3584382530,,3,2,,No,0,Sí,1,Sí,///,Sí,///,Sí,No,Sí,Aprendizaje,Sí,Sí,.,///,No,///,///,///,No,Sí,Sí,CAPS 5,No,No,2,,,,,,,,
Las Quintas (Cola de Pato),GS-B-00664,3/12/2024 10:41:32,,milseitz@gmail.com,Puente islas malvinass pilar 19,,,,Paula vergara,,,3585124389,,8,4,,No,0,No,0,Sí,///,No,///,Sí,Sí,Sí,Intelectual,Sí,No,///,///,Sí,Sí,///,///,No,Sí,Sí,CAPS 4,No,No,2,,,,,,,,
Las Quintas (Cola de Pato),GS-B-00665,3/12/2024 10:43:24,,mateotosco303@gmail.com,Av de las america 26,,,,Arabel Horacio plinin,,,3585140353,,1,0,,No,0,No,0,No,///,No,///,No,No,No,///,///,///,///,///,Sí,Sí,///,///,No,///,Sí,.,Sí,No,2,,,,,,,,
Las Quintas (Cola de Pato),GS-B-00666,3/12/2024 10:45:30,,sosaluisinaveronica@gmail.com,...,,,,Maria lucero,,,3585710231,,4,0,,No,0,No,0,Sí,///,No,///,Sí,No,Sí,Múltiple,No,No,///,No Sabia,No,///,///,///,No,///,Sí,Centro de Salud,No,No,2,,,,,,,,
Las Quintas (Cola de Pato),GS-B-00667,3/12/2024 10:46:21,,rominasesma@gmail.com,Carlos Rodriguez 282 al lado,,,,Axel,,,...,,2,0,,No,0,No,0,No lo sé,///,No lo sé,///,No,No,Sí,Intelectual,No lo sé,No lo sé,.,Nos atendió un joven con síndrome de Down. No tiene dni.,No,///,///,///,No lo sé,.,.,.,No lo sé,No lo sé,3,,,,,,,,
Las Quintas (Cola de Pato),GS-B-00668,3/12/2024 10:47:45,,gnesuttamarcelo10@gmail.com,Av las Américas 27,,,,Gabriela Coria,,,3485140353,,6,4,,Sí,1,No,0,No,///,Sí,///,Sí,No,No,///,///,///,///,///,No,///,///,///,No,Sí,Sí,CAPS 5,No,No,4,,,,,,,,
Las Quintas (Cola de Pato),GS-B-00669,3/12/2024 10:56:03,,delfinadehaes@gmail.com,...,,,,...,,,...,,4,2,,No,0,No,0,Sí,///,Sí,///,Sí,Sí,No,///,///,///,///,///,No,///,///,///,No,Sí,Sí,CAPS 5,No,No,4,,,,,,,,
Las Quintas (Cola de Pato),GS-B-00670,3/12/2024 10:57:10,,milseitz@gmail.com,Av costanera malvinas 16,,,,Claudio pereyra,,,3584190990,,1,0,,No,0,No,0,No,///,No,///,Sí,Sí,No,///,///,///,///,///,No,///,///,///,No,///,No,///,No,Sí,4,,,,,,,,
Las Quintas (Cola de Pato),GS-B-00671,3/12/2024 10:58:45,,fabre.roger.m@gmail.com,...,,,,...,,,...,,4,1,,No,0,No,0,No,///,No,///,Sí,Sí,No,///,///,///,///,///,No,///,///,///,No,Sí,Sí,Santa Clara,No,No,4,,,,,,,,
Las Ferias,GS-B-00672,17/12/2024 9:05:04,,rominasesma@gmail.com,Yanquetruz 3352,,,,Urquiza,,,,,1,0,,No,0,No,0,No,///,No,///,Sí,Sí,No,///,///,///,///,///,Sí,Sí,No,///,No,No,No,///,No,No,4,,,,,,,,
Las Ferias,GS-B-00673,17/12/2024 9:06:09,,milseitz@gmail.com,Laguna levuco 3401,,,,Alexis torres,,,3584832652,,4,1,,No,0,No,0,Sí,...,No,///,Sí,Sí,No,///,///,///,///,///,No,///,///,///,No,Sí,No,S24 Sur,No,No,4,,,,,,,,
Las Ferias,GS-B-00674,17/12/2024 9:08:33,,agustinalmada02@gmail.com,Yanquetruz 3359,,,,Mariela Barrera,,,3585012515,,4,1,,No,0,No,0,No,///,No,///,Sí,Sí,No,///,///,///,///,///,Sí,Sí,No,///,No,Sí,Sí,CAPS 14,No,No,2,,,,,,,,
Las Ferias,GS-B-00675,17/12/2024 9:13:42,,milseitz@gmail.com,Union de los argentinos c. 144,,,,Fernandez denis,,,...,,2,0,,No,0,No,0,No,///,No,///,Sí,Sí,No,///,///,///,///,///,Sí,Sí,Sí,Espacio illia,No,///,No,///,No,No,4,,,,,,,,
Las Ferias,GS-B-00676,17/12/2024 9:15:45,,rominasesma@gmail.com,Yanquetruz 3446,,,,Monteiro Roberto,,,...,,4,2,,Sí,4,No,0,No,///,No,///,Sí,Sí,No,///,///,///,///,///,No,///,///,///,No,Sí,Sí,CAPS 14,Sí,No,2,,,,,,,,
Las Ferias,GS-B-00677,17/12/2024 9:17:00,,maxibuch87@gmail.com,...,,,,...,,,...,,2,0,,No,0,No,0,No,///,No,///,Sí,Sí,No,///,///,///,///,///,Sí,Sí,No,///,No,///,No,///,No,No,4,,,,,,,,
Las Ferias,GS-B-00678,17/12/2024 9:18:13,,adriclucero2020@gmail.com,...,,,,Ramona,,,...,,5,0,,No,0,No,0,No,///,No,///,Sí,No,Sí,Física,No,No,///,No realiza activida por su situación motora,Sí,Sí,No,///,No,///,.,///,No,No,4,,,,,,,,
Las Ferias,GS-B-00679,17/12/2024 9:18:22,,subsecretariadeninez@riocuarto.gov.ar,...,,,,...,,,...,,2,0,,No,0,No,0,Sí,...,No,///,Sí,Sí,No,///,///,///,///,///,No,///,///,///,No,///,No,///,No,No,4,,,,,,,,
Las Ferias,GS-B-00680,17/12/2024 9:19:28,,melinacretton@gmail.com,Pje guaranga 186,,,,Nelida,,,...,zulmaarce@gmail.com,4,1,,No,0,No,0,No,///,No,///,Sí,Sí,No,///,///,///,///,///,Sí,Sí,No,///,No,Sí,Sí,CAPS 14,No,No,4,,,,,,,,
Las Ferias,GS-B-00681,17/12/2024 9:22:33,,riquelmesergio965@gmail.com,Chanquetru 3523,,,,José olmedo,,,...,,1,0,,No,0,No,0,Sí,...,No,///,No,No,Sí,Física,Sí,No,///,///,Sí,Sí,No,///,No,///,Sí,S24 Sur,.,No,2,,,,,,,,
Las Ferias,GS-B-00682,17/12/2024 9:22:46,,maxibuch87@gmail.com,Union de los Argentinos 25,,,,Sebastian Torres,,,3585732573,,5,3,,No,0,No,0,No,///,No,///,Sí,Sí,No,///,///,///,///,///,No,///,///,///,No,Sí,Sí,CAPS 14,No,No,4,,,,,,,,
Las Ferias,GS-B-00683,17/12/2024 9:22:56,,sosaluisinaveronica@gmail.com,...,,,,...,,,...,,1,0,,No,0,No,0,No,///,No,///,Sí,Sí,No,///,///,///,///,///,No,No,///,///,No,///,Sí,CAPS 14,No,No,4,,,,,,,,
Las Ferias,GS-B-00684,17/12/2024 9:23:08,,milseitz@gmail.com,Union de los argentinos 166,,,,Lujan susana maria,,,358155040713,,10,5,,No,0,No,0,Sí,...,No,///,Sí,Sí,No,///,///,///,///,///,Sí,Sí,No,///,No,Sí,Sí,CAPS 14,No,No,4,,,,,,,,
Las Ferias,GS-B-00685,17/12/2024 9:24:16,,dayfigueroa2022@gmail.com,...,,,,...,,,...,,2,0,,No,0,No,0,No,///,No,///,Sí,Sí,No,///,///,///,///,///,No,No,No,///,No,///,No,///,No,No,4,,,,,,,,
Las Ferias,GS-B-00686,17/12/2024 9:24:21,,gnesuttamarcelo10@gmail.com,Pasaje los jagueles 3505,,,,Dora Isabel Ditore,,,3584175766,,1,0,,Sí,1,No,0,No,///,No,///,Sí,Sí,No,///,///,///,///,///,Sí,Sí,No,///,No,///,No,///,Sí,No,4,,,,,,,,
Las Ferias,GS-B-00687,17/12/2024 9:25:36,,germanrio444@gmail.com,...,,,,...,,,...,,6,4,,No,0,No,0,No,///,No,///,Sí,Sí,Sí,Física,Sí,No,///,///,No,///,///,///,No,Sí,No,///,Sí,No,4,,,,,,,,
Las Ferias,GS-B-00688,17/12/2024 9:25:41,,subsecretariadeninez@riocuarto.gov.ar,...,,,,Cecilia Fonseca,,,...,,3,1,,No,0,No,0,No,///,No,///,Sí,Sí,No,///,///,///,///,///,No,///,///,///,No,Sí,Sí,CAPS 14,Sí,No,4,,,,,,,,
Las Ferias,GS-B-00689,17/12/2024 9:26:45,,valenpereletegui@gmail.com,Unión de los argentinos 50,,,,Noemi medina,,,3584180738,,3,1,,No,0,No,0,Sí,...,No,///,Sí,Sí,No,///,///,///,///,///,Sí,Sí,No,///,No,Sí,Sí,CAPS 14,No,No,1,,,,,,,,
Las Ferias,GS-B-00690,17/12/2024 9:27:01,,melinacretton@gmail.com,Pje Quaranta 210,,,,Sergio1,,,3585046355,,3,1,,No,0,No,0,Sí,...,No,///,Sí,Sí,No,///,///,///,///,///,No,No,No,///,No,Sí,Sí,CAPS 14,No,No,4,,,,,,,,
Las Ferias,GS-B-00691,17/12/2024 9:28:35,,dayfigueroa2022@gmail.com,...,,,,...,,,...,,4,0,,No,0,No,0,No,///,No,///,Sí,Sí,No,///,///,///,///,///,No,No,No,///,No,No,No,///,No,No,4,,,,,,,,
Las Ferias,GS-B-00692,17/12/2024 9:28:53,,agustinalmada02@gmail.com,Yanquetruz 3431,,,,Aldana Rodriguez,,,3584923657,,3,1,,No,0,No,0,No,///,No,///,Sí,Sí,No,///,///,///,///,///,No,///,///,///,No,No,Sí,CAPS 14,No,No,4,,,,,,,,
Las Ferias,GS-B-00693,17/12/2024 9:34:26,,germanrio444@gmail.com,...,,,,...,,,...,,3,0,,No,0,No,0,No,///,No,///,Sí,No,No,///,///,///,///,///,Sí,Sí,No,///,No,No,Sí,S24 Sur,Sí,Sí,4,,,,,,,,
Las Ferias,GS-B-00694,17/12/2024 9:34:54,,melinacretton@gmail.com,Pje Ludovico 40,,,,Sandra,,,3584362749,,4,0,,No,0,No,0,No,///,No,///,Sí,Sí,No,///,///,///,///,///,No,No,No,///,No,///,Sí,CAPS 14,Sí,No,4,,,,,,,,
Las Ferias,GS-B-00695,17/12/2024 9:35:31,,rominasesma@gmail.com,Unión de los argentinos 332,,,,Victor torres,,,...,,4,1,,No,0,Sí,2,Sí,...,No,///,Sí,Sí,No,///,///,///,///,///,Sí,No,No,///,No,///,Sí,///,Sí,No,3,,,,,,,,
Las Ferias,GS-B-00696,17/12/2024 9:36:59,,lorensacosts@gmail.com,Unión de los argentinos 51,,,,Griselda duran,,,...,,6,4,,No,0,No,0,No,///,Sí,...,No,Sí,No,///,///,///,///,///,No,///,///,///,No,Sí,Sí,CAPS 14,No,No,2,,,,,,,,
Las Ferias,GS-B-00697,17/12/2024 9:37:37,,riquelmesergio965@gmail.com,Unión de los argentinos cento 318,,,,Raul cabrera,,,...,,5,1,,No,0,No,0,Sí,...,No,///,Sí,Sí,No,///,///,///,///,///,No,No,No,///,No,Sí,Sí,CAPS 14,Sí,No,2,,,,,,,,
Las Ferias,GS-B-00698,17/12/2024 9:38:24,,adriclucero2020@gmail.com,Union de los Argentinos,,,,Sheila,,,3585181941,,5,2,,No,0,No,0,No,///,No,///,Sí,Sí,No,///,///,///,///,///,No,No,No,///,No,///,Sí,CAPS 14,No,No,4,,,,,,,,
Las Ferias,GS-B-00699,17/12/2024 9:38:38,,dayfigueroa2022@gmail.com,...,,,,...,,,...,,2,0,,No,0,No,0,No,///,No,///,Sí,Sí,No,///,///,///,///,///,No,No,No,///,No,No,No,///,No,No,4,,,,,,,,
Las Ferias,GS-B-00700,17/12/2024 9:39:17,,maxibuch87@gmail.com,Leonardo da vinci 22,,,,...,,,3582456404,,3,0,,No,0,No,0,No,///,No,///,Sí,Sí,No,///,///,///,///,///,Sí,Sí,No,///,No,///,No,///,No,No,4,,,,,,,,
Las Ferias,GS-B-00701,17/12/2024 9:39:19,,gnesuttamarcelo10@gmail.com,Pje los jagueles 3557,,,,Damioso María,,,3584202903,,3,0,,Sí,1,No,0,No,///,No,///,Sí,Sí,No,///,///,///,///,///,No,///,///,///,No,///,No,///,No,No,4,,,,,,,,
Las Ferias,GS-B-00702,17/12/2024 9:39:59,,valenpereletegui@gmail.com,Sagrada familia 3449,,,,Alberto,,,...,,4,0,,No,0,No,0,No,///,No,///,Sí,Sí,No,///,///,///,///,///,Sí,Sí,No,///,No,Sí,No,///,No,No,4,,,,,,,,
Las Ferias,GS-B-00703,17/12/2024 9:44:36,,melinacretton@gmail.com,Quaranta 270,,,,Mónica y Cristina,,,358543571,,2,0,,No,0,No,0,No,///,No,///,Sí,Sí,No,///,///,///,///,///,Sí,Sí,No,///,No,///,Sí,CAPS 14,No,No,1,,,,,,,,
Las Ferias,GS-B-00704,17/12/2024 9:46:18,,fabre.roger.m@gmail.com,Pasaje yanquetruz 3514,,,,Juan bustos,,,3584310206,,7,5,,Sí,2,No,0,Sí,...,Sí,...,Sí,Sí,Sí,Física,No,No,///,///,No,///,///,///,No,Sí,Sí,CAPS 14,Sí,No,4,,,,,,,,
Las Ferias,GS-B-00705,17/12/2024 9:46:19,,lorensacosts@gmail.com,Pje sagrada familia 3520,,,,Luna Francisco,,,...,,4,1,,No,0,No,0,No,///,No,///,Sí,Sí,No,///,///,///,///,///,No,///,///,///,No,Sí,No,///,No,No,2,,,,,,,,
Las Ferias,GS-B-00706,17/12/2024 9:49:51,,agustinalmada02@gmail.com,San Lorenzo 3338,,,,...,,,...,,4,2,,No,0,No,0,Sí,...,Sí,...,Sí,Sí,No,///,///,///,///,///,No,///,///,///,No,Sí,Sí,CAPS 14,No,No,4,,,,,,,,
Las Ferias,GS-B-00707,17/12/2024 9:50:59,,riquelmesergio965@gmail.com,San Lorenzo 3350,,,,Maximiliano oviedo,,,...,,3,1,,No,0,No,0,No,///,No,///,Sí,Sí,No,///,///,///,///,///,No,No,No,///,No,Sí,Sí,CAPS 14,No,No,4,,,,,,,,
Las Ferias,GS-B-00708,17/12/2024 9:53:24,,germanrio444@gmail.com,...,,,,...,,,3584369062,,2,0,,No,0,No,0,No,///,No,///,Sí,Sí,Sí,Física,No,No,///,///,Sí,Sí,No,///,No,///,Sí,S24 Sur,Sí,No,4,,,,,,,,
Las Ferias,GS-B-00709,17/12/2024 9:53:54,,sosaluisinaveronica@gmail.com,...,,,,Maria Francisca rondan,,,3585727777,,1,0,,No,0,No,0,No,///,Sí,...,Sí,Sí,No,///,///,///,///,///,Sí,Sí,Sí,Ilia,No,///,No,///,No,No,3,,,,,,,,
Las Ferias,GS-B-00710,17/12/2024 9:54:48,,valenpereletegui@gmail.com,Sagrada familia 3561,,,,...,,,...,,7,3,,No,0,No,0,Sí,...,No,///,Sí,Sí,No,///,///,///,///,///,Sí,Sí,No,///,No,Sí,Sí,CAPS 14,Sí,No,4,,,,,,,,
Las Ferias,GS-B-00711,17/12/2024 9:55:41,,lorensacosts@gmail.com,Pje sagrada familia,,,,...,,,...,,9,3,,No,0,No,0,No,///,Sí,///,Sí,Sí,No,///,///,///,///,///,Sí,Sí,No,///,No,Sí,Sí,CAPS 14,No,No,2,,,,,,,,
Las Ferias,GS-B-00712,17/12/2024 9:56:52,,rominasesma@gmail.com,San lorenzo 3443,,,,Azucena mendoza,,,...,,3,1,,No,0,No,0,No,///,No,///,Sí,Sí,No,///,///,///,///,///,No,///,///,///,No,Sí,Sí,CAPS 14,No,No,4,,,,,,,,
Las Ferias,GS-B-00713,17/12/2024 10:01:32,,gnesuttamarcelo10@gmail.com,Yanquetruz 3482,,,,Graciela Odelle,,,3584011220,,1,0,,Sí,1,No,0,No,///,No,///,Sí,Sí,No,///,///,///,///,///,Sí,Sí,No,///,No,///,No,///,No,No,3,,,,,,,,
Las Ferias,GS-B-00714,17/12/2024 10:02:37,,milseitz@gmail.com,Pasaje publico 3461,,,,Roman,,,3584815437,,1,0,,No,0,No,0,No,///,No,///,Sí,Sí,No,///,///,///,///,///,No,///,///,///,No,///,Sí,///,No,No,4,,,,,,,,
Las Ferias,GS-B-00715,17/12/2024 10:03:09,,maxibuch87@gmail.com,Pje Juan Fernandez 3302,,,,Susana Zarate,,,3584641337,,5,2,,No,0,No,0,No,///,No,///,Sí,Sí,Sí,Aprendizaje,No,Sí,Deporte Adaptado,///,Sí,Sí,No,///,No,Sí,Sí,S24 Sur,No,No,4,,,,,,,,
Las Ferias,GS-B-00716,17/12/2024 10:03:11,,adriclucero2020@gmail.com,Pasaje Publico,,,,No,,,...,,4,2,,No,0,No,0,Sí,...,No,///,Sí,Sí,No,///,///,///,///,///,No,No,No,///,No,Sí,Sí,CAPS 14,No,No,4,,,,,,,,
Las Ferias,GS-B-00717,17/12/2024 10:03:25,,lorensacosts@gmail.com,Pje sagrada familia,,,,Maricel González,,,...,,5,2,,No,0,No,0,No,///,No,///,Sí,Sí,No,///,///,///,///,///,Sí,Sí,No,///,No,Sí,No,///,Sí,No,2,,,,,,,,
Las Ferias,GS-B-00718,17/12/2024 10:04:01,,riquelmesergio965@gmail.com,Quaranta 351,,,,Ariana Magallanes,,,...,,3,1,,No,0,No,0,No lo sé,...,No,///,Sí,Sí,No,///,///,///,///,///,Sí,Sí,No lo sé,///,No,Sí,Sí,CAPS 14,Sí,No,4,,,,,,,,
Las Ferias,GS-B-00719,17/12/2024 10:06:35,,rominasesma@gmail.com,San lorenzo 3357,,,,David yorye,,,...,,2,0,,No,0,No,0,No,///,No,///,Sí,No,No,///,///,///,///,///,Sí,Sí,No,///,No,///,Sí,CAPS 14,No,No lo sé,4,,,,,,,,
Las Ferias,GS-B-00720,17/12/2024 10:06:39,,agustinalmada02@gmail.com,San Lorenzo 3385,,,,Victor Julio Barroso,,,...,,2,0,,No,0,Sí,2,No,///,No,///,Sí,Sí,No,///,///,///,///,///,Sí,Sí,No,///,No,///,Sí,CAPS 14,Sí,No,3,,,,,,,,
Las Ferias,GS-B-00721,17/12/2024 10:11:11,,maxibuch87@gmail.com,Pje Juan Fernandez 3316,,,,Luisa vega,,,3584641372,,2,0,,No,0,No,0,No,///,No,///,Sí,Sí,No,///,///,///,///,///,Sí,Sí,No,///,No,///,No,///,No,No,4,,,,,,,,
Las Ferias,GS-B-00722,17/12/2024 10:13:34,,germanrio444@gmail.com,...,,,,...,,,...,,6,4,,No,0,No,0,No,///,No,///,Sí,No,No,///,///,///,///,///,No,///,///,///,No,Sí,Sí,S24 Sur,No,No,4,,,,,,,,
Las Ferias,GS-B-00723,17/12/2024 10:14:12,,riquelmesergio965@gmail.com,Quaranta 363,,,,Manuel luna,,,...,,5,2,,No,0,No,0,No,///,No,///,Sí,Sí,No,///,///,///,///,///,No,///,///,///,No,Sí,Sí,CAPS 14,Sí,No,2,,,,,,,,
Las Ferias,GS-B-00724,17/12/2024 10:15:26,,maritapacho2317@gmail.com,Pje publico 3469 las ferias,,,,Silvia,,,3586029808,,2,2,,No,0,No,0,No,///,No,///,Sí,Sí,Sí,Física,No,No,///,Falta de conocimiento,Sí,Sí,No,///,No,///,.,///,Sí,No,4,,,,,,,,
Las Ferias,GS-B-00725,17/12/2024 10:19:18,,maxibuch87@gmail.com,Pje Fernandez 3370,,,,Sragowitz Samuel,,,3586026184,,2,0,,Sí,1,No,0,No,///,No,///,Sí,Sí,No,///,///,///,///,///,No,///,///,///,No,///,Sí,cp14,No,No,4,,,,,,,,
Las Ferias,GS-B-00726,17/12/2024 10:19:20,,agustinalmada02@gmail.com,San Lorenzo 3370,,,,Ana Barroso,,,...,,1,0,,No,0,No,0,No,///,No,///,Sí,No,No,///,///,///,///,///,No,No,///,///,No,///,Sí,CAPS 14,Sí,No,4,,,,,,,,
Las Ferias,GS-B-00727,17/12/2024 10:19:22,,gnesuttamarcelo10@gmail.com,Av circunvalación 381,,,,Graciela Zanbello,,,3585141510,,10,5,,No,0,No,0,No,///,No,///,Sí,Sí,No,///,///,///,///,///,Sí,Sí,No,///,No,///,Sí,CAPS 14,Sí,No,4,,,,,,,,
Las Ferias,GS-B-00728,17/12/2024 10:19:35,,rominasesma@gmail.com,San lorenzo 3395,,,,Mirta,,,...,,1,0,,Sí,1,No,0,No,///,No,///,No,Sí,Sí,Física,No,No,///,///,Sí,Sí,No,///,No,///,No,///,Sí,No,3,,,,,,,,
Las Ferias,GS-B-00729,17/12/2024 10:24:57,,milseitz@gmail.com,Los jaueles 3485,,,,Diamela cabral,,,3586027271,,3,1,,No,0,No,0,Sí,...,No,///,Sí,Sí,No,///,///,///,///,///,Sí,No,///,///,No,Sí,Sí,CAPS 14,No,No,4,,,,,,,,
Las Ferias,GS-B-00730,17/12/2024 10:28:38,,adriclucero2020@gmail.com,Cuaranta 209,,,,Elida,,,...,,1,0,,No,0,No,0,No,///,No,///,Sí,Sí,No,///,///,///,///,///,Sí,Sí,///,///,No,No,No,///,No,No,4,,,,,,,,
Las Ferias,GS-B-00731,17/12/2024 10:28:42,,maxibuch87@gmail.com,Union de los Argentinos 25,,,,Stefania Gonzalez,,,3585732572,,5,3,,No,0,No,0,No,///,No,///,Sí,No,No,///,///,///,///,///,No,///,///,///,No,Sí,Sí,CAPS 14,No,No,4,,,,,,,,
Las Ferias,GS-B-00732,17/12/2024 10:28:45,,maritapacho2317@gmail.com,...,,,,Lucia,,,...,,7,3,,No,0,No,0,No,///,No,///,Sí,Sí,No,///,///,///,///,///,No,///,///,///,No,Sí,Sí,CAPS 14,Sí,No,4,,,,,,,,
Las Ferias,GS-B-00733,17/12/2024 10:29:56,,rominasesma@gmail.com,Quaranta 367,,,,Oscar almeyra,,,...,,2,0,,No,0,Sí,2,No,///,No,///,Sí,Sí,No,///,///,///,///,///,Sí,Sí,No,///,No,///,No,///,No,No,3,,,,,,,,
Las Ferias,GS-B-00734,17/12/2024 10:31:19,,riquelmesergio965@gmail.com,Quaranta 373,,,,María Gladis Canciano,,,...,,1,0,,No,0,No,0,No,///,No,///,Sí,Sí,Sí,Física,Sí,No,///,///,Sí,Sí,No,///,No,///,No,///,Sí,No,2,,,,,,,,
Las Ferias,GS-B-00735,17/12/2024 10:31:48,,milseitz@gmail.com,Los jaueles 3437,,,,Ortiz laura,,,358154311166,,3,1,,No,0,No,0,No,///,No,///,Sí,Sí,No,///,///,///,///,///,No,///,///,///,No,Sí,Sí,CAPS 14,Sí,No,4,,,,,,,,
Las Ferias,GS-B-00736,17/12/2024 10:36:19,,agustinalmada02@gmail.com,Hernandarias 3495,,,,Elvira Inés Arias,,,3584633495,,3,0,,No,0,No,0,No,///,No,///,Sí,Sí,Sí,Física,No,No,///,Por desconocimiento,Sí,Sí,No,///,No,///,No,///,No,No,4,,,,,,,,
Las Ferias,GS-B-00737,17/12/2024 10:37:41,,rominasesma@gmail.com,Pje encargarían3494,,,,Celia mont,,,...,,2,0,,No,0,No,0,No,///,No,///,Sí,No,No,///,///,///,///,///,Sí,Sí,No,///,No,///,Sí,CAPS 14,No,No,1,,,,,,,,
Las Ferias,GS-B-00738,17/12/2024 10:38:25,,maxibuch87@gmail.com,Sobremonte 3391,,,,Peralta Ana Maria,,,3584905395,,2,1,,No,0,No,0,No,///,No,///,Sí,Sí,No,///,///,///,///,///,Sí,Sí,No,///,No,Sí,Sí,CAPS 14,No,No,4,,,,,,,,
Las Ferias,GS-B-00739,17/12/2024 10:44:03,,riquelmesergio965@gmail.com,Pje Hernandarias 3465,,,,Arias vasena,,,...,,4,1,,No,0,No,0,Sí,...,No,///,Sí,Sí,Sí,Intelectual,No,No,///,///,Sí,Sí,No,///,No,Sí,Sí,CAPS 14,Sí,No,4,,,,,,,,
Las Ferias,GS-B-00740,17/12/2024 10:44:20,,rominasesma@gmail.com,Pje encargarían 3474,,,,Tiziano marchiando,,,...,,3,0,,Sí,1,No,0,No,///,No,///,Sí,Sí,No,///,///,///,///,///,Sí,No,No,///,No,///,No,///,No,No,4,,,,,,,,
Las Ferias,GS-B-00741,17/12/2024 10:47:58,,subsecretariadeninez@riocuarto.gov.ar,...,,,,...,,,...,,4,1,,No,0,No,0,No,///,No,///,Sí,Sí,No,///,///,///,///,///,Sí,Sí,No,///,No,Sí,No,///,Sí,No,2,,,,,,,,
Las Ferias,GS-B-00742,17/12/2024 10:48:11,,dayfigueroa2022@gmail.com,...,,,,...,,,...,,4,2,,No,0,No,0,No,///,No,///,Sí,Sí,No,///,///,///,///,///,No,No,No,///,No,Sí,No,///,No,No,4,,,,,,,,
Las Ferias,GS-B-00743,17/12/2024 10:48:25,,agustinalmada02@gmail.com,Pje. Hernandaria 3447,,,,Juan Natalucci,,,35820388912,,7,2,,No,0,No,0,No,///,No,///,Sí,Sí,Sí,Psicosocial,Sí,No,///,Desconocimiento,Sí,No,No,///,No,Sí,Sí,CAPS 14,No,No,4,,,,,,,,
Las Ferias,GS-B-00744,17/12/2024 10:49:50,,maxibuch87@gmail.com,Sobremonte 3375 casa interna,,,,Oscar lasdica,,,...,,5,2,,No,0,No,0,No,///,No,///,Sí,Sí,No,///,///,///,///,///,No,///,///,///,No,Sí,No,///,No,No,4,,,,,,,,
Las Ferias,GS-B-00745,17/12/2024 10:54:24,,rominasesma@gmail.com,Pje endar 3454,,,,Stella ogas,,,...,,7,2,,No,0,No,0,Sí,...,No,///,Sí,Sí,Sí,Física,Sí,Sí,ARIPA,///,Sí,Sí,No,///,No,Sí,No,///,No,No,4,,,,,,,,
Las Ferias,GS-B-00746,17/12/2024 10:54:47,,maritapacho2317@gmail.com,...,,,,Macarena,,,...,,3,1,,No,0,No,0,No,///,No,///,Sí,Sí,No,///,///,///,///,///,Sí,Sí,No,///,No,Sí,Sí,CAPS 14,No,No,4,,,,,,,,
Las Ferias,GS-B-00747,17/12/2024 10:59:06,,maxibuch87@gmail.com,Sabatini 3347,,,,Damaris lancouquis,,,3584185969,,4,2,,No,0,No,0,Sí,...,No,///,Sí,Sí,No,///,///,///,///,///,No,///,///,///,No,Sí,Sí,CAPS 14,No,No,4,,,,,,,,
Las Ferias,GS-B-00748,17/12/2024 11:01:24,,riquelmesergio965@gmail.com,Pje Hernandarias 3422,,,,Adriana,,,...,,5,1,,No,0,No,0,No,///,No,///,Sí,Sí,No,///,///,///,///,///,Sí,Sí,No,///,No,Sí,Sí,S24 Sur,Sí,No,4,,,,,,,,
Las Ferias,GS-B-00749,17/12/2024 11:08:32,,rominasesma@gmail.com,Laprida 3403,,,,Liliana garraza,,,...,,3,1,,No,0,No,0,No,///,No,///,Sí,Sí,No,///,///,///,///,///,No,///,///,///,No,Sí,No,///,No,No,4,,,,,,,,
Las Ferias,GS-B-00750,17/12/2024 11:13:20,,agustinalmada02@gmail.com,Unión de los argentinos 426,,,,René Gregorio Dominguez,,,3585045477,,2,0,,No,0,No,0,No,///,No,///,Sí,Sí,Sí,Física,No,No,///,Desconocimiento,Sí,Sí,No,///,No,///,No,///,No,No,4,,,,,,,,
Las Ferias,GS-B-00751,17/12/2024 11:17:18,,rominasesma@gmail.com,Laprida 3435,,,,Luciana,,,...,,4,2,,No,0,No,0,No,///,No,///,Sí,Sí,No,///,///,///,///,///,No,///,///,///,No,Sí,Sí,Centro de Salud,No,No,4,,,,,,,,
Las Ferias,GS-B-00752,17/12/2024 11:32:57,,riquelmesergio965@gmail.com,Pje giglione 3466,,,,Paola Palacios,,,...,,4,2,,No,0,No,0,No,///,No,///,Sí,Sí,No,///,///,///,///,///,No,No,No,///,No,Sí,Sí,CAPS 14,No,No,4,,,,,,,,
Las Ferias,GS-B-00753,17/12/2024 11:35:49,,agustinalmada02@gmail.com,Pje. Ghiglione 3404,,,,...,,,...,,5,1,,No,0,No,0,Sí,...,No,///,Sí,Sí,No,///,///,///,///,///,No,///,///,///,No,Sí,No,///,No,No,4,,,,,,,,
Ciudad Nueva,GS-B-00754,17/2/2025 9:59:01,,saritacarranza2022@gmail.com,...,,,,Rita sosa,,,3584263580,,3,3,,Sí,1,No,0,Sí,...,No,///,Sí,Sí,No,///,///,///,///,///,No,///,No,///,No,///,Sí,CAPS 12,Sí,Prefiero no decirlo,2,,,,,,,,
Ciudad Nueva,GS-B-00755,17/2/2025 9:59:38,,gferrer214@gmail.com,...,,,,Carina Rodriguez,,,...,,5,1,,Sí,1,No,0,No,///,No,///,Sí,Sí,No,///,///,///,///,///,No,///,///,///,No,Sí,No,///,Sí,No,4,,,,,,,,
Ciudad Nueva,GS-B-00756,17/2/2025 10:00:05,,subsecretariadelasmujeresrio4@gmail.com,Dinkeldein y Coronel Videla 1085,,,,Claudia Alcaraz,,,3584191760,,5,2,,No,0,No,0,No,///,No,///,Sí,Sí,No,///,///,///,///,///,No,///,No,///,No,Sí,Sí,CAPS 14,Sí,No,4,,,,,,,,
Ciudad Nueva,GS-B-00757,17/2/2025 10:00:27,,jesiceballospomiglio30@gmail.com,Zarco 1665,,,,Juana rosa heredia,,,3586024809,,4,1,,Sí,1,No,0,No,///,No,///,Sí,No,No,///,///,///,///,///,Sí,Sí,No,///,No,Sí,No,///,No,Sí,1,,,,,,,,
Ciudad Nueva,GS-B-00758,17/2/2025 10:00:33,,rodrigosira533@gmail.com,...,,,,...,,,...,,4,1,,No,0,No,0,No,///,No,///,Sí,Sí,No,///,///,///,///,///,No,///,No,///,No,Sí,Sí,CAPS 12,No,No,2,,,,,,,,
Ciudad Nueva,GS-B-00759,17/2/2025 10:00:53,,lorensacosts@gmail.com,PJE público 3327,,,,Liliana,,,3585105425,,6,4,,No,0,Sí,1,No,///,No,///,Sí,Sí,Sí,"Discapacidad física: Incluye limitaciones en la movilidad y funciones físicas, como la paraplejia, amputaciones y trastornos del movimiento.",Sí,No,///,Porque tuvo un acv,Sí,Sí,No,///,No,Sí,Sí,CAPS 12,No,Sí,4,,,,,,,,
Ciudad Nueva,GS-B-00760,17/2/2025 10:01:36,,consultoriosalud23@gmail.com,12 agosto 0816,,,,Ana Yamila,,,3584287388,,6,2,,No,0,No,0,Sí,...,Sí,///,Sí,Sí,Sí,"Discapacidad física: Incluye limitaciones en la movilidad y funciones físicas, como la paraplejia, amputaciones y trastornos del movimiento.",Sí,No,///,///,No,///,No,///,No,Sí,Sí,CAPS 14,No,No,3,,,,,,,,
Ciudad Nueva,GS-B-00761,17/2/2025 10:01:54,,mateotosco303@gmail.com,Pasaje Drago 3649 (Casa) Trabajo 1055 Francisco Sarco esquina pasaje drago,,,,Nancy Adriana Páez,,,3585731272,,3,2,,No,0,No,0,No,///,No,///,Sí,Sí,No,///,///,///,///,///,No,///,///,///,No,Sí,Sí,CAPS 12,No,No,4,,,,,,,,
Ciudad Nueva,GS-B-00762,17/2/2025 10:02:28,,revueltajazmin@gmail.com,Calle sin número 3330 casa naranja al fondo,,,,...,,,...,,2,0,,Sí,1,No,0,No,///,No,///,Sí,No,No,///,///,///,///,///,No,///,///,///,No,///,Sí,CAPS 12,.,No lo sé,2,,,,,,,,
Ciudad Nueva,GS-B-00763,17/2/2025 10:02:39,,valenpereletegui@gmail.com,Cnel Videla 1046,,,,...,,,...,,4,3,,No,0,No,0,No,///,No,///,Sí,Sí,Sí,"Discapacidad intelectual: Comprende condiciones que afectan el funcionamiento cognitivo y la capacidad de aprendizaje, como el síndrome de Down y otros trastornos del desarrollo intelectual.",Sí,No,///,///,Sí,Sí,No,///,No,Sí,Sí,CAPS 12,Sí,No,4,,,,,,,,
Ciudad Nueva,GS-B-00764,17/2/2025 10:03:23,,milseitz@gmail.com,Dinkeldein 3635,,,,Grecia ruartes,,,...,,2,0,,No,0,No,0,Sí,...,No,///,Sí,Sí,No,///,///,///,///,///,No,///,///,///,Sí,///,Sí,CAPS 12,No,No,4,,,,,,,,
Ciudad Nueva,GS-B-00765,17/2/2025 10:03:34,,subse.nafriocuarto@gmail.com,Gaudard 3327,,,,Mia,,,3584126210,,7,1,,No,0,No,0,Sí,...,No,///,Sí,Sí,No,///,///,///,///,///,Sí,Sí,No,///,No,Sí,Sí,CAPS 14,No,No,4,,,,,,,,
Ciudad Nueva,GS-B-00766,17/2/2025 10:03:40,,lucaspinfer15@gmail.com,Andrés terzaga 825,,,,Miguel Angel Domínguez,,,3585127473,,5,4,,Sí,5,No,0,Sí,...,No,///,Sí,Sí,Sí,"Discapacidad física: Incluye limitaciones en la movilidad y funciones físicas, como la paraplejia, amputaciones y trastornos del movimiento.",No,No,///,Por temas personales,No,///,///,///,No,Sí,Sí,CAPS 12,Sí,No,4,,,,,,,,
Ciudad Nueva,GS-B-00767,17/2/2025 10:04:38,,nani.83chaves@gmail.com,...,,,,Rita marquez,,,3584873660,,5,1,,No,0,No,0,Sí,...,No,///,Sí,Sí,No,///,///,///,///,///,No,///,///,///,No,Sí,No,///,No,No,4,,,,,,,,
Ciudad Nueva,GS-B-00768,17/2/2025 10:06:39,,direcciondeprevencionriocuarto@gmail.com,Dinkeldein 3627,,,,Eva,,,3584369762,,2,0,,No,0,No,0,No,///,No,///,Sí,Sí,No,///,///,///,///,///,No,///,///,///,No,///,Sí,CAPS 12,Sí,No,2,,,,,,,,
Ciudad Nueva,GS-B-00769,17/2/2025 10:06:39,,subsecretariadeninez@riocuarto.gov.ar,Drago 3334,,,,Maria Urquiza,,,3585149999,,5,2,,Sí,1,No,0,No,///,Sí,///,Sí,Sí,Sí,"Discapacidad física: Incluye limitaciones en la movilidad y funciones físicas, como la paraplejia, amputaciones y trastornos del movimiento.",Sí,No,///,///,Sí,Sí,No,///,No,Sí,Sí,CAPS 12,Sí,No,3,,,,,,,,
Ciudad Nueva,GS-B-00770,17/2/2025 10:06:45,,ochoaandrea078@gmail.com,12 de agosto 826,,,,Matilde Domínguez,,,3584265804,,7,5,,No,0,No,0,Sí,...,Sí,///,Sí,Sí,No,///,///,///,///,///,No,///,///,///,No,Sí,Sí,CAPS 12,No,No,4,,,,,,,,
Ciudad Nueva,GS-B-00771,17/2/2025 10:08:12,,maxibuch87@gmail.com,Pje 12 de agosto 856,,,,Amaya Macarena,,,3586019478,,4,2,,No,0,No,0,No,///,No,///,Sí,Sí,No,///,///,///,///,///,No,///,///,///,No,Sí,No,///,No,No,4,,,,,,,,
Ciudad Nueva,GS-B-00772,17/2/2025 10:08:53,,lorensacosts@gmail.com,PJE público 3335,,,,Solange,,,3585170092,,4,2,,No,0,No,0,No,///,No,///,Sí,Sí,No,///,///,///,///,///,Sí,No,No,///,No,Sí,Sí,CAPS 12,No,No,4,,,,,,,,
Ciudad Nueva,GS-B-00773,17/2/2025 10:09:50,,jesiceballospomiglio30@gmail.com,Zarco esquina drago,,,,Miguel geronimo Blanco,,,3584118128,,1,0,,No,0,No,0,No,///,No,///,Sí,No,No,///,///,///,///,///,Sí,Sí,No,///,No,///,No,///,Sí,No,1,,,,,,,,
Ciudad Nueva,GS-B-00774,17/2/2025 10:09:51,,subsecretariadelasmujeresrio4@gmail.com,Coronel Videla 1065,,,,Lourdes Diaz,,,3584862165,,5,2,,No,0,No,0,Sí,...,Sí,///,Sí,Sí,No,///,///,///,///,///,No,///,///,///,No,Sí,Sí,CAPS 14,No,No,4,,,,,,,,
Ciudad Nueva,GS-B-00775,17/2/2025 10:09:58,,revueltajazmin@gmail.com,Calle sin número 3388,,,,...,,,...,,4,2,,No,0,No,0,Sí,...,No,///,Sí,Sí,No,///,///,///,///,///,No,///,///,///,No,Sí,Sí,CAPS 12,No,No,2,,,,,,,,
Ciudad Nueva,GS-B-00776,17/2/2025 10:10:10,,josefinaandres88@gmail.com,...,,,,Maria,,,3584923451,,5,3,,No,0,No,0,Sí,...,No,///,Sí,Sí,No,///,///,///,///,///,No,///,///,///,No,Sí,Sí,CAPS 11,Sí,No,3,,,,,,,,
Ciudad Nueva,GS-B-00777,17/2/2025 10:10:19,,moyanofacundo88@gmail.com,Psj publico 3374,,,,Nanci teresa aguero,,,3584284124,,2,0,,Sí,1,No,0,Sí,...,Sí,///,Sí,No,No,///,///,///,///,///,No,///,///,///,No,///,Sí,///,Sí,No,2,,,,,,,,
Ciudad Nueva,GS-B-00778,17/2/2025 10:10:23,,rodrigosira533@gmail.com,...,,,,...,,,...,,6,3,,No,0,No,0,No,///,No,///,Sí,Sí,Sí,"Discapacidad física: Incluye limitaciones en la movilidad y funciones físicas, como la paraplejia, amputaciones y trastornos del movimiento.",Sí,Sí,Deporte Adaptado,///,Sí,Sí,No,///,No,Sí,Sí,CAPS 12,No,No,4,,,,,,,,
Ciudad Nueva,GS-B-00779,17/2/2025 10:10:43,,saritacarranza2022@gmail.com,Pasaje aconquija  3374,,,,Paola oviedo,,,3512006377,,3,1,,No,0,No,0,Sí,...,No,///,Sí,Sí,No,///,///,///,///,///,No,///,///,///,No,Sí,No,///,Sí,Prefiero no decirlo,4,,,,,,,,
Ciudad Nueva,GS-B-00780,17/2/2025 10:10:44,,valenpereletegui@gmail.com,Cnel videla 1026,,,,...,,,...,,5,2,,No,0,No,0,Sí,...,No,///,Sí,Sí,No,///,///,///,///,///,Sí,Sí,No,///,No,Sí,Sí,CAPS 12,Sí,No,2,,,,,,,,
Ciudad Nueva,GS-B-00781,17/2/2025 10:11:15,,lucaspinfer15@gmail.com,Terzaga 856,,,,...,,,...,,1,1,,Sí,1,Sí,1,.,///,No,///,No,No,No,///,///,///,///,///,No,.,///,///,No,///,.,CAPS 12,.,No,1,,,,,,,,
Ciudad Nueva,GS-B-00782,17/2/2025 10:11:28,,raulgaray327@gmail.com,Francisco sarco 988,,,,Susana,,,3584242289,,6,2,,No,0,No,0,Sí,...,No,///,Sí,Sí,Sí,"Discapacidad del aprendizaje: Incluye dificultades específicas de aprendizaje, como la dislexia y el trastorno por déficit de atención e hiperactividad (TDAH).",.,No,///,No sé lo han ofrecido y si necesitan un programa para su discapacidad,Sí,Sí,.,.,No,Sí,Sí,CAPS 12,Sí,Sí,2,,,,,,,,
Ciudad Nueva,GS-B-00783,17/2/2025 10:11:28,,divisionadicciones@gmail.com,Cnel videla 1036,,,,Juan,,,3585178737,,3,0,,No,0,No,0,No,///,No,///,Sí,No,Sí,"Discapacidad física: Incluye limitaciones en la movilidad y funciones físicas, como la paraplejia, amputaciones y trastornos del movimiento.",Sí,No,///,Movilidad  reducida,Sí,Sí,No,///,No,Sí,Sí,CAPS 12,Sí,Sí,3,,,,,,,,
Ciudad Nueva,GS-B-00784,17/2/2025 10:13:56,,milseitz@gmail.com,Dinkeldein 3585,,,,Mayra,,,3585487594,,4,2,,No,0,No,0,Sí,...,No,///,Sí,Sí,No,///,///,///,///,///,No,///,///,///,No,Sí,Sí,CAPS 12,No,No,4,,,,,,,,
Ciudad Nueva,GS-B-00785,17/2/2025 10:15:23,,paula.soledad.morales@gmail.com,Pasaje drago,,,,Pedro,,,3584309705,,1,0,,No,0,No,0,No,///,No,///,Sí,Sí,No,///,///,///,///,///,Sí,Sí,No,///,No,///,Sí,///,No,No,4,,,,,,,,
Ciudad Nueva,GS-B-00786,17/2/2025 10:15:49,,mateotosco303@gmail.com,Pje drago 3374,,,,Víctor Eduardo Muñoz,,,154832253,,6,3,,No,0,No,0,No,///,No,///,Sí,Sí,No,///,///,///,///,///,Sí,Sí,No,///,No,Sí,Sí,CAPS 12,Sí,No,2,,,,,,,,
Ciudad Nueva,GS-B-00787,17/2/2025 10:16:22,,lorensacosts@gmail.com,PJE público 3343,,,,Gisela,,,3.58E+09,,4,1,,No,0,No,0,No,///,No,///,Sí,Sí,No,///,///,///,///,///,No,///,///,///,No,Sí,Sí,CAPS 12,No,No,4,,,,,,,,
Ciudad Nueva,GS-B-00788,17/2/2025 10:17:22,,natyvgomez2011@gmail.com,...,,,,Monica,,,3584819957,,4,1,,No,0,No,0,Sí,...,No,///,Sí,No,Sí,"Discapacidad del aprendizaje: Incluye dificultades específicas de aprendizaje, como la dislexia y el trastorno por déficit de atención e hiperactividad (TDAH).",Sí,No,///,///,No,///,///,///,No,Sí,Sí,CAPS 12,Sí,No,4,,,,,,,,
Ciudad Nueva,GS-B-00789,17/2/2025 10:17:34,,adriclucero2020@gmail.com,Pasaje Publico 1621,,,,Pablo Azcurra,,,...,,6,4,,No,0,No,0,No,///,No,///,No,No,No,///,///,///,///,///,Sí,Sí,No,///,No,Sí,Sí,CAPS 12,Sí,No,2,,,,,,,,
Ciudad Nueva,GS-B-00790,17/2/2025 10:18:35,,consultoriosalud23@gmail.com,12 de Agosto no sabe,,,,Tatiana,,,358731379,,2,2,,No,0,No,0,.,///,.,///,Sí,Sí,Sí,"Discapacidad intelectual: Comprende condiciones que afectan el funcionamiento cognitivo y la capacidad de aprendizaje, como el síndrome de Down y otros trastornos del desarrollo intelectual.",Sí,.,///,///,No,.,.,///,No,Sí,Sí,CAPS 12,.,No lo sé,3,,,,,,,,
Ciudad Nueva,GS-B-00791,17/2/2025 10:18:48,,subse.nafriocuarto@gmail.com,GAURDARD 3359,,,,Lucia,,,3585717890,,7,1,,No,0,Sí,1,Sí,...,No,///,Sí,Sí,No,///,///,///,///,///,Sí,No,No,///,No,Sí,Sí,CAPS 14,Sí,No,3,,,,,,,,
Ciudad Nueva,GS-B-00792,17/2/2025 10:19:30,,rominasesma@gmail.com,Goudard 3535,,,,Ramiro,,,3584246284,,3,1,,No,0,No,0,No,///,No,///,Sí,Sí,No,///,///,///,///,///,No,///,///,///,No,Sí,No,///,No,No,4,,,,,,,,
Ciudad Nueva,GS-B-00793,17/2/2025 10:19:32,,revueltajazmin@gmail.com,3526 calle sin número (chapas al frente)/,,,,Luis Martin robledo,,,...,,2,0,,No,0,Sí,1,No,///,No,///,Sí,Sí,No,///,///,///,///,///,Sí,Sí,No,///,No,///,Sí,.,No,No,3,,,,,,,,
Ciudad Nueva,GS-B-00794,17/2/2025 10:19:41,,saritacarranza2022@gmail.com,Pasaje aconquija 2427,,,,Claudia marcela olmedo,,,...,,5,2,,No,0,No,0,No,///,No,///,Sí,Sí,No,///,///,///,///,///,No,///,Sí,///,No,Sí,No,///,Sí,No,4,,,,,,,,
Ciudad Nueva,GS-B-00795,17/2/2025 10:19:42,,ochoaandrea078@gmail.com,12 de agosto 906,,,,Gloria,,,...,,2,0,,No,0,No,0,No,///,No,///,Sí,Sí,No,///,///,///,///,///,Sí,Sí,No,///,No,///,No,///,Sí,No,4,,,,,,,,
Ciudad Nueva,GS-B-00796,17/2/2025 10:19:44,,valenpereletegui@gmail.com,Cnel Videla 1016,,,,...,,,...,,6,2,,No,0,Sí,1,No,///,No,///,Sí,No,No,///,///,///,///,///,Sí,Sí,No,///,No,Sí,Sí,CAPS 12,No,No,3,,,,,,,,
Ciudad Nueva,GS-B-00797,17/2/2025 10:20:27,,gferrer214@gmail.com,...,,,,Verónica Maldonado,,,...,,5,2,,No,0,No,0,No,///,No,///,Sí,Sí,No,///,///,///,///,///,No,///,///,///,No,Sí,Sí,.,No,No,2,,,,,,,,
Ciudad Nueva,GS-B-00798,17/2/2025 10:20:51,,subsecretariadelasmujeresrio4@gmail.com,Coronel Videla 1055,,,,Norma,,,...,,1,0,,No,0,No,0,No,///,No,///,Sí,Sí,No,///,///,///,///,///,Sí,Sí,Sí,Argentinos,No,///,No,///,Sí,No,3,,,,,,,,
Ciudad Nueva,GS-B-00799,17/2/2025 10:21:16,,anahiver.07@gmail.com,Pasaje Drago 3658,,,,...,,,...,,4,2,,No,0,No,0,Sí,...,No,///,Sí,No,No,///,///,///,///,///,No,///,///,///,No,Sí,Sí,CAPS 12,No,No,2,,,,,,,,
Ciudad Nueva,GS-B-00800,17/2/2025 10:21:20,,mansilladariogustavo@gmail.com,Andres Terzaga 876,,,,Ricardo Escudero DNI 20079690,,,3585188962,,1,0,,Sí,1,No,0,No,///,No,///,Sí,Sí,No,///,///,///,///,///,No,///,///,///,No,///,Sí,S24 Sur,No,No,4,,,,,,,,
Ciudad Nueva,GS-B-00801,17/2/2025 10:21:32,,josefinaandres88@gmail.com,...,,,,...,,,...,,4,2,,No,0,No,0,Sí,...,No,///,Sí,Sí,No,///,///,///,///,///,No,///,///,///,No,Sí,Sí,CAPS 12,No,No,4,,,,,,,,
Ciudad Nueva,GS-B-00802,17/2/2025 10:21:44,,jesiceballospomiglio30@gmail.com,Zarco 1045,,,,Leonardo favio armando,,,3585149148,,6,2,,Sí,1,No,0,Sí,...,No,///,Sí,Sí,Sí,"Discapacidad física: Incluye limitaciones en la movilidad y funciones físicas, como la paraplejia, amputaciones y trastornos del movimiento.",Sí,No,///,///,Sí,Sí,No,///,No,Sí,No,///,No,Prefiero no decirlo,1,,,,,,,,
Ciudad Nueva,GS-B-00803,17/2/2025 10:23:44,,lucaspinfer15@gmail.com,Andrés terzaga 886,,,,...,,,3584386231,,2,2,,Sí,2,Sí,1,Sí,...,No,///,Sí,Sí,No,///,///,///,///,///,No,///,Sí,.,No,Sí,Sí,CAPS 12,No,No,2,,,,,,,,
Ciudad Nueva,GS-B-00804,17/2/2025 10:24:16,,toledohectorariel04@gmail.com,12 de Agosto 916,,,,Carina,,,358-4257378,,7,3,,Sí,1,No,0,Sí,...,No,///,Sí,Sí,No,///,///,///,///,///,No,///,///,///,Sí,Sí,Sí,CAPS 14,No,No,3,,,,,,,,
Ciudad Nueva,GS-B-00805,17/2/2025 10:25:08,,sonialiliana91@gmail.com,Pje Aconquija 3426,,,,Lorena,,,3586013328,,6,1,,No,0,No,0,No,///,No,///,Sí,Sí,Sí,"Discapacidad psicosocial: Abarca trastornos mentales y emocionales que afectan la interacción social y la salud emocional, como la depresión, la ansiedad y la esquizofrenia.",No,No,///,Por el costo económico,No,///,///,///,No,Sí,No,///,Sí,Sí,3,,,,,,,,
Ciudad Nueva,GS-B-00806,17/2/2025 10:25:24,,rodrigosira533@gmail.com,...,,,,...,,,...,,3,0,,No,0,No,0,No,///,No,///,No,Sí,Sí,Discapacidad sensorial: Agrupa la pérdida de capacidades auditivas (sordera) y visuales (ceguera y baja visión).,Sí,No,///,///,Sí,Sí,No,///,Sí,Sí,Sí,CAPS 12,Sí,No,1,,,,,,,,
Ciudad Nueva,GS-B-00807,17/2/2025 10:25:41,,moyanofacundo88@gmail.com,Psj publico 3526,,,,Navarro patricia,,,3584322388,,9,3,,No,0,No,0,No,///,No,///,Sí,Sí,No,///,///,///,///,///,No,///,///,///,No,Sí,Sí,Centro de Salud,Sí,No,4,,,,,,,,
Ciudad Nueva,GS-B-00808,17/2/2025 10:25:50,,mateotosco303@gmail.com,Pje Santiago drago 3426,,,,Cintia Farías,,,3584360528,,4,0,,No,0,No,0,No,///,No,///,Sí,Sí,No,///,///,///,///,///,No,///,///,///,.,Sí,Sí,CAPS 12,No,No lo sé,4,,,,,,,,
Ciudad Nueva,GS-B-00809,17/2/2025 10:27:03,,subse.nafriocuarto@gmail.com,Gaudard 3367,,,,Marisa,,,3585721402,,3,1,,No,0,No,0,Sí,...,No,///,Sí,Sí,No,///,///,///,///,///,Sí,Sí,No,///,No,Sí,Sí,CAPS 12,No,No,4,,,,,,,,
Ciudad Nueva,GS-B-00810,17/2/2025 10:27:53,,raulgaray327@gmail.com,Francisco Zarco,,,,Yamilé Funes,,,3585174975,,6,1,,No,0,Sí,1,.,///,No,///,Sí,Sí,No,///,///,///,///,///,Sí,No,No,///,No,Sí,Sí,CAPS 12,Sí,No,2,,,,,,,,
Ciudad Nueva,GS-B-00811,17/2/2025 10:28:31,,saritacarranza2022@gmail.com,Pasaje aconquija 33435,,,,Nilda,,,3585186426,,3,1,,No,0,No,0,No,///,No,///,Sí,Sí,No,///,///,///,///,///,Sí,Sí,No,///,Sí,///,No,///,No,Sí,4,,,,,,,,
Ciudad Nueva,GS-B-00812,17/2/2025 10:28:50,,consultoriosalud23@gmail.com,12 agosto 0976,,,,Marcela,,,3586016877,,3,0,,No,0,No,0,No,///,No,///,Sí,Sí,No,///,///,///,///,///,No,///,///,///,No,///,Sí,CAPS 12,Sí,No,4,,,,,,,,
Ciudad Nueva,GS-B-00813,17/2/2025 10:28:53,,milseitz@gmail.com,Dinkeldein 3527,,,,Gimenez victor,,,...,,6,2,,No,0,No,0,Sí,...,No,///,Sí,No,No,///,///,///,///,///,No,///,///,///,No,Sí,Sí,CAPS 12,No,No,2,,,,,,,,
Ciudad Nueva,GS-B-00814,17/2/2025 10:29:34,,direcciondeprevencionriocuarto@gmail.com,Dinkeldein 3583,,,,Nicolay Elsa Esther,,,...,,4,0,,No,0,.,.,Sí,...,Sí,///,No,No,Sí,"Discapacidad física: Incluye limitaciones en la movilidad y funciones físicas, como la paraplejia, amputaciones y trastornos del movimiento.",No,No,///,No tiene información,Sí,Sí,No,///,No,///,Sí,S24 Sur,Sí,Sí,3,,,,,,,,
Ciudad Nueva,GS-B-00815,17/2/2025 10:30:03,,anahiver.07@gmail.com,Goudard 3608,,,,Cintia,,,...,,5,2,,No,0,No,0,Sí,...,No,///,Sí,Sí,No,///,///,///,///,///,No,///,///,///,No,Sí,Sí,CAPS 12,Sí,No,4,,,,,,,,
Ciudad Nueva,GS-B-00816,17/2/2025 10:30:14,,paula.soledad.morales@gmail.com,Pasaje drago 3427,,,,Silvana Cordero,,,...,,2,0,,No,0,No,0,No,///,No,///,Sí,Sí,No,///,///,///,///,///,No,///,///,///,No,///,Sí,CAPS 12,Sí,No,4,,,,,,,,
Ciudad Nueva,GS-B-00817,17/2/2025 10:30:36,,josefinaandres88@gmail.com,...,,,,...,,,...,,4,1,,No,0,No,0,Sí,...,No,///,Sí,Sí,No,///,///,///,///,///,No,///,///,///,No,Sí,Sí,CAPS 12,Sí,No,4,,,,,,,,
Ciudad Nueva,GS-B-00818,17/2/2025 10:32:06,,rodrigosira533@gmail.com,...,,,,...,,,...,,5,2,,Sí,2,No,0,No,///,No,///,Sí,Sí,No,///,///,///,///,///,No,///,///,///,No,Sí,No,///,Sí,No,4,,,,,,,,
Ciudad Nueva,GS-B-00819,17/2/2025 10:32:08,,divisionadicciones@gmail.com,Cnel videla 996,,,,Margarita oviedo,,,3586104135,,6,3,,No,0,No,0,Sí,...,No,///,Sí,Sí,Sí,"Discapacidad múltiple: Se refiere a personas que presentan combinaciones de dos o más tipos de discapacidad, afectando diversas áreas de su vida.",No,No,///,No conocía,No,///,///,///,No,Sí,Sí,CAPS 12,Sí,Sí,1,,,,,,,,
Ciudad Nueva,GS-B-00820,17/2/2025 10:32:09,,ochoaandrea078@gmail.com,12 de agosto 975,,,,Osmar Gonzalez,,,...,,1,1,,No,0,No,0,No,///,Sí,///,No,No,No,///,///,///,///,///,Sí,No,No,///,No,///,No,///,Sí,No,1,,,,,,,,
Ciudad Nueva,GS-B-00821,17/2/2025 10:32:31,,gferrer214@gmail.com,...,,,,Claudia Flores,,,...,,8,5,,No,0,No,0,Sí,...,No,///,Sí,Sí,No,///,///,///,///,///,Sí,Sí,No,///,No,Sí,Sí,CAPS 12,No,No,1,,,,,,,,
Ciudad Nueva,GS-B-00822,17/2/2025 10:32:51,,jesiceballospomiglio30@gmail.com,Zarco 995,,,,Carlos arguello,,,3584174609,,2,2,,Sí,1,No,0,No,///,No,///,Sí,Sí,No,///,///,///,///,///,No,///,///,///,No,Sí,No,///,No,No lo sé,4,,,,,,,,
Ciudad Nueva,GS-B-00823,17/2/2025 10:33:28,,delfinadehaes@gmail.com,...,,,,...,,,...,,4,1,,No,0,No,0,Sí,...,No,///,Sí,Sí,Sí,"Discapacidad múltiple: Se refiere a personas que presentan combinaciones de dos o más tipos de discapacidad, afectando diversas áreas de su vida.",Sí,No,///,"Va a lugares privados, pero quiere lugar publico",No,///,///,///,No,Sí,No,///,No,No,4,,,,,,,,
Ciudad Nueva,GS-B-00824,17/2/2025 10:33:43,,mansilladariogustavo@gmail.com,Andres terzada 896,,,,"No se esplaya en las respuesta,  respuesta muy cerrada",,,3585833167,,4,1,,No,0,No,0,No,///,No,///,Sí,Sí,No,///,///,///,///,///,No,///,///,///,No,.,Sí,CAPS 12,No,No,4,,,,,,,,
Ciudad Nueva,GS-B-00825,17/2/2025 10:34:51,,toledohectorariel04@gmail.com,12 de Agosto 986,,,,Brisa,,,...,,3,0,,Sí,1,No,0,No,///,No,///,Sí,Sí,No,///,///,///,///,///,No,///,///,///,No,Sí,.,.,No,No,4,,,,,,,,
Ciudad Nueva,GS-B-00826,17/2/2025 10:34:59,,germanrio444@gmail.com,Pje público 3534,,,,Ponce norma,,,3584867204,,3,0,,No,0,No,0,No,///,No,///,Sí,Sí,Sí,"Discapacidad física: Incluye limitaciones en la movilidad y funciones físicas, como la paraplejia, amputaciones y trastornos del movimiento.",No,No,///,No tiene medios económicos ni movilidad,Sí,Sí,No,///,No,///,No,///,Sí,No,4,,,,,,,,
Ciudad Nueva,GS-B-00827,17/2/2025 10:35:03,,maxibuch87@gmail.com,Pje 12 de agosto 936,,,,Delia Petrona Rios,,,3585719963,,4,1,,No,0,No,0,No,///,Sí,///,Sí,Sí,Sí,"Discapacidad intelectual: Comprende condiciones que afectan el funcionamiento cognitivo y la capacidad de aprendizaje, como el síndrome de Down y otros trastornos del desarrollo intelectual.",Sí,No,///,Por no tiene capacidad intelectual,No,///,///,///,No,Sí,Sí,CAPS 12,Sí,Sí,4,,,,,,,,
Ciudad Nueva,GS-B-00828,17/2/2025 10:35:09,,anahiver.07@gmail.com,Goudard 3550,,,,Karina,,,...,,4,3,,No,0,No,0,Sí,...,No,///,Sí,Sí,No,///,///,///,///,///,No,///,///,///,No,Sí,Sí,CAPS 12,No,No,4,,,,,,,,
Ciudad Nueva,GS-B-00829,17/2/2025 10:35:11,,saritacarranza2022@gmail.com,Pasaje aconquija 3435 dto interno,,,,Analiz leonela,,,3585753518,,7,5,,No,0,No,0,Sí,...,No,///,Sí,Sí,No,///,///,///,///,///,No,///,///,///,No,Sí,Sí,CAPS 12,No,No,4,,,,,,,,
Ciudad Nueva,GS-B-00830,17/2/2025 10:35:23,,subsecretariadelasmujeresrio4@gmail.com,Coronel Videla 1025,,,,Mario,,,...,,6,0,,No,0,No,0,No,///,No,///,Sí,Sí,No,///,///,///,///,///,No,///,///,///,No,Sí,Sí,CAPS 12,Sí,No,4,,,,,,,,
Ciudad Nueva,GS-B-00831,17/2/2025 10:35:41,,revueltajazmin@gmail.com,Goudard 3558,,,,Milagros,,,...,,4,1,,No,0,Sí,1,Sí,...,No,///,Sí,Sí,Sí,"Discapacidad intelectual: Comprende condiciones que afectan el funcionamiento cognitivo y la capacidad de aprendizaje, como el síndrome de Down y otros trastornos del desarrollo intelectual.",Sí,Sí,Deporte Adaptado,///,No,///,///,///,No,Sí,Sí,CAPS 14,Sí,No,2,,,,,,,,
Ciudad Nueva,GS-B-00832,17/2/2025 10:36:18,,consultoriosalud23@gmail.com,12 de Agosto 996,,,,Maria Cristina,,,3585049039,,10,3,,No,0,No,0,No,///,No,///,Sí,Sí,Sí,"Discapacidad física: Incluye limitaciones en la movilidad y funciones físicas, como la paraplejia, amputaciones y trastornos del movimiento.",.,No,///,No sabe. Epilepsia,No,.,.,.,No,Sí,Sí,CAPS 12,Sí,No,2,,,,,,,,
Ciudad Nueva,GS-B-00833,17/2/2025 10:36:45,,adriclucero2020@gmail.com,Goudar 3612,,,,Brenda,,,...,,5,3,,No,0,No,0,No,///,Sí,///,Sí,Sí,No,///,///,///,///,///,No,///,///,///,No,Sí,Sí,CAPS 12,No,No,4,,,,,,,,
Ciudad Nueva,GS-B-00834,17/2/2025 10:36:53,,subsecretariadeninez@riocuarto.gov.ar,...,,,,Santiago alcaraz,,,...,,6,3,,No,0,No,0,No,///,No,///,Sí,Sí,No,///,///,///,///,///,Sí,Sí,No,///,No,Sí,Sí,.,Sí,No,4,,,,,,,,
Ciudad Nueva,GS-B-00835,17/2/2025 10:37:31,,mateotosco303@gmail.com,Santiago drago 3550,,,,Jacqueline Vottero,,,3584836276,,5,4,,No,0,No,0,No,///,No,///,Sí,Sí,No,///,///,///,///,///,No,///,///,///,No,Sí,Sí,CAPS 12,No,No lo sé,2,,,,,,,,
Ciudad Nueva,GS-B-00836,17/2/2025 10:37:38,,lorensacosts@gmail.com,PJE público 3527,,,,Juan,,,...,,4,2,,No,0,No,0,Sí,...,No,///,Sí,Sí,Sí,"Discapacidad física: Incluye limitaciones en la movilidad y funciones físicas, como la paraplejia, amputaciones y trastornos del movimiento.",Sí,No,///,///,No,///,///,///,No,Sí,Sí,CAPS 12,Sí,No,4,,,,,,,,
Ciudad Nueva,GS-B-00837,17/2/2025 10:37:49,,valenpereletegui@gmail.com,Cnel Videla 946,,,,...,,,...,,2,0,,No,0,No,0,No,///,No,///,Sí,Sí,No,///,///,///,///,///,No,///,///,///,No,Sí,No,///,Sí,No,1,,,,,,,,
Ciudad Nueva,GS-B-00838,17/2/2025 10:37:52,,raulgaray327@gmail.com,Francisco Zarco 888,,,,Rosa,,,...,,3,0,,No,0,No,0,No,///,No,///,Sí,Sí,Sí,"Discapacidad física: Incluye limitaciones en la movilidad y funciones físicas, como la paraplejia, amputaciones y trastornos del movimiento.",No,No,///,Porque no se les ocurre dónde ir,Sí,Sí,.,.,No,///,No,///,Sí,No,3,,,,,,,,
Ciudad Nueva,GS-B-00839,17/2/2025 10:37:55,,paula.soledad.morales@gmail.com,Pasaje drago 3443,,,,...,,,...,,4,2,,No,0,No,0,Sí,...,No,///,Sí,Sí,No,///,///,///,///,///,No,///,///,///,No,Sí,Sí,CAPS 4,No,No,4,,,,,,,,
Ciudad Nueva,GS-B-00840,17/2/2025 10:38:26,,josefinaandres88@gmail.com,...,,,,...,,,...,,4,1,,No,0,No,0,No,///,No,///,Sí,Sí,No,///,///,///,///,///,Sí,No,.,///,No,Sí,Sí,CAPS 7,No,No,4,,,,,,,,
Ciudad Nueva,GS-B-00841,17/2/2025 10:40:59,,milseitz@gmail.com,Dinkeldein 3525,,,,Dayana votero,,,3586028249,,7,5,,No,0,No,0,Sí,...,No,///,Sí,Sí,Sí,Discapacidad sensorial: Agrupa la pérdida de capacidades auditivas (sordera) y visuales (ceguera y baja visión).,Sí,No,///,///,No,///,///,///,No,Sí,Sí,CAPS 12,No,No,4,,,,,,,,
Ciudad Nueva,GS-B-00842,17/2/2025 10:41:10,,moyanofacundo88@gmail.com,Pje publico 3550,,,,Elvio daniel diaz,,,...,,1,0,,No,0,No,0,No,///,No,///,No,No,No,///,///,///,///,///,Sí,No,No,///,No,No,Sí,CAPS 12,Sí,No,4,,,,,,,,
Ciudad Nueva,GS-B-00843,17/2/2025 10:41:22,,saritacarranza2022@gmail.com,Pasaje aconquija 3451,,,,Jimena cabrera,,,3584262016,,2,0,,No,0,No,0,No,///,No,///,Sí,Sí,No,///,///,///,///,///,No,///,///,///,No,///,No,///,No,No,4,,,,,,,,
Ciudad Nueva,GS-B-00844,17/2/2025 10:41:34,,subsecretariadelasmujeresrio4@gmail.com,Coronel Videla 1015,,,,...,,,...,,1,0,,No,0,No,0,No,///,No,///,Sí,Sí,No,///,///,///,///,///,Sí,Sí,No,///,No,///,No,///,Sí,No,2,,,,,,,,
Ciudad Nueva,GS-B-00845,17/2/2025 10:41:56,,subse.nafriocuarto@gmail.com,Gaudard 976,,,,Juan,,,...,,2,0,,No,0,Sí,1,No,///,No,///,No,No,No,///,///,///,///,///,Sí,Sí,.,.,No,Sí,No,///,No,No,4,,,,,,,,
Ciudad Nueva,GS-B-00846,17/2/2025 10:42:04,,nani.83chaves@gmail.com,Estrada 343,,,,Santiago arcostanzo,,,3585481600,,3,0,,No,0,No,0,Sí,...,No,///,Sí,Sí,No,///,///,///,///,///,No,///,///,No,No,Sí,Sí,S24 Sur,No,No,4,,,,,,,,
Ciudad Nueva,GS-B-00847,17/2/2025 10:43:05,,ochoaandrea078@gmail.com,12 de agosto 995,,,,Julia,,,3585740385,,5,3,,No,0,No,0,Sí,...,No,///,Sí,Sí,No,///,///,///,///,///,No,///,///,///,No,Sí,No,///,Sí,No,4,,,,,,,,
Ciudad Nueva,GS-B-00848,17/2/2025 10:43:37,,lucaspinfer15@gmail.com,Andrés Terzaga 935,,,,...,,,3584182034,,4,0,,Sí,4,Sí,1,Sí,...,No,///,Sí,Sí,No,///,///,///,///,///,Sí,.,.,///,No,Sí,Sí,CAPS 12,No,No,4,,,,,,,,
Ciudad Nueva,GS-B-00849,17/2/2025 10:44:12,,mateotosco303@gmail.com,Drago 3566,,,,Ríos maria,,,3585625446,,3,0,,No,0,No,0,No,///,No,///,Sí,Sí,No,///,///,///,///,///,Sí,Sí,No,///,No,Sí,Sí,CAPS 12,Sí,No,4,,,,,,,,
Ciudad Nueva,GS-B-00850,17/2/2025 10:44:33,,jesiceballospomiglio30@gmail.com,...,,,,Alcaraz eliana,,,3586029421,,4,1,,No,0,No,0,Sí,...,No,///,Sí,Sí,No,///,///,///,///,///,No,///,///,///,No,No,Sí,.,Sí,No,2,,,,,,,,
Ciudad Nueva,GS-B-00851,17/2/2025 10:44:55,,sonialiliana91@gmail.com,Pje Aconquija 3442,,,,Ramona teresa,,,3513154591589,,5,2,,No,0,No,0,Sí,...,No,///,Sí,Sí,No,///,///,///,///,///,Sí,Sí,No,///,No,Sí,No,///,No,No,2,,,,,,,,
Ciudad Nueva,GS-B-00852,17/2/2025 10:45:09,,direcciondeprevencionriocuarto@gmail.com,Dinkeldein 3543,,,,Rocío Perrier,,,3585175547,,9,5,,No,0,No,0,Sí,...,No,///,Sí,Sí,Sí,"Discapacidad múltiple: Se refiere a personas que presentan combinaciones de dos o más tipos de discapacidad, afectando diversas áreas de su vida.",Sí,No,///,No tiene tiempo para llevarlo ya que trabaja todo el dia,No,///,///,///,No,Sí,Sí,CAPS 12,Sí,Sí,4,,,,,,,,
Ciudad Nueva,GS-B-00853,17/2/2025 10:45:25,,andreadascencio@gmail.com,Dinkeldein 3551,,,,Brenda antonella vottero,,,358738512,,5,4,,Sí,1,No,0,Sí,...,No,///,Sí,No,No,///,///,///,///,///,No,///,///,///,No,Sí,Sí,CAPS 12,No,No,4,,,,,,,,
Ciudad Nueva,GS-B-00854,17/2/2025 10:45:28,,josefinaandres88@gmail.com,...,,,,Agustin gatica,,,3586104421,,5,2,,No,0,No,0,Sí,...,No,///,Sí,Sí,No,///,///,///,///,///,No,///,///,///,No,Sí,Sí,CAPS 12,Sí,No,4,,,,,,,,
Ciudad Nueva,GS-B-00855,17/2/2025 10:46:05,,maxibuch87@gmail.com,12 de agosto 1026,,,,Carlos iturria,,,358156020838,,6,4,,No,0,No,0,No,///,No,///,Sí,Sí,No,///,///,///,///,///,No,///,///,///,No,Sí,No,///,No,No,4,,,,,,,,
Ciudad Nueva,GS-B-00856,17/2/2025 10:48:17,,natyvgomez2011@gmail.com,...,,,,Gabriela,,,3584859620,,3,1,,No,0,No,0,Sí,...,No,///,Sí,Sí,No,///,///,///,///,///,No,///,///,///,No,Sí,Sí,CAPS 12,Sí,No,4,,,,,,,,
Ciudad Nueva,GS-B-00857,17/2/2025 10:48:33,,delfinadehaes@gmail.com,...,,,,...,,,...,,2,0,,No,0,No,0,No,///,No,///,Sí,Sí,No,///,///,///,///,///,Sí,No,No,///,No,///,Sí,CAPS 12,No,No,4,,,,,,,,
Ciudad Nueva,GS-B-00858,17/2/2025 10:49:13,,saritacarranza2022@gmail.com,Pasaje aconquija 3459,,,,Antonia,,,...,,2,0,,No,0,No,0,No,///,No,///,Sí,No,No,///,///,///,///,///,Sí,Sí,No,///,No,///,No,///,.,No lo sé,4,,,,,,,,
Ciudad Nueva,GS-B-00859,17/2/2025 10:49:21,,consultoriosalud23@gmail.com,12 agosto 1036,,,,Vanina,,,3584819815,,5,4,,No,0,.,.,Sí,...,No,///,Sí,Sí,Sí,"Discapacidad intelectual: Comprende condiciones que afectan el funcionamiento cognitivo y la capacidad de aprendizaje, como el síndrome de Down y otros trastornos del desarrollo intelectual.",Sí,No,///,///,No,///,///,///,No,Sí,Sí,CAPS 12,No,No lo sé,4,,,,,,,,
Ciudad Nueva,GS-B-00860,17/2/2025 10:50:14,,paula.soledad.morales@gmail.com,Pasaje drago 3483,,,,Ester Torradi,,,3584666707,,8,1,,No,0,Sí,1,Sí,...,No,///,Sí,Sí,Sí,Discapacidad sensorial: Agrupa la pérdida de capacidades auditivas (sordera) y visuales (ceguera y baja visión).,Sí,Sí,.,///,Sí,Sí,No,///,No,Sí,Sí,CAPS 12,Sí,No,4,,,,,,,,
Ciudad Nueva,GS-B-00861,17/2/2025 10:50:24,,caricampodonico@gmail.com,Andrés Terzaga 945,,,,Mónica Beatriz Bazán,,,154369982,,4,0,,No,0,No,0,Sí,...,No,///,Sí,Sí,Sí,"Discapacidad física: Incluye limitaciones en la movilidad y funciones físicas, como la paraplejia, amputaciones y trastornos del movimiento.",Sí,No,///,Trabaja,No,///,///,///,No,///,Sí,CAPS 12,Sí,No,4,,,,,,,,
Ciudad Nueva,GS-B-00862,17/2/2025 10:50:37,,subsecretariadelasmujeresrio4@gmail.com,Coronel Videla 895,,,,Lucia,,,...,,5,3,,No,0,No,0,Sí,...,No,///,Sí,Sí,No,///,///,///,///,///,No,///,///,///,No,Sí,Sí,CAPS 12,No,No,4,,,,,,,,
Ciudad Nueva,GS-B-00863,17/2/2025 10:51:10,,mateotosco303@gmail.com,Pje drago 3574,,,,Rosario Jofre,,,...,,1,0,,No,0,No,0,No,///,No,///,Sí,No,No,///,///,///,///,///,Sí,No,.,///,No,///,No,///,Sí,No,1,,,,,,,,
Ciudad Nueva,GS-B-00864,17/2/2025 10:51:52,,rodrigosira533@gmail.com,...,,,,Edelmira,,,...,,2,0,,No,0,No,0,Sí,...,No,///,Sí,Sí,No,///,///,///,///,///,Sí,.,No,///,No,///,No,///,Sí,No,1,,,,,,,,
Ciudad Nueva,GS-B-00865,17/2/2025 10:51:53,,valenpereletegui@gmail.com,Cnel Videla 886,,,,...,,,...,,5,2,,No,0,No,0,Sí,...,No,///,Sí,Sí,No,///,///,///,///,///,No,///,///,///,No,Sí,Sí,CAPS 12,No,No,2,,,,,,,,
Ciudad Nueva,GS-B-00866,17/2/2025 10:52:08,,jesiceballospomiglio30@gmail.com,Zarco 925,,,,Dominguez Rodolfo,,,3586002409,,4,1,,No,0,No,0,No,///,No,///,Sí,Sí,Sí,"Discapacidad física: Incluye limitaciones en la movilidad y funciones físicas, como la paraplejia, amputaciones y trastornos del movimiento.",Sí,No,///,///,No,///,///,///,No,Sí,Sí,.,No,No,4,,,,,,,,
Ciudad Nueva,GS-B-00867,17/2/2025 10:52:32,,ochoaandrea078@gmail.com,12 de agosto 1021,,,,Daniela,,,...,,3,2,,No,0,No,0,Sí,...,No,///,Sí,Sí,Sí,"Discapacidad física: Incluye limitaciones en la movilidad y funciones físicas, como la paraplejia, amputaciones y trastornos del movimiento.",No,No,///,No hay un programa específico para la discapacidad,No,///,///,///,No,Sí,Sí,CAPS 12,Sí,No,4,,,,,,,,
Ciudad Nueva,GS-B-00868,17/2/2025 10:53:28,,subse.nafriocuarto@gmail.com,Gaudard 3425,,,,VANESA,,,3584268495,,7,5,,No,0,No,0,Sí,...,Sí,///,Sí,Sí,Sí,"Discapacidad física: Incluye limitaciones en la movilidad y funciones físicas, como la paraplejia, amputaciones y trastornos del movimiento.",Sí,Sí,Deporte Adaptado,///,No,///,///,///,No,Sí,Sí,CAPS 12,Sí,No,3,,,,,,,,
Ciudad Nueva,GS-B-00869,17/2/2025 10:54:27,,nani.83chaves@gmail.com,...,,,,Analia flores,,,3585092055,,3,2,,No,0,No,0,Sí,...,No,///,Sí,Sí,Sí,Discapacidad sensorial: Agrupa la pérdida de capacidades auditivas (sordera) y visuales (ceguera y baja visión).,No,No,///,No interesa,No,///,No,///,No,Sí,Sí,CAPS 12,No,No,4,,,,,,,,
Ciudad Nueva,GS-B-00870,17/2/2025 10:54:32,,raulgaray327@gmail.com,Francisco Zarco 810,,,,Héctor González,,,...,,3,0,,No,0,No,0,No,///,No,///,Sí,Sí,Sí,"Discapacidad física: Incluye limitaciones en la movilidad y funciones físicas, como la paraplejia, amputaciones y trastornos del movimiento.",No,No,///,No le interesa,Sí,Sí,No,///,No,///,No,///,Sí,No,4,,,,,,,,
Ciudad Nueva,GS-B-00871,17/2/2025 10:54:36,,josefinaandres88@gmail.com,...,,,,...,,,...,,2,0,,No,0,No,0,No,///,No,///,Sí,No,No,///,///,///,///,///,Sí,Sí,No,///,No,///,No,///,Sí,No,2,,,,,,,,
Ciudad Nueva,GS-B-00872,17/2/2025 10:55:31,,maxibuch87@gmail.com,12 de agosto 1046,,,,Vanesa coria,,,3586027058,,7,2,,No,0,No,0,No,///,No,///,Sí,Sí,No,///,///,///,///,///,No,///,///,///,No,Sí,No,///,Sí,No,4,,,,,,,,
Ciudad Nueva,GS-B-00873,17/2/2025 10:55:59,,subsecretariadelasmujeresrio4@gmail.com,Coronel Videla 885,,,,Sabrina,,,...,,3,2,,No,0,No,0,Sí,...,No,///,Sí,Sí,No,///,///,///,///,///,No,///,///,///,Sí,Sí,Sí,Centro de Salud,No,No,4,,,,,,,,
Ciudad Nueva,GS-B-00874,17/2/2025 10:56:29,,lucaspinfer15@gmail.com,Andrés Terzaga 955,,,,Páez Sergio Daniel,,,3584362880,,2,2,,Sí,2,No,0,No,///,No,///,Sí,Sí,No,///,///,///,///,///,No,///,///,///,No,Sí,Sí,CAPS 12,Sí,No,4,,,,,,,,
Ciudad Nueva,GS-B-00875,17/2/2025 10:56:46,,lorensacosts@gmail.com,PJE público 3559,,,,María de los Angeles Alanis,,,3584824570,,4,3,,No,0,No,0,No,///,No,///,Sí,Sí,No,///,///,///,///,///,No,///,///,///,No,Sí,Sí,CAPS 12,No,No,4,,,,,,,,
Ciudad Nueva,GS-B-00876,17/2/2025 10:58:19,,sonialiliana91@gmail.com,Pje Aconquija 3450,,,,Jorgelina,,,3584833628,,5,1,,No,0,No,0,No,///,No,///,Sí,Sí,No,///,///,///,///,///,No,///,///,///,No,Sí,Sí,S24 Sur,No,No,1,,,,,,,,
Ciudad Nueva,GS-B-00877,17/2/2025 10:58:53,,rodrigosira533@gmail.com,...,,,,...,,,...,,4,1,,Sí,1,No,0,No,///,No,///,Sí,Sí,No,///,///,///,///,///,Sí,No,No,///,Sí,Sí,No,///,No,No,3,,,,,,,,
Ciudad Nueva,GS-B-00878,17/2/2025 10:59:20,,nani.83chaves@gmail.com,...,,,,Micaela azcurra,,,3584851181,,3,1,,No,0,No,0,Sí,...,Sí,///,Sí,Sí,No,///,///,///,///,///,No,///,///,///,No,Sí,Sí,CAPS 12,No,No,4,,,,,,,,
Ciudad Nueva,GS-B-00879,17/2/2025 10:59:36,,saritacarranza2022@gmail.com,Aconquija 3467,,,,Peralta valentina,,,3585165947,,2,0,,No,0,No,0,Sí,...,No,///,Sí,Sí,Sí,"Discapacidad física: Incluye limitaciones en la movilidad y funciones físicas, como la paraplejia, amputaciones y trastornos del movimiento.",No,No,///,Por movilidad,Sí,Sí,No,///,No,///,No,///,Sí,No,4,,,,,,,,
Ciudad Nueva,GS-B-00880,17/2/2025 11:00:52,,jesiceballospomiglio30@gmail.com,Zarco 915,,,,Edith alcaraz,,,3585609172,,3,3,,Sí,1,No,0,No,///,No,///,Sí,Sí,Sí,"Discapacidad física: Incluye limitaciones en la movilidad y funciones físicas, como la paraplejia, amputaciones y trastornos del movimiento.",Sí,No,///,///,Sí,Sí,No,///,No,///,No,///,Sí,No,2,,,,,,,,
Ciudad Nueva,GS-B-00881,17/2/2025 11:00:54,,subse.nafriocuarto@gmail.com,Gaudard 3427,,,,Lorena,,,3585142121,,5,2,,No,0,No,0,No,///,No,///,Sí,Sí,No,///,///,///,///,///,No,///,///,///,No,Sí,Sí,CAPS 14,Sí,No,4,,,,,,,,
Ciudad Nueva,GS-B-00882,17/2/2025 11:01:05,,milseitz@gmail.com,Dinkeldein 3435,,,,Mayco,,,...,,4,2,,No,0,No,0,No,///,Sí,///,Sí,Sí,No,///,///,///,///,///,No,///,///,///,No,Sí,Sí,CAPS 12,No,No,1,,,,,,,,
Ciudad Nueva,GS-B-00883,17/2/2025 11:01:30,,germanrio444@gmail.com,Pje público 3582,,,,Daniel arabel,,,3585721654,,10,4,,Sí,1,No,0,No,///,No,///,Sí,Sí,No,///,///,///,///,///,No,///,///,///,No,Sí,Sí,S24 Sur,No,No,2,,,,,,,,
Ciudad Nueva,GS-B-00884,17/2/2025 11:01:32,,caricampodonico@gmail.com,Andrés Terzaga 965,,,,Tamara Daniela Acosta,,,358154188059,,4,2,,No,0,No,0,Sí,...,No,///,Sí,Sí,No,///,///,///,///,///,No,///,///,///,No,Sí,Sí,.,Sí,No,4,,,,,,,,
Ciudad Nueva,GS-B-00885,17/2/2025 11:01:56,,direcciondeprevencionriocuarto@gmail.com,Dinkeldein 3451,,,,Romina Zalazar,,,3585049299,,4,2,,No,0,No,0,No,///,No,///,Sí,Sí,No,///,///,///,///,///,No,///,///,///,No,Sí,No,///,Sí,No,4,,,,,,,,
Ciudad Nueva,GS-B-00886,17/2/2025 11:02:09,,subsecretariadeninez@riocuarto.gov.ar,...,,,,...,,,...,,1,0,,No,0,No,0,No,///,No,///,Sí,Sí,No,///,///,///,///,///,No,///,///,///,No,///,No,///,No,No,4,,,,,,,,
Ciudad Nueva,GS-B-00887,17/2/2025 11:02:24,,mateotosco303@gmail.com,12 de agosto día de la juventud 1055 esquina con pasaje drago,,,,Ferreyra margarita raquel,,,156009450,,3,0,,No,0,No,0,No,///,No,///,Sí,Sí,No,///,///,///,///,///,Sí,Sí,No,///,No,///,No,///,Sí,No,4,,,,,,,,
Ciudad Nueva,GS-B-00888,17/2/2025 11:03:23,,andreadascencio@gmail.com,Dinkendein 3459,,,,Adriana perez,,,3586020440,,3,1,,No,0,No,0,No,///,No,///,Sí,Sí,No,///,///,///,///,///,No,///,///,///,No,Sí,No,///,No,No,4,,,,,,,,
Ciudad Nueva,GS-B-00889,17/2/2025 11:04:34,,rodrigosira533@gmail.com,...,,,,...,,,...,,4,1,,No,0,No,0,No,///,No,///,Sí,Sí,No,///,///,///,///,///,Sí,Sí,No,///,No,Sí,Sí,CAPS 12,Sí,No,2,,,,,,,,
Ciudad Nueva,GS-B-00890,17/2/2025 11:04:53,,paula.soledad.morales@gmail.com,Pasaje drago 3551,,,,Silvano Pedro Funes,,,...,,6,2,,No,0,No,0,No,///,No,///,Sí,Sí,No,///,///,///,///,///,Sí,Sí,No,///,No,Sí,Sí,CAPS 12,Sí,No,4,,,,,,,,
Ciudad Nueva,GS-B-00891,17/2/2025 11:05:05,,delfinadehaes@gmail.com,Estrada 3559,,,,Deolinda,,,3585164549,,5,0,,No,0,No,0,No,///,Sí,///,Sí,No,No,///,///,///,///,///,Sí,No,No,///,No,///,Sí,CAPS 12,Sí,Sí,4,,,,,,,,
Ciudad Nueva,GS-B-00892,17/2/2025 11:05:18,,jesiceballospomiglio30@gmail.com,Zarco 945,,,,Micaela Quiroga,,,3584029913,,5,3,,No,0,No,0,Sí,...,No,///,Sí,Sí,No,///,///,///,///,///,No,///,///,///,No,Sí,No,///,No,No,2,,,,,,,,
Ciudad Nueva,GS-B-00893,17/2/2025 11:05:43,,raulgaray327@gmail.com,Francisco Zarco 823,,,,Mariela Moreno,,,...,,2,0,,No,0,No,0,No,///,No,///,Sí,No,No,///,///,///,///,///,Sí,Sí,No,///,No,///,No,///,Sí,No,4,,,,,,,,
Ciudad Nueva,GS-B-00894,17/2/2025 11:06:20,,subsecretariadelasmujeresrio4@gmail.com,Coronel Videla 875,,,,Brian Matias,,,3584862028,,5,0,,No,0,No,0,Sí,...,No,///,Sí,Sí,No,///,///,///,///,///,No,///,///,///,No,Sí,Sí,CAPS 12,No,No,1,,,,,,,,
Ciudad Nueva,GS-B-00895,17/2/2025 11:07:38,,maxibuch87@gmail.com,12 de agosto 1066,,,,Arrieta Maria  Elina,,,3584258908,,4,0,,No,0,No,0,No,///,No,///,Sí,Sí,Sí,"Discapacidad física: Incluye limitaciones en la movilidad y funciones físicas, como la paraplejia, amputaciones y trastornos del movimiento.",No,No,///,Falta de carnet CUD,No,///,///,///,No,///,Sí,CAPS 12,Sí,No,4,,,,,,,,
Ciudad Nueva,GS-B-00896,17/2/2025 11:07:42,,lorensacosts@gmail.com,PJE público 3567,,,,Brunela,,,3584371503,,3,1,,No,0,No,0,No,///,No,///,Sí,Sí,No,///,///,///,///,///,No,///,///,///,No,Sí,No,///,No,No,4,,,,,,,,
Ciudad Nueva,GS-B-00897,17/2/2025 11:07:53,,toledohectorariel04@gmail.com,12 de agosto 1075,,,,Agustina,,,...,,2,0,,No,0,No,0,No,///,No,///,Sí,Sí,No,///,///,///,///,///,No,///,///,///,No,///,Sí,CAPS 12,No,No,3,,,,,,,,
Ciudad Nueva,GS-B-00898,17/2/2025 11:08:02,,ochoaandrea078@gmail.com,12 de Agosto 1065,,,,Verónica,,,...,,6,4,,No,0,No,0,Sí,...,No,///,Sí,Sí,No,///,///,///,///,///,No,///,///,///,No,Sí,Sí,CAPS 12,No,No,4,,,,,,,,
Ciudad Nueva,GS-B-00899,17/2/2025 11:08:37,,natyvgomez2011@gmail.com,Drago y Andres terraza 1055,,,,Ana,,,...,,11,2,,No,0,No,0,Sí,...,No,///,Sí,Sí,No,///,///,///,///,///,Sí,Sí,No,///,No,Sí,Sí,CAPS 12,Sí,No,4,,,,,,,,
Ciudad Nueva,GS-B-00900,17/2/2025 11:08:43,,saritacarranza2022@gmail.com,Aconquija 3475,,,,Ricardo dominguez,,,3585128902,,3,0,,No,0,No,0,Sí,...,No,///,Sí,Sí,No,///,///,///,///,///,Sí,Sí,No,///,No,///,Sí,CAPS 12,Sí,No,4,,,,,,,,
Ciudad Nueva,GS-B-00901,17/2/2025 11:08:48,,nani.83chaves@gmail.com,Estrada 3567,,,,Jessica moreno,,,...,,8,4,,No,0,Sí,1,Sí,...,Sí,///,No,No,Sí,"Discapacidad psicosocial: Abarca trastornos mentales y emocionales que afectan la interacción social y la salud emocional, como la depresión, la ansiedad y la esquizofrenia.",Sí,No,///,Queda lejos,Sí,Sí,No,///,No,Sí,Sí,CAPS 12,No,No,2,,,,,,,,
Ciudad Nueva,GS-B-00902,17/2/2025 11:08:59,,josefinaandres88@gmail.com,...,,,,Ramona,,,4629784,,2,0,,No,0,No,0,No,///,No,///,No,No,No,///,///,///,///,///,Sí,Sí,No,///,No,///,No,///,Sí,No,1,,,,,,,,
Ciudad Nueva,GS-B-00903,17/2/2025 11:10:58,,subsecretariadeninez@riocuarto.gov.ar,...,,,,...,,,...,,1,0,,No,0,Sí,1,No,///,Sí,///,No,No,Sí,"Discapacidad intelectual: Comprende condiciones que afectan el funcionamiento cognitivo y la capacidad de aprendizaje, como el síndrome de Down y otros trastornos del desarrollo intelectual.",Sí,No,///,///,No,///,///,///,No,///,Sí,.,No,Sí,3,,,,,,,,
Ciudad Nueva,GS-B-00904,17/2/2025 11:11:29,,sonialiliana91@gmail.com,Pje Aconquija 3466,,,,Angelica beatriz,,,3584250369,,1,0,,No,0,No,0,No,///,No,///,Sí,Sí,No,///,///,///,///,///,Sí,Sí,No,///,No,///,No,///,No,No,2,,,,,,,,
Ciudad Nueva,GS-B-00905,17/2/2025 11:11:31,,rodrigosira533@gmail.com,...,,,,...,,,...,,4,2,,No,0,No,0,No,///,No,///,Sí,Sí,No,///,///,///,///,///,No,///,///,///,No,Sí,Sí,CAPS 12,No,No,4,,,,,,,,
Ciudad Nueva,GS-B-00906,17/2/2025 11:11:50,,mateotosco303@gmail.com,Pje Santiago drago 3642,,,,Silvana gomez,,,3584185178,,5,2,,No,0,No,0,No,///,No,///,Sí,Sí,Sí,"Discapacidad física: Incluye limitaciones en la movilidad y funciones físicas, como la paraplejia, amputaciones y trastornos del movimiento.",Sí,No,///,///,No,///,///,///,Sí,Sí,Sí,CAPS 12,No,No,2,,,,,,,,
Ciudad Nueva,GS-B-00907,17/2/2025 11:11:59,,subse.nafriocuarto@gmail.com,Gaudard 3443,,,,Melisa,,,...,,6,4,,No,0,No,0,Sí,...,No,///,Sí,Sí,No,///,///,///,///,///,No,///,///,///,No,Sí,Sí,CAPS 12,No,No,4,,,,,,,,
Ciudad Nueva,GS-B-00908,17/2/2025 11:12:21,,divisionadicciones@gmail.com,Cnelvidela 986,,,,Cintia,,,3584842580,,2,0,,No,0,No,0,No,///,No,///,Sí,Sí,No,///,///,///,///,///,No,///,///,///,No,///,Sí,CAPS 12,No,No,2,,,,,,,,
Ciudad Nueva,GS-B-00909,17/2/2025 11:13:42,,paula.soledad.morales@gmail.com,Pasaje drago 3535,,,,...,,,...,,3,1,,No,0,No,0,No,///,No,///,Sí,Sí,No,///,///,///,///,///,Sí,Sí,No,///,No,Sí,Sí,Centro de Salud,Sí,No,3,,,,,,,,
Ciudad Nueva,GS-B-00910,17/2/2025 11:13:56,,caricampodonico@gmail.com,Andrés Terzaga 995,,,,Susana Gomez,,,...,,11,5,,No,0,No,0,Sí,...,Sí,///,Sí,Sí,Sí,"Discapacidad intelectual: Comprende condiciones que afectan el funcionamiento cognitivo y la capacidad de aprendizaje, como el síndrome de Down y otros trastornos del desarrollo intelectual.",Sí,No,///,"Porque se altera y está tranquila en su casa, no desea ir",No,///,///,///,No,Sí,Sí,Centro de Salud,Sí,No,4,,,,,,,,
Ciudad Nueva,GS-B-00911,17/2/2025 11:14:01,,mansilladariogustavo@gmail.com,Andrez terzaga 975,,,,Beatriz Duran,,,3585123757,,6,1,,No,0,No,0,No,///,No,///,Sí,Sí,No,///,///,///,///,///,No,///,///,///,Sí,Sí,Sí,CAPS 14,Sí,No,4,,,,,,,,
Ciudad Nueva,GS-B-00912,17/2/2025 11:14:51,,milseitz@gmail.com,Dinkeldein 3375,,,,Miriam Dejon,,,3584870851,,6,1,,No,0,No,0,No,///,No,///,Sí,Sí,No,///,///,///,///,///,No,///,///,///,No,Sí,No,///,Sí,No,4,,,,,,,,
Ciudad Nueva,GS-B-00913,17/2/2025 11:16:23,,subsecretariadelasmujeresrio4@gmail.com,Coronel Videla 855,,,,Santiago Martinez,,,...,,4,1,,No,0,No,0,No,///,No,///,Sí,Sí,No,///,///,///,///,///,No,///,///,///,No,.,Sí,S24 Sur,Sí,No,2,,,,,,,,
Ciudad Nueva,GS-B-00914,17/2/2025 11:18:13,,direcciondeprevencionriocuarto@gmail.com,Dinkeldein 3359,,,,Claudia Noriega,,,3584333881,,2,0,,No,0,No,0,No,///,No,///,Sí,Sí,No,///,///,///,///,///,Sí,Sí,Sí,Calle Mendoza y buenos Aires. No recuerda el nombre,No,///,Sí,CAPS 12,Sí,No,3,,,,,,,,
Ciudad Nueva,GS-B-00915,17/2/2025 11:18:29,,subse.nafriocuarto@gmail.com,GAUDARD 3451,,,,Fabian,,,...,,1,0,,No,0,Sí,1,No,///,No,///,Sí,No,Sí,"Discapacidad múltiple: Se refiere a personas que presentan combinaciones de dos o más tipos de discapacidad, afectando diversas áreas de su vida.",No,No,///,///,No,///,///,///,No,///,Sí,CAPS 12,Sí,No,4,,,,,,,,
Ciudad Nueva,GS-B-00916,17/2/2025 11:18:30,,mateotosco303@gmail.com,Pje drago 3650,,,,Monica,,,358155040309,,2,1,,No,0,No,0,No,///,No,///,Sí,Sí,No,///,///,///,///,///,No,///,///,///,No,Sí,Sí,CAPS 12,No,No,4,,,,,,,,
Ciudad Nueva,GS-B-00917,17/2/2025 11:18:31,,andreadascencio@gmail.com,Dinkedein 3383,,,,Mario eduardo massei,,,...,,2,0,,No,0,No,0,No,///,No,///,Sí,No,No,///,///,///,///,///,No,///,///,///,No,No,Sí,CAPS 12,No,No,4,,,,,,,,
Ciudad Nueva,GS-B-00918,17/2/2025 11:19:56,,subsecretariadeninez@riocuarto.gov.ar,Pasaje drago 3627,,,,Marcela castro,,,...,,4,2,,No,0,No,0,Sí,...,No,///,Sí,Sí,No,///,///,///,///,///,No,///,///,///,No,Sí,Sí,CAPS 12,No,No,2,,,,,,,,
Ciudad Nueva,GS-B-00919,17/2/2025 11:20:11,,nani.83chaves@gmail.com,...,,,,...,,,...,,5,3,,No,0,No,0,Sí,...,No,///,Sí,Sí,No,///,///,///,///,///,No,///,///,///,No,Sí,Sí,CAPS 12,No,No,4,,,,,,,,
Ciudad Nueva,GS-B-00920,17/2/2025 11:20:41,,paula.soledad.morales@gmail.com,Pasaje drago 3543,,,,Rosa,,,...,,2,0,,No,0,No,0,No,///,No,///,Sí,Sí,No,///,///,///,///,///,Sí,Sí,No,///,No,///,No,///,Sí,No,4,,,,,,,,
Ciudad Nueva,GS-B-00921,17/2/2025 11:21:17,,sonialiliana91@gmail.com,Pje Aconquija 3474,,,,Fabián,,,3585091599,,3,1,,No,0,No,0,No,///,No,///,Sí,Sí,No,///,///,///,///,///,No,///,///,///,No,No,Sí,S24 Alberdi,No,No,3,,,,,,,,
Ciudad Nueva,GS-B-00922,17/2/2025 11:21:54,,natyvgomez2011@gmail.com,...,,,,Verónica,,,3584280924,,4,1,,No,0,No,0,Sí,...,No,///,Sí,Sí,No,///,///,///,///,///,No,///,///,///,No,Sí,Sí,CAPS 12,Sí,No,2,,,,,,,,
Ciudad Nueva,GS-B-00923,17/2/2025 11:22:23,,maxibuch87@gmail.com,12 de agosto 1076,,,,Luciana Soledad Carballo,,,3585703484,,4,3,,No,0,No,0,No,///,No,///,Sí,Sí,No,///,///,///,///,///,No,///,///,///,No,Sí,Sí,CAPS 12,No,No,3,,,,,,,,
Ciudad Nueva,GS-B-00924,17/2/2025 11:22:50,,primitivamanuel@gmail.com,Francisco Sarco 895,,,,Miguel gimenez,,,3585135314,,3,0,,Sí,1,Sí,1,No,///,No,///,Sí,Sí,No,///,///,///,///,///,Sí,Sí,Sí,Ilia,No,///,No,///,No,No,4,,,,,,,,
Ciudad Nueva,GS-B-00925,17/2/2025 11:23:54,,delfinadehaes@gmail.com,...,,,,...,,,...,,2,1,,No,0,No,0,Sí,...,No,///,Sí,Sí,No,///,///,///,///,///,No,///,///,///,No,Sí,No,///,No,No,4,,,,,,,,
Ciudad Nueva,GS-B-00926,17/2/2025 11:26:22,,rodrigosira533@gmail.com,...,,,,...,,,...,,7,4,,No,0,No,0,No,///,No,///,Sí,Sí,Sí,Discapacidad sensorial: Agrupa la pérdida de capacidades auditivas (sordera) y visuales (ceguera y baja visión).,Sí,No,///,No se acercó nunca,No,///,///,///,No,Sí,Sí,CAPS 12,No,No,4,,,,,,,,
Ciudad Nueva,GS-B-00927,17/2/2025 11:26:55,,subse.nafriocuarto@gmail.com,Gaudard 3467,,,,Juan,,,...,,1,0,,No,0,Sí,1,No,///,Sí,///,No,No,Sí,"Discapacidad múltiple: Se refiere a personas que presentan combinaciones de dos o más tipos de discapacidad, afectando diversas áreas de su vida.",No,No,///,///,No,///,///,///,No,///,Sí,CAPS 12,Sí,Sí,2,,,,,,,,
Ciudad Nueva,GS-B-00928,17/2/2025 11:27:02,,lucaspinfer15@gmail.com,Andrés Terzaga 1006,,,,Marcelo Carballo,,,154356380,,4,1,,Sí,4,Sí,1,No,///,No,///,No,Sí,No,///,///,///,///,///,Sí,No,Sí,///,.,Sí,No,///,.,No,2,,,,,,,,
Ciudad Nueva,GS-B-00929,17/2/2025 11:28:49,,milseitz@gmail.com,Dinkeldein 33 51,,,,Maria Arias,,,3584252467,,8,3,,No,0,No,0,Sí,...,No,///,Sí,Sí,Sí,"Discapacidad del aprendizaje: Incluye dificultades específicas de aprendizaje, como la dislexia y el trastorno por déficit de atención e hiperactividad (TDAH).",Sí,No,///,///,No,///,///,///,No,Sí,Sí,CAPS 12,Sí,Sí,2,,,,,,,,
Ciudad Nueva,GS-B-00930,17/2/2025 11:28:50,,caricampodonico@gmail.com,Andrés Terzaga 1005,,,,Flavia Mailén Cuello,,,3585180106,,4,1,,No,0,No,0,Sí,...,No,///,Sí,Sí,No,///,///,///,///,///,No,///,///,///,No,Sí,Sí,S24 Sur,No,No,4,,,,,,,,
Ciudad Nueva,GS-B-00931,17/2/2025 11:29:04,,direcciondeprevencionriocuarto@gmail.com,Dinkeldein 3340,,,,...,,,...,,2,0,,No,0,No,0,No,///,No,///,No,No,No,///,///,///,///,///,Sí,Sí,No,///,No,///,Sí,CAPS 12,Sí,No,4,,,,,,,,
Ciudad Nueva,GS-B-00932,17/2/2025 11:29:20,,paula.soledad.morales@gmail.com,Pasaje drago 3155,,,,Silvia,,,...,,4,0,,No,0,No,0,No,///,No,///,Sí,Sí,Sí,"Discapacidad intelectual: Comprende condiciones que afectan el funcionamiento cognitivo y la capacidad de aprendizaje, como el síndrome de Down y otros trastornos del desarrollo intelectual.",Sí,No,///,///,Sí,No,No,///,No,///,Sí,CAPS 12,No,No,4,,,,,,,,
Ciudad Nueva,GS-B-00933,17/2/2025 11:30:19,,divisionadicciones@gmail.com,Publico publico 3628,,,,Lucero alberto ivan,,,...,,1,0,,No,0,No,0,No,///,No,///,No,No,No,///,///,///,///,///,Sí,Sí,No,///,No,///,Sí,CAPS 12,No,No,2,,,,,,,,
Ciudad Nueva,GS-B-00934,17/2/2025 11:34:34,,paula.soledad.morales@gmail.com,Pasaje drago 3559,,,,Díaz Liliana,,,...,,4,2,,No,0,No,0,No,///,No,///,Sí,Sí,No,///,///,///,///,///,Sí,Sí,No,///,No,Sí,Sí,CAPS 12,No,No,4,,,,,,,,
Ciudad Nueva,GS-B-00935,17/2/2025 11:35:30,,subse.nafriocuarto@gmail.com,Gaudard 3475,,,,Graciela,,,3584828762,,1,0,,No,0,No,0,Sí,...,Sí,///,Sí,Sí,No,///,///,///,///,///,Sí,Sí,No,///,No,///,No,///,Sí,No,2,,,,,,,,
Ciudad Nueva,GS-B-00936,17/2/2025 11:35:31,,mansilladariogustavo@gmail.com,Andres Terzaga 1016,,,,Veronica Cerrula,,,3584383538,,4,1,,No,0,No,0,No,///,No,///,Sí,Sí,No,///,///,///,///,///,No,///,///,///,No,Sí,Sí,CAPS 12,No,No,4,,,,,,,,
Ciudad Nueva,GS-B-00937,17/2/2025 11:35:39,,sonialiliana91@gmail.com,Pje Aconquija 3526,,,,Paola,,,3586545046,,3,1,,No,0,No,0,Sí,...,Sí,///,Sí,Sí,No,///,///,///,///,///,No,///,///,///,No,Sí,Sí,S24 Sur,No,No,3,,,,,,,,
Ciudad Nueva,GS-B-00938,17/2/2025 11:36:20,,saritacarranza2022@gmail.com,Pasaje aconquija 3543,,,,Erica aguirre,,,3585091631,,5,0,,No,0,No,0,Sí,...,No,///,Sí,Sí,Sí,"Discapacidad múltiple: Se refiere a personas que presentan combinaciones de dos o más tipos de discapacidad, afectando diversas áreas de su vida.",Sí,No,///,Fue a fundación desafío,No,///,///,///,No,Sí,Sí,CAPS 12,Sí,No,1,,,,,,,,
Ciudad Nueva,GS-B-00939,17/2/2025 11:36:30,,gferrer214@gmail.com,...,,,,Antonio,,,...,,2,0,,Sí,2,Sí,1,No,///,No,///,No,No,No,///,///,///,///,///,Sí,Sí,No,///,No,Sí,No,///,Sí,No,3,,,,,,,,
Ciudad Nueva,GS-B-00940,17/2/2025 11:38:02,,delfinadehaes@gmail.com,...,,,,...,,,...,,9,6,,No,0,No,0,Sí,...,Sí,///,Sí,Sí,No,///,///,///,///,///,No,///,///,///,No,Sí,Sí,CAPS 12,No,No,4,,,,,,,,
Ciudad Nueva,GS-B-00941,17/2/2025 11:38:22,,andreadascencio@gmail.com,Dinkeldein 3335,,,,Micaela viale,,,...,,5,0,,No,0,No,0,No,///,No,///,Sí,Sí,No,///,///,///,///,///,No,///,///,///,No,Sí,Sí,CAPS 12,Sí,No,4,,,,,,,,
Ciudad Nueva,GS-B-00942,17/2/2025 11:39:44,,caricampodonico@gmail.com,Andrés Terzaga 1015,,,,Antonio Eduardo Cuello,,,...,,2,0,,Sí,1,Sí,1,No,///,No,///,No,No,No,///,///,///,///,///,Sí,Sí,No,///,No,///,No,///,Sí,No,2,,,,,,,,
Ciudad Nueva,GS-B-00943,17/2/2025 11:40:26,,subse.nafriocuarto@gmail.com,Gaudard 3459,,,,Eduardo,,,...,,1,0,,No,0,Sí,1,Sí,...,Sí,///,No,No,No,///,///,///,///,///,Sí,Sí,No,///,No,///,No,///,No,No,2,,,,,,,,
Ciudad Nueva,GS-B-00944,17/2/2025 11:40:34,,lucaspinfer15@gmail.com,...,,,,...,,,...,,8,4,,Sí,5,No,0,No,///,No,///,Sí,Sí,No,///,///,///,///,///,No,///,///,///,.,Sí,No,///,.,No lo sé,4,,,,,,,,
Ciudad Nueva,GS-B-00945,17/2/2025 11:42:02,,paula.soledad.morales@gmail.com,Pasaje drago 3575,,,,José Marcelo Urquiza,,,...,,9,6,,No,0,No,0,No,///,No,///,Sí,Sí,No,///,///,///,///,///,No,///,///,///,No,.,Sí,CAPS 12,Sí,No,4,,,,,,,,
Ciudad Nueva,GS-B-00946,17/2/2025 11:42:23,,saritacarranza2022@gmail.com,Pasaje aconquija 3551,,,,Natalia paola aguero,,,3584302567,,3,1,,No,0,No,0,No,///,No,///,Sí,Sí,No,///,///,///,///,///,No,///,///,///,No,Sí,Sí,CAPS 12,Sí,No,4,,,,,,,,
Ciudad Nueva,GS-B-00947,17/2/2025 11:44:40,,lucaspinfer15@gmail.com,Andrés Terzaga 1076,,,,Erica,,,3585707190,,5,2,,Sí,4,No,0,Sí,...,No,///,Sí,Sí,No,///,///,///,///,///,No,///,///,///,Sí,No,.,///,Sí,No,4,,,,,,,,
Ciudad Nueva,GS-B-00948,17/2/2025 11:44:59,,direcciondeprevencionriocuarto@gmail.com,Dinkeldein 3327,,,,Priscila Acevedo,,,3584288004,,6,4,,Sí,4,No,0,Sí,...,No,///,Sí,Sí,No,///,///,///,///,///,No,///,///,///,No,Sí,Sí,CAPS 12,No,No,4,,,,,,,,
Ciudad Nueva,GS-B-00949,17/2/2025 11:45:16,,milseitz@gmail.com,Dinkeldein 3317,,,,Elsa beatriz reyes,,,3584022445,,3,1,,No,0,No,0,Sí,...,No,///,Sí,Sí,No,///,///,///,///,///,No,///,///,///,No,Sí,Sí,CAPS 12,No,No,4,,,,,,,,
Ciudad Nueva,GS-B-00950,17/2/2025 11:47:18,,caricampodonico@gmail.com,Andrés Terzaga 1035,,,,Natacha,,,3586003371,,2,0,,No,0,No,0,No,///,No,///,Sí,Sí,No,///,///,///,///,///,No,///,///,///,No,///,Sí,CAPS 12,Sí,No,4,,,,,,,,
Ciudad Nueva,GS-B-00951,17/2/2025 11:48:03,,paula.soledad.morales@gmail.com,Pasaje drago 3583,,,,Jorge borrililo,,,3585166619,,4,2,,No,0,No,0,No,///,No,///,Sí,Sí,No,///,///,///,///,///,No,///,///,///,No,Sí,Sí,CAPS 12,No,No,4,,,,,,,,
Ciudad Nueva,GS-B-00952,17/2/2025 11:48:35,,mansilladariogustavo@gmail.com,Andres terzaga 1036,,,,Sanchez Romina Maricel,,,35854174641,,5,3,,No,0,No,0,No,///,No,///,Sí,Sí,No,///,///,///,///,///,No,///,///,///,No,Sí,Sí,CAPS 14,No,No,4,,,,,,,,
Ciudad Nueva,GS-B-00953,17/2/2025 11:49:21,,subse.nafriocuarto@gmail.com,Gaudard 3535,,,,Kaira,,,...,,3,2,,No,0,No,0,No,///,Sí,///,Sí,Sí,No,///,///,///,///,///,No,///,///,///,No,Sí,Sí,CAPS 12,No,No,4,,,,,,,,
Ciudad Nueva,GS-B-00954,17/2/2025 11:52:05,,lucaspinfer15@gmail.com,Andrés Terzaga 1046,,,,Morena Quiroga,,,3.58E+09,,6,4,,Sí,4,Sí,1,No,///,No,///,Sí,Sí,No,///,///,///,///,///,No,///,///,///,No,Sí,No,///,Sí,No lo sé,4,,,,,,,,
Ciudad Nueva,GS-B-00955,17/2/2025 11:53:06,,saritacarranza2022@gmail.com,Pues aconquija 3559,,,,Antonela Horoszczuk,,,3585721638,,4,3,,No,0,No,0,No,///,Sí,///,Sí,No,Sí,"Discapacidad física: Incluye limitaciones en la movilidad y funciones físicas, como la paraplejia, amputaciones y trastornos del movimiento.",No,No,///,///,No,///,///,///,No,Sí,Sí,CAPS 12,No,No,2,,,,,,,,
Ciudad Nueva,GS-B-00956,17/2/2025 11:55:16,,subse.nafriocuarto@gmail.com,Gaudard 3543,,,,Analia,,,3585709835,,4,2,,No,0,No,0,Sí,...,No,///,Sí,Sí,No,///,///,///,///,///,No,///,///,///,No,Sí,Sí,CAPS 14,No,No,4,,,,,,,,
Ciudad Nueva,GS-B-00957,17/2/2025 11:56:21,,sonialiliana91@gmail.com,Pje Aconquija 3534,,,,...,,,...,,7,2,,No,0,Sí,1,Sí,...,No,///,Sí,Sí,No,///,///,///,///,///,Sí,Sí,No,///,No,Sí,Sí,S24 Sur,Sí,No,4,,,,,,,,
Ciudad Nueva,GS-B-00958,17/2/2025 11:58:35,,caricampodonico@gmail.com,Andrés Terzaga 1065,,,,Urquiza María,,,3.59E+09,,6,1,,No,0,No,0,Sí,...,No,///,Sí,Sí,No,///,///,///,///,///,No,///,///,///,No,Sí,Sí,CAPS 12,Sí,Sí,4,,,,,,,,
Ciudad Nueva,GS-B-00959,17/2/2025 11:58:49,,saritacarranza2022@gmail.com,...,,,,Muñez joel ariel,,,3584877335,,2,0,,No,0,No,0,No,///,No,///,Sí,No,No,///,///,///,///,///,No,///,///,///,No,///,No,///,No,No,4,,,,,,,,
Ciudad Nueva,GS-B-00960,17/2/2025 11:59:58,,subse.nafriocuarto@gmail.com,Gaudard 3543,,,,Agustina,,,3585106563,,3,1,,No,0,No,0,Sí,...,No,///,Sí,No,No,///,///,///,///,///,No,///,///,///,No,Sí,Sí,CAPS 13,No,No,4,,,,,,,,
Ciudad Nueva,GS-B-00961,17/2/2025 12:00:46,,direcciondeprevencionriocuarto@gmail.com,Dinkeldein 3427,,,,Gabriela Nuñez,,,3584821557,,3,1,,Sí,2,No,0,No,///,No,///,Sí,Sí,No,///,///,///,///,///,No,///,///,///,No,Sí,Sí,CAPS 12,No,No,4,,,,,,,,
Ciudad Nueva,GS-B-00962,17/2/2025 12:03:14,,lucaspinfer15@gmail.com,Andrés Terzaga 1086,,,,Orlando ozan,,,3584022860,,7,5,,No,0,No,0,No,///,No,///,Sí,Sí,No,///,///,///,///,///,Sí,No,No,///,No,///,.,///,Sí,Prefiero no decirlo,4,,,,,,,,
Ciudad Nueva,GS-B-00963,17/2/2025 12:03:27,,gferrer214@gmail.com,...,,,,Raul Ferreyra,,,...,,2,0,,Sí,1,No,0,No,///,No,///,Sí,Sí,Sí,"Discapacidad psicosocial: Abarca trastornos mentales y emocionales que afectan la interacción social y la salud emocional, como la depresión, la ansiedad y la esquizofrenia.",No,No,///,///,Sí,Sí,No,///,No,///,No,///,No,No,4,,,,,,,,
Ciudad Nueva,GS-B-00964,17/2/2025 12:05:17,,subse.nafriocuarto@gmail.com,Gaidard 3551,,,,Marilen,,,3585733705,,5,3,,No,0,No,0,Sí,...,Sí,///,Sí,Sí,No,///,///,///,///,///,No,///,///,///,No,Sí,Sí,CAPS 12,No,No,3,,,,,,,,
Ciudad Nueva,GS-B-00965,17/2/2025 12:06:04,,saritacarranza2022@gmail.com,Pasaje aconquija 3575,,,,Patricia,,,...,,8,4,,No,0,No,0,Sí,...,No,///,Sí,Sí,No,///,///,///,///,///,No,///,///,///,No,Sí,Sí,CAPS 14,No,No,4,,,,,,,,
Ciudad Nueva,GS-B-00966,17/2/2025 12:08:04,,mansilladariogustavo@gmail.com,Andres Terzaga 1066,,,,Angela Marilyn Flores Pantajo,,,35857673,,2,0,,No,0,No,0,Sí,...,No,///,Sí,Sí,Sí,"Discapacidad múltiple: Se refiere a personas que presentan combinaciones de dos o más tipos de discapacidad, afectando diversas áreas de su vida.",Sí,No,///,"Son dos en hogar, aquí tienen un pequeño negocio , pequeño kiosco, y si su madre no atiende el negocio no ingresa dinero. Por lo que no asiste.a ningún lado debido a dificultades de transporte y tiempo de su flia",No,///,///,///,No,///,Sí,CAPS 12,Sí,No,4,,,,,,,,
Ciudad Nueva,GS-B-00967,17/2/2025 12:09:50,,sonialiliana91@gmail.com,Pje Aconquija 3542,,,,Paola,,,3584315500,,4,2,,No,0,No,0,Sí,...,No,///,Sí,Sí,No,///,///,///,///,///,No,///,///,///,No,Sí,Sí,CAPS 11,No,No,4,,,,,,,,
Ciudad Nueva,GS-B-00968,17/2/2025 12:13:07,,saritacarranza2022@gmail.com,Pasaje Aconquija 3583,,,,Pedro antonio gonzalez,,,3584262244,,2,0,,No,0,No,0,No,///,No,///,Sí,Sí,No,///,///,///,///,///,Sí,Sí,No,///,No,///,Sí,CAPS 12,No,Prefiero no decirlo,1,,,,,,,,
Ciudad Nueva,GS-B-00969,17/2/2025 12:13:25,,subse.nafriocuarto@gmail.com,Gaudard 3567,,,,Lidia,,,3584012191,,3,1,,No,0,No,0,No,///,No,///,Sí,Sí,Sí,"Discapacidad del aprendizaje: Incluye dificultades específicas de aprendizaje, como la dislexia y el trastorno por déficit de atención e hiperactividad (TDAH).",Sí,No,///,Desconoce,No,///,///,///,No,Sí,Sí,CAPS 12,No,No,3,,,,,,,,
Ciudad Nueva,GS-B-00970,17/2/2025 12:14:54,,caricampodonico@gmail.com,Andrés Terzaga 1085,,,,Osmar Vottero,,,3585178346,,2,0,,No,0,No,0,No,///,No,///,Sí,Sí,Sí,"Discapacidad del aprendizaje: Incluye dificultades específicas de aprendizaje, como la dislexia y el trastorno por déficit de atención e hiperactividad (TDAH).",No,No,///,"Trabaja una y el señor trabajaba, por falta de tiempo",No,///,///,///,No,///,Sí,CAPS 12,Sí,No,1,,,,,,,,
Ciudad Nueva,GS-B-00971,17/2/2025 12:18:04,,subse.nafriocuarto@gmail.com,Gaudard 3575,,,,Lara,,,3584900071,,4,2,,No,0,No,0,Sí,...,No,///,Sí,Sí,No,///,///,///,///,///,No,///,///,///,No,Sí,Sí,CAPS 12,No,No,4,,,,,,,,
Ciudad Nueva,GS-B-00972,17/2/2025 12:19:25,,sonialiliana91@gmail.com,Pje Aconquija 3566,,,,Debora del rosario,,,3584875606,,3,1,,No,0,No,0,No,///,No,///,Sí,Sí,No,///,///,///,///,///,No,///,///,///,No,Sí,Sí,S24 Sur,No,No,1,,,,,,,,
Ciudad Nueva,GS-B-00973,17/2/2025 12:23:14,,subse.nafriocuarto@gmail.com,Gaudard 3583,,,,Silvia,,,3585183592,,2,0,,No,0,No,0,No,///,No,///,Sí,Sí,No,///,///,///,///,///,Sí,Sí,No,///,No,Sí,Sí,CAPS 12,No,No,3,,,,,,,,
Ciudad Nueva,GS-B-00974,17/2/2025 12:23:24,,fabre.roger.m@gmail.com,...,,,,...,,,...,,4,2,,No,0,No,0,No,///,No,///,Sí,Sí,No,///,///,///,///,///,No,///,///,///,No,Sí,Sí,CAPS 12,No,No,4,,,,,,,,
Ciudad Nueva,GS-B-00975,17/2/2025 12:32:34,,sonialiliana91@gmail.com,Pje Aconquija 3574,,,,Blanca noelia,,,3584258212,,5,2,,No,0,No,0,Sí,...,No,///,Sí,Sí,No,///,///,///,///,///,No,///,///,///,No,Sí,No,///,No,No,4,,,,,,,,
Ciudad Nueva,GS-B-00976,21/2/2025 10:50:19,,kg9793067@gmail.com,Doce de Agosto 1036,,,,Vanina,,,3584819815,,5,4,,No,0,Sí,1,No,///,No,///,Sí,Sí,Sí,"Discapacidad física: Incluye limitaciones en la movilidad y funciones físicas, como la paraplejia, amputaciones y trastornos del movimiento.",Sí,Sí,Deporte Adaptado,///,No,///,///,///,No,Sí,Sí,CAPS 17,Sí,No,4,,,,,,,,
Ciudad Nueva,GS-B-00977,21/2/2025 11:07:27,,kg9793067@gmail.com,Doce de agosto 1085,,,,Graciela,,,358 4197320,,6,4,,No,0,No,0,Sí,...,Sí,///,Sí,Sí,No,///,///,///,///,///,No,///,///,///,No,Sí,Sí,CAPS 12,No,No,4,,,,,,,,
Ciudad Nueva,GS-B-00978,21/2/2025 11:47:42,,kg9793067@gmail.com,...,,,,...,,,...,,1,0,,No,0,No,0,No,///,No,///,Sí,No,No,///,///,///,///,///,No,///,///,///,No,///,No,///,No,No,4,,,,,,,,
Ciudad Nueva,GS-B-00979,21/2/2025 12:05:34,,kg9793067@gmail.com,Pasaje público 358,,,,Marcelo,,,...,,4,2,,No,0,No,0,Sí,...,No,///,Sí,Sí,Sí,"Discapacidad física: Incluye limitaciones en la movilidad y funciones físicas, como la paraplejia, amputaciones y trastornos del movimiento.",No,No,///,///,No,///,///,///,No,Sí,Sí,CAPS 12,No,No,4,,,,,,,,
Ciudad Nueva,GS-B-00980,21/2/2025 12:27:56,,kg9793067@gmail.com,Pasaje público 3359,,,,Jose,,,...,,2,0,,No,0,No,0,No,///,No,///,Sí,No,No,///,///,///,///,///,Sí,Sí,No,///,No,///,Sí,CAPS 12,No,No,4,,,,,,,,
Ciudad Nueva,GS-B-00981,21/2/2025 12:48:14,,kg9793067@gmail.com,Pasaje público 3347,,,,Liliana,,,(358)5102554,,6,2,,No,0,Sí,1,Sí,...,No,///,Sí,Sí,Sí,"Discapacidad física: Incluye limitaciones en la movilidad y funciones físicas, como la paraplejia, amputaciones y trastornos del movimiento.",Sí,No,///,Por la deprecion,Sí,Sí,No,///,No,Sí,Sí,CAPS 12,No,Sí,4,,,,,,,,
Ciudad Nueva,GS-B-00982,24/2/2025 10:36:37,,kg9793067@gmail.com,Aconquija,,,,...,,,...,,3,0,,No,0,No,0,No,///,No,///,Sí,Sí,No,///,///,///,///,///,No,///,///,///,No,///,Sí,CAPS 12,No,No,4,,,,,,,,
Ciudad Nueva,GS-B-00983,24/2/2025 10:49:00,,kg9793067@gmail.com,Aco quijada 3374,,,,Paola,,,3512006376,,3,2,,No,0,No,0,No,///,No,///,Sí,Sí,No,///,///,///,///,///,No,///,///,///,No,Sí,No,///,No,No,4,,,,,,,,
Ciudad Nueva,GS-B-00984,24/2/2025 10:57:36,,kg9793067@gmail.com,...,,,,...,,,...,,1,0,,No,0,No,0,No,///,No,///,Sí,Sí,No,///,///,///,///,///,Sí,Sí,No,///,No,No,No,///,No,No,4,,,,,,,,
Ciudad Nueva,GS-B-00985,24/2/2025 11:06:11,,kg9793067@gmail.com,Aconquija 3482,,,,Julio,,,3584220966,,3,1,,No,0,No,0,No,///,No,///,Sí,Sí,No,///,///,///,///,///,No,///,///,///,No,Sí,Sí,CAPS 12,No,No,4,,,,,,,,
Ciudad Nueva,GS-B-00986,24/2/2025 11:15:59,,kg9793067@gmail.com,Aconquija 3527,,,,Santos,,,3584871693,,1,0,,No,0,No,0,No,///,No,///,Sí,Sí,No,///,///,///,///,///,Sí,Sí,Sí,.,No,///,No,///,No,No,4,,,,,,,,
Ciudad Nueva,GS-B-00987,24/2/2025 11:26:37,,kg9793067@gmail.com,Aconquija 3558,,,,Claudia,,,...,,4,2,,No,0,Sí,1,Sí,...,No,///,Sí,No,Sí,"Discapacidad física: Incluye limitaciones en la movilidad y funciones físicas, como la paraplejia, amputaciones y trastornos del movimiento.",No,No,///,///,No,///,///,///,No,Sí,Sí,CAPS 12,No,No,4,,,,,,,,
Ciudad Nueva,GS-B-00988,24/2/2025 11:34:36,,kg9793067@gmail.com,Aconquija3585,,,,Analia,,,3586007541,,5,2,,No,0,No,0,Sí,...,No,///,Sí,Sí,No,///,///,///,///,///,No,///,///,///,No,Sí,Sí,CAPS 12,No,No,4,,,,,,,,
Mayer,GS-B-00989,28/2/2025 9:14:55,,fedeh.bonacci@gmail.com,,,,,,,,,,2,0,No hay menores,No,1,No,,No lo sé,,No,///,No,No,No,,,,,,Sí,Sí,No,,No,No residen niños en el hogar,No,,No,No,3,,,,,,,,
Mayer,GS-B-00990,28/2/2025 9:16:07,,caritojerito55@gmail.com,Laprida 1835,,,,Alejandro,,,,,3,0,No hay menores,No,1,No,,No,,No,///,Sí,Sí,No,,,,,,Sí,No,No,Esta esperando la jubilacion,No,Sí,No,,No,No,4,,,,,,,,
Mayer,GS-B-00991,28/2/2025 9:20:16,,milseitz@gmail.com,Matias nolasco 25,,,,Gladis,,,3586006706,,2,0,No hay menores,No,5,No,,No,,No,///,Sí,Sí,No,,,,,,No,,,,No,No residen niños en el hogar,Sí,Centro de Salud Municipal,Sí,No,4,,,,,,,,
Mayer,GS-B-00992,28/2/2025 9:21:19,,kg9793067@gmail.com,Laprida 1895,,,,Maria Elena,,,3584280408,,2,0,No,No,1,No,,No,,No,///,Sí,Sí,No,,,,,,Sí,Sí,No,,No,No residen niños en el hogar,No,,Sí,No,4,,,,,,,,
Mayer,GS-B-00993,28/2/2025 9:22:50,,caritojerito55@gmail.com,Laprida 1851,,,,Pilar,,,,,5,2,Sí,No,1,No,,No,,No,///,Sí,Sí,Sí,Discapacidad sensorial: Agrupa la pérdida de capacidades auditivas (sordera) y visuales (ceguera y baja visión).,Sí,Sí,Fútbol,,No,No,No,,No,Sí,Sí,Centro Periférico 11,No,No,4,,,,,,,,
Mayer,GS-B-00994,28/2/2025 9:23:36,,solangetorres959@gmail.com,Laprida 1790,,,,Andrea,,,3584838242,,2,0,No,Sí,1,No,,No,,No,///,Sí,Sí,No,,,,,,No,No,No,,No,Sí,Sí,S24 Sur,No,No,4,,,,,,,,
Mayer,GS-B-00995,28/2/2025 9:25:13,,fedeh.bonacci@gmail.com,Pasaje sugasti 34,,,,,,,,,8,2,Sí,No,1,No,,Sí,,No,///,Sí,Sí,No,,,,,,No,No,No,,No,Sí,Sí,Centro Periférico 14,No,No,4,,,,,,,,
Mayer,GS-B-00996,28/2/2025 9:26:12,,lorensacosts@gmail.com,Unión de los Argentinos 173,,,,Sebastián,,,,,4,4,No hay menores,No,0,No,,No,,No,///,Sí,Sí,No,,,,,,No,,,,No,No residen niños en el hogar,Sí,S24 Sur,No,No,4,,,,,,,,
Mayer,GS-B-00997,28/2/2025 9:28:07,,mateotosco303@gmail.com,Almirante brown 1896 esquina mosconi,,,,Alejandra Cejas,,,3585098392,,3,1,Sí,No,1,No,,No,,No,///,Sí,Sí,No,,,,,,No,,,,No,Sí,Sí,S24 Sur,Sí,No,4,,,,,,,,
Mayer,GS-B-00998,28/2/2025 9:28:15,,yamilagallardo79@gmail.com,,,,,José,,,,,2,0,No hay menores,No,0,No,,No,,No,///,Sí,Sí,No,,,,,,Sí,Sí,No,,No,No residen niños en el hogar,No,,Sí,No,4,,,,,,,,
Mayer,GS-B-00999,28/2/2025 9:30:19,,caritojerito55@gmail.com,Laprida 1861,,,,Roque,,,,,2,0,No hay menores,No,0,No,,No,,No,///,Sí,Sí,Sí,"Discapacidad física: Incluye limitaciones en la movilidad y funciones físicas, como la paraplejia, amputaciones y trastornos del movimiento.",Sí,No,,No tiene movilidad,Sí,Sí,No,,No,No residen niños en el hogar,No,,Sí,No,4,,,,,,,,
Mayer,GS-B-01000,28/2/2025 9:32:31,,catuticande@gmail.com,Pasaje Elías moyano 1922,,,,Amelia,,,,,4,1,No hay menores,No,0,No,,No,,No,///,Sí,Sí,No,,,,,,Sí,Sí,No,,No,Sí,No,,No,No,4,,,,,,,,
Mayer,GS-B-01001,28/2/2025 9:33:16,,andreadascencio@gmail.com,Pje moyano 1832,,,,Maria laura boudoux,,,3585045508,,3,2,Sí,No,0,No,,Sí,,No,///,Sí,Sí,No,,,,,,No,,,,No,Sí,No,,No,No,4,,,,,,,,
Mayer,GS-B-01002,28/2/2025 9:34:13,,solangetorres959@gmail.com,Laprida 1731,,,,Eduardo,,,,,2,0,No hay menores,No,,No,,No,,No,///,Sí,Sí,Sí,"Discapacidad física: Incluye limitaciones en la movilidad y funciones físicas, como la paraplejia, amputaciones y trastornos del movimiento.",No,No,,,Sí,Sí,No,,No,No residen niños en el hogar,No,S24 Sur,Sí,No,4,,,,,,,,
Mayer,GS-B-01003,28/2/2025 9:34:55,,maritapacho2317@gmail.com,Pje moyano 1928,,,,Viviana,,,No,,2,0,No hay menores,No,0,No,,No,,No,///,Sí,No,No,,,,,,Sí,Sí,Sí,Ex aceitera centro de jubilados,No,No residen niños en el hogar,Sí,S24 Alberdi,No,No,4,,,,,,,,
Mayer,GS-B-01004,28/2/2025 9:35:59,,mateotosco303@gmail.com,Mosconi 135,,,,Blanca Gimenez,,,,,1,0,No hay menores,Sí,,No,,No,,No,///,Sí,Sí,No,,,,,,Sí,Sí,Sí,Colonia del Pami,No,No residen niños en el hogar,No,,Sí,No,4,,,,,,,,
Mayer,GS-B-01005,28/2/2025 9:36:31,,rominamansilla1984@gmail.com,,,,,,,,,,4,3,Sí,No,0,Sí,No,No,,No,///,Sí,Sí,No,,,,,,No,No lo sé,No,,No lo sé,No,Sí,Centro Periférico 14,No lo sé,No,4,,,,,,,,
Mayer,GS-B-01006,28/2/2025 9:36:35,,melmiel28@gmail.com,Azopardo 1715,,,,Pablo,,,3584875456,,5,3,Sí,Sí,0,No,,No,,No,///,Sí,Sí,Sí,"Discapacidad intelectual: Comprende condiciones que afectan el funcionamiento cognitivo y la capacidad de aprendizaje, como el síndrome de Down y otros trastornos del desarrollo intelectual.",No,No,,,No,,,,No,Sí,Sí,S24 Sur,Sí,No,2,,,,,,,,
Mayer,GS-B-01007,28/2/2025 9:36:53,,maxibuch87@gmail.com,Juan de Dios Lopez 15,,,,Rita torres,,,3584287865,,2,0,No hay menores,No,0,No,,No,,No,///,Sí,Sí,No,,,,,,No,,,,No,No residen niños en el hogar,Sí,S24 Sur,No,No,4,,,,,,,,
Mayer,GS-B-01008,28/2/2025 9:37:15,,adriclucero2020@gmail.com,Liniers,,,,No,,,No,,6,4,Sí,No,0,No,,No,,Sí,///,Sí,Sí,No,,,,,,No,No,No,Ninguno,No,Sí,Sí,Centro Periférico 14,No,No,4,,,,,,,,
Mayer,GS-B-01009,28/2/2025 9:37:46,,milseitz@gmail.com,Matias nolasco 109,,,,Jesica moreno,,,3584207198,,5,2,No,Sí,1,No,,Sí,,No,///,Sí,Sí,No,,,,,,No,,,,No,Sí,Sí,Centro Periférico 14,Sí,No,4,,,,,,,,
Mayer,GS-B-01010,28/2/2025 9:37:53,,miasalasrioiv@gmail.com,Azopardo 1728,,,,Regina,,,3585329738,,3,1,Sí,No,0,No,,No,,No,///,Sí,Sí,No,,,,,,No,No,No,,No,Sí,Sí,Centro Periférico 14,No,No,4,,,,,,,,
Mayer,GS-B-01011,28/2/2025 9:39:39,,lorensacosts@gmail.com,Almirante Brown 2025,,,,Cintia,,,3585029219,,5,2,Sí,No,,No,,Sí,,No,///,Sí,Sí,Sí,"Discapacidad intelectual: Comprende condiciones que afectan el funcionamiento cognitivo y la capacidad de aprendizaje, como el síndrome de Down y otros trastornos del desarrollo intelectual.",Sí,No,,No encuentra un lugar donde ir. Y necesita dice,No,,,,No,Sí,Sí,Centro Periférico 14,No,No,4,,,,,,,,
Mayer,GS-B-01012,28/2/2025 9:39:47,,yamilagallardo79@gmail.com,,,,,,,,,,1,0,No hay menores,No,0,No,,No,,No,///,Sí,Sí,No,,,,,,Sí,Sí,No,,No,No residen niños en el hogar,No,,Sí,No,4,,,,,,,,
Mayer,GS-B-01013,28/2/2025 9:40:14,,caritojerito55@gmail.com,Laprida 1915,,,,Cecilia,,,,,3,0,No hay menores,No,0,No,,No,,No,///,Sí,Sí,No,,,,,,Sí,Sí,Sí,Espacio Ilia,No,No residen niños en el hogar,Sí,S24 Sur,Sí,No,4,,,,,,,,
Mayer,GS-B-01014,28/2/2025 9:40:22,,kg9793067@gmail.com,Mosconi este 135,,,,Sonia,,,3585098949,,3,1,Sí,No,1,No,,No,,Sí,///,Sí,Sí,No,,,,,,No,,,,No,Sí,No,,Sí,No,4,,,,,,,,
Mayer,GS-B-01015,28/2/2025 9:40:45,,valenpereletegui@gmail.com,Alte Brown 2024,,,,,,,,,2,0,No hay menores,No,0,No,,No,,No,///,Sí,Sí,No,,,,,,No,No,No,,No,Sí,No,,No,No,4,,,,,,,,
Mayer,GS-B-01016,28/2/2025 9:41:00,,florenciaoviedo273@gmail.com,Leandro alem 1770,,,,,,,3585021833,,9,4,Sí,No,0,No,,Sí,,No,///,Sí,Sí,No,,,,,,No,No,No,,No,Sí,Sí,Centro Periférico 14,No,No,4,,,,,,,,
Mayer,GS-B-01017,28/2/2025 9:41:16,,ceballosmarcela33@gmail.com,Pje decouvett 1800,,,,Paula,,,,,1,0,No,Sí,0,Sí,No,No,,No,///,Sí,Sí,No,,,,,,No,No,No,,No,No residen niños en el hogar,No,,No,No,4,,,,,,,,
Mayer,GS-B-01018,28/2/2025 9:41:55,,primitivamanuel@gmail.com,Laprida 1710,,,,Antonia Pérez,,,4118601,,1,0,No,No,0,No,,No,,No,///,Sí,No,No,,,,,,Sí,Sí,No,,No,No residen niños en el hogar,No,S24 Sur,No,No,4,,,,,,,,
Mayer,GS-B-01019,28/2/2025 9:42:40,,clarademarchi10@gmail.com,,,,,,,,3.59E+09,,3,0,No hay menores,No,0,No,,No,,No,///,Sí,Sí,No,,,,,,Sí,Sí,No,,No,No residen niños en el hogar,Sí,Centro Periférico 14,Sí,No,4,,,,,,,,
Mayer,GS-B-01020,28/2/2025 9:42:45,,solangetorres959@gmail.com,Laprida 1680,,,,Lucas,,,3585139510,,2,0,No,No,,No,,No,,No,///,Sí,Sí,No,,,,,,No,No,No,,No,No,Sí,S24 Sur,No,No,4,,,,,,,,
Mayer,GS-B-01021,28/2/2025 9:43:21,,josefinaandres88@gmail.com,Juan de dios Lopez 28,,,,Rita fernandez,,,3584860243,,7,4,Sí,Sí,1,No,,Sí,,No,///,Sí,Sí,Sí,"Discapacidad física: Incluye limitaciones en la movilidad y funciones físicas, como la paraplejia, amputaciones y trastornos del movimiento.",No,No,,,No,,,,No,Sí,Sí,Centro Periférico 14,No,No,4,,,,,,,,
Mayer,GS-B-01022,28/2/2025 9:44:35,,subse.nafriocuarto@gmail.com,Leandro Alem 1780,,,,Rita,,,3585076048,,5,1,No,No,,No,,No,,No,///,Sí,Sí,Sí,"Discapacidad física: Incluye limitaciones en la movilidad y funciones físicas, como la paraplejia, amputaciones y trastornos del movimiento.",No,No,,Trabaja,Sí,Sí,No,,No,Sí,Sí,Centro Periférico 14,Sí,No,3,,,,,,,,
Mayer,GS-B-01023,28/2/2025 9:44:44,,mateotosco303@gmail.com,Mosconi 167,,,,Juana baez,,,,,1,0,No hay menores,Sí,,No,,No,,No,///,Sí,No,No,,,,,,Sí,Sí,No,,No,No residen niños en el hogar,No,,Sí,No,4,,,,,,,,
Mayer,GS-B-01024,28/2/2025 9:45:11,,lauradonetto@gmail.com,Pje Decouvette 1836,,,,Corina,,,3584162971,,4,2,Sí,No,0,No,,No,,No,///,Sí,Sí,No,,,,,,No,No lo sé,No lo sé,,No,Sí,No,,No,No,4,,,,,,,,
Mayer,GS-B-01025,28/2/2025 9:45:57,,carlaveronicarusso@gmail.com,,,,,,,,,,2,0,No hay menores,No,0,No,,Sí,,No,///,Sí,Sí,No,,,,,,Sí,Sí,No,,No,No residen niños en el hogar,No,,No,No,4,,,,,,,,
Mayer,GS-B-01026,28/2/2025 9:46:49,,melmiel28@gmail.com,Azopardo 1719,,,,,,,,,1,0,No hay menores,No,0,No,,No,,No,///,Sí,Sí,No,,,,,,Sí,Sí,No,,No,No residen niños en el hogar,No,S24 Sur,Sí,No,4,,,,,,,,
Mayer,GS-B-01027,28/2/2025 9:47:01,,miasalasrioiv@gmail.com,Azopardo 1768,,,,Elisa,,,,,2,0,No hay menores,No,0,No,,No,,No,///,Sí,Sí,No,,,,,,Sí,Sí,No,,No,No residen niños en el hogar,No,,No,No,4,,,,,,,,
Mayer,GS-B-01028,28/2/2025 9:47:11,,yamilagallardo79@gmail.com,,,,,Noelia,,,,,5,3,Sí,No,0,No,,No,,No,///,Sí,Sí,No,,,,,,No,,,,Sí,Sí,Sí,Centro Periférico 14,Sí,No,4,,,,,,,,
Mayer,GS-B-01029,28/2/2025 9:47:39,,caritojerito55@gmail.com,Laprida 1945,,,,Yamila,,,,,5,3,Sí,Sí,0,No,,Sí,,No,///,Sí,Sí,Sí,"Discapacidad del aprendizaje: Incluye dificultades específicas de aprendizaje, como la dislexia y el trastorno por déficit de atención e hiperactividad (TDAH).",No,No,,,No,No,No,,No,Sí,Sí,S24 Sur,No,No,4,,,,,,,,
Mayer,GS-B-01030,28/2/2025 9:47:52,,ceballosmarcela33@gmail.com,Pje decouvett 1827,,,,Daniel,,,,,5,2,Sí,No,1,No,,No,,Sí,///,Sí,Sí,No,,,,,,No,No,No,,No,Sí,Sí,S24 Alberdi,No,No,1,,,,,,,,
Mayer,GS-B-01031,28/2/2025 9:47:57,,solangetorres959@gmail.com,Laprida 1600,,,,Noelia,,,,,5,2,Sí,Sí,,No,,No,,No,///,Sí,Sí,No,,,,,,Sí,No,No,,No,Sí,No,,No,No,4,,,,,,,,
Mayer,GS-B-01032,28/2/2025 9:48:19,,catuticande@gmail.com,,,,,,,,,,3,0,No hay menores,No,0,No,,No,,No,///,Sí,Sí,No,,,,,,No,,,,No,No residen niños en el hogar,No,,No,No,4,,,,,,,,
Mayer,GS-B-01033,28/2/2025 9:48:54,,marquezselva1@gmail.com,Linier 1831,,,,Dahiana,,,3584026188,,2,0,No hay menores,No,0,No,,No,,No,///,Sí,Sí,No,,,,,,No,No,No,,No,No residen niños en el hogar,Sí,Centro Periférico 13,No,No,4,,,,,,,,
Mayer,GS-B-01034,28/2/2025 9:49:07,,milseitz@gmail.com,Matias nolasco 166,,,,Gilli heraldo,,,155619067,,2,0,No hay menores,No,,No,,No,,No,///,Sí,No,No,,,,,,Sí,Sí,No,,No,No residen niños en el hogar,Sí,S24 Sur,No,No,4,,,,,,,,
Mayer,GS-B-01035,28/2/2025 9:49:12,,sosaluisinaveronica@gmail.com,Almirante Brown 2004,,,,Delma Catalina ropolo,,,3584829126,,2,0,No hay menores,No,0,No,,Sí,,No,///,Sí,Sí,Sí,"Discapacidad física: Incluye limitaciones en la movilidad y funciones físicas, como la paraplejia, amputaciones y trastornos del movimiento.",Sí,No,,El asiste a proyectar,Sí,Sí,No,,No,No residen niños en el hogar,No,,Sí,No,4,,,,,,,,
Mayer,GS-B-01036,28/2/2025 9:50:55,,direcciondeprevencionriocuarto@gmail.com,José Hernández 1831,,,,Pedro Carrizo,,,4649170,,1,0,No hay menores,No,,No,,No,,No,///,No,No,Sí,"Discapacidad física: Incluye limitaciones en la movilidad y funciones físicas, como la paraplejia, amputaciones y trastornos del movimiento.",Sí,No,,Por que está solo,Sí,Sí,No,,No,No residen niños en el hogar,No,,Sí,No,4,,,,,,,,
Mayer,GS-B-01037,28/2/2025 9:51:27,,adriclucero2020@gmail.com,Liniers 1854,,,,Noemí Altamirano,,,3584020198,,2,0,No,No,0,No,,No,,No,///,Sí,Sí,No,,,,,,Sí,Sí,Sí,Centro de jubilados de Banda Norte,No,No residen niños en el hogar,No,,Sí,No,4,,,,,,,,
Mayer,GS-B-01038,28/2/2025 9:51:36,,solangetorres959@gmail.com,Laprida 1648,,,,Sergio,,,,,3,0,No hay menores,Sí,,No,,No,,No,///,Sí,Sí,No,,,,,,No,,,,No,Sí,No,,No,No,4,,,,,,,,
Mayer,GS-B-01039,28/2/2025 9:51:45,,valenpereletegui@gmail.com,Alte Brown 1978,,,,,,,,,2,0,No hay menores,No,0,No,,No,,No,///,Sí,Sí,No,,,,,,Sí,Sí,No,,No,Sí,Sí,S24 Sur,Sí,No,2,,,,,,,,
Mayer,GS-B-01040,28/2/2025 9:51:54,,maxibuch87@gmail.com,Juan de Dios Lopez 49,,,,Pierela Ernesto Daniel,,,4624627 Fijo 3584837048 celular,,1,0,No hay menores,No,0,No,,No,,No,///,Sí,No,Sí,"Discapacidad física: Incluye limitaciones en la movilidad y funciones físicas, como la paraplejia, amputaciones y trastornos del movimiento.",No,No,,,Sí,Sí,No,,No,No residen niños en el hogar,No,,Sí,No,1,,,,,,,,
Mayer,GS-B-01041,28/2/2025 9:52:08,,primitivamanuel@gmail.com,Juan de Dios López 937,,,,Miguel Ángel pedernera,,,4636991,,3,0,No hay menores,No,0,No,,No,,No,///,No,No,No,,,,,,Sí,Sí,No,,No,No residen niños en el hogar,No,,No,No,4,,,,,,,,
Mayer,GS-B-01042,28/2/2025 9:52:23,,josefinaandres88@gmail.com,,,,,,,,,,2,0,No,No,,No,,No,,No,///,Sí,Sí,Sí,Discapacidad sensorial: Agrupa la pérdida de capacidades auditivas (sordera) y visuales (ceguera y baja visión).,Sí,No,,,Sí,Sí,No,,No,No residen niños en el hogar,No,,Sí,No,4,,,,,,,,
Mayer,GS-B-01043,28/2/2025 9:52:32,,fedeh.bonacci@gmail.com,Laprida 1627,,,,,,,,,2,0,No hay menores,No,0,No,,No,,No,///,Sí,Sí,No,,,,,,Sí,Sí,No,,No,No residen niños en el hogar,Sí,Centro Periférico 14,No,No,4,,,,,,,,
Mayer,GS-B-01044,28/2/2025 9:52:33,,maritapacho2317@gmail.com,Pje Moyano 1946,,,,Rosana Lavedia,,,No,,3,0,No hay menores,No,0,No,,No,,No,///,Sí,Sí,No,,,,,,No,No,No,,No,No residen niños en el hogar,No,,Sí,No,4,,,,,,,,
Mayer,GS-B-01045,28/2/2025 9:52:36,,caritojerito55@gmail.com,Laprida 1961,,,,Claudia,,,,,4,1,Sí,No,0,No,,No,,No,///,Sí,Sí,Sí,"Discapacidad física: Incluye limitaciones en la movilidad y funciones físicas, como la paraplejia, amputaciones y trastornos del movimiento.",No,No,,,Sí,Sí,No,,No,No residen niños en el hogar,No,,Sí,No,4,,,,,,,,
Mayer,GS-B-01046,28/2/2025 9:52:55,,florenciaoviedo273@gmail.com,Juan de Dios Lopez 380,,,,Denise,,,3584248215,,4,2,Sí,No,0,No,,No,,No,///,Sí,Sí,No,,,,,,No,No,No,,No,Sí,Sí,Centro Periférico 14,No,No,3,,,,,,,,
Mayer,GS-B-01047,28/2/2025 9:53:01,,rominamansilla1984@gmail.com,Juan de dios López 35,,,,Liliana,,,3585079753,,2,0,No,No,2,No,,No,,No,///,Sí,Sí,No,,,,,,No,No,Sí,,No,Sí,Sí,Centro Periférico 14,No,No,4,,,,,,,,
Mayer,GS-B-01048,28/2/2025 9:53:18,,kg9793067@gmail.com,Mosconi 187,,,,Martin,,,,,1,0,No hay menores,No,1,No,,No,,No,///,No,No,No,,,,,,Sí,Sí,No,,No,No residen niños en el hogar,No,,No,No,2,,,,,,,,
Mayer,GS-B-01049,28/2/2025 9:53:40,,mansilladariogustavo@gmail.com,J hermandad 1840,,,,Maria lucero,,,3586021478,,2,0,No hay menores,No,0,No,,Sí,,No,///,Sí,Sí,No,,,,,,No,,,,No,No,Sí,Centro Periférico 14,No,No,4,,,,,,,,
Mayer,GS-B-01050,28/2/2025 9:54:21,,melmiel28@gmail.com,Azopardo 1735,,,,Maria Bernal,,,3584822891,,1,0,No hay menores,No,0,No,,No,,No lo sé,///,Sí,No,No,,,,,,Sí,No,Sí,Centro once,No,No residen niños en el hogar,Sí,S24 Sur,No,No,4,,,,,,,,
Mayer,GS-B-01051,28/2/2025 9:54:26,,lorensacosts@gmail.com,A Brown 1951,,,,Ilda,,,3585482844,,3,0,No hay menores,No,,No,,No,,No,///,Sí,Sí,No,,,,,,Sí,Sí,No,,No,No residen niños en el hogar,No,,Sí,No,4,,,,,,,,
Mayer,GS-B-01052,28/2/2025 9:54:33,,clarademarchi10@gmail.com,,,,,,,,,,3,0,No hay menores,No,0,No,,No,,No,///,Sí,No,No,,,,,,Sí,Sí,Sí,Ilia,No,No residen niños en el hogar,Sí,Centro Periférico 14,Sí,No,4,,,,,,,,
Mayer,GS-B-01053,28/2/2025 9:54:39,,carlaveronicarusso@gmail.com,,,,,Elda,,,3585709120,,2,0,No,No,0,No,,Sí,,No,///,No,No,No,,,,,,No,No,No,,No,No residen niños en el hogar,No,,Sí,No,3,,,,,,,,
Mayer,GS-B-01054,28/2/2025 9:56:16,,solangetorres959@gmail.com,Laprida 1630,,,,Marta,,,,,2,0,No hay menores,Sí,,No,,No,,No,///,Sí,Sí,No,,,,,,No,,,,No,Sí,No,,No,No,4,,,,,,,,
Mayer,GS-B-01055,28/2/2025 9:56:33,,lauradonetto@gmail.com,Pje Decouvette 1860,,,,Jose,,,3585728123,,2,0,No hay menores,No,0,No,,No,,No,///,Sí,Sí,No,,,,,,Sí,Sí,No,,No,No residen niños en el hogar,Sí,S24 Sur,Sí,No,2,,,,,,,,
Mayer,GS-B-01056,28/2/2025 9:57:04,,ceballosmarcela33@gmail.com,Pje decouvett 1851,,,,Walter,,,,,2,0,No,Sí,2,Sí,Sí,Sí,,Sí,///,Sí,Sí,Sí,"Discapacidad física: Incluye limitaciones en la movilidad y funciones físicas, como la paraplejia, amputaciones y trastornos del movimiento.",No,No,,,No,Sí,No,,No,No residen niños en el hogar,Sí,Centro Periférico 14,Sí,No,2,,,,,,,,
Mayer,GS-B-01057,28/2/2025 9:57:10,,csolfer12@gmail.com,Matias nolazco 207,,,,Johana,,,,,2,1,Sí,No,0,No,,No,,No,///,Sí,Sí,No,,,,,,No,No,No,,No,Sí,Sí,Centro Periférico 14,No,No,4,,,,,,,,
Mayer,GS-B-01058,28/2/2025 9:57:36,,juancruzel9@gmail.com,Liniers 1881,,,,Santiago,,,3585609602,,3,0,No,No,0,No,,Sí,,No,///,Sí,Sí,No,,,,,,No,No,No,,No,No residen niños en el hogar,No,,No,No,3,,,,,,,,
Mayer,GS-B-01059,28/2/2025 9:57:48,,mateotosco303@gmail.com,Mosconi 290,,,,Analia herrera,,,3585433462,,1,0,No hay menores,Sí,,No,,Sí,,No,///,Sí,Sí,No,,,,,,No,No,No,,No,No residen niños en el hogar,Sí,Centro Periférico 14,Sí,No,3,,,,,,,,
Mayer,GS-B-01060,28/2/2025 9:58:28,,caritojerito55@gmail.com,Laprida 1985,,,,Zulema,,,,,2,0,No hay menores,No,0,No,,No,,No,///,Sí,Sí,No,,,,,,Sí,Sí,Sí,Espacio Ilia,No,No residen niños en el hogar,No,,No,No,4,,,,,,,,
Mayer,GS-B-01061,28/2/2025 9:58:37,,milseitz@gmail.com,Matias nolasco 223,,,,Marcelo ojeda,,,3584011320,,5,3,Sí,No,,No,,Sí,,No,///,Sí,Sí,No,,,,,,No,,,,No,Sí,Sí,S24 Sur,No,No,1,,,,,,,,
Mayer,GS-B-01062,28/2/2025 10:00:24,,yamilagallardo79@gmail.com,,,,,Brenda,,,,,4,1,Sí,No,0,No,,No,,No,///,Sí,Sí,No,,,,,,No,,,,No,Sí,Sí,Centro Periférico 14,No,No,4,,,,,,,,
Mayer,GS-B-01063,28/2/2025 10:02:04,,carlaveronicarusso@gmail.com,Jose Hernandez 1853,,,,,,,,,2,0,No hay menores,No,0,No,,No,,No,///,Sí,Sí,No,,,,,,Sí,Sí,Sí,Illia,No,No residen niños en el hogar,No,,Sí,No,4,,,,,,,,
Mayer,GS-B-01064,28/2/2025 10:02:20,,direcciondeprevencionriocuarto@gmail.com,José Hernández 1868,,,,Mirta,,,154283266,,1,0,No hay menores,No,0,No,,No,,No,///,Sí,Sí,No,,,,,,Sí,Sí,Sí,Talleres en el Illia,No,No residen niños en el hogar,Sí,S24 Sur,Sí,No,4,,,,,,,,
Mayer,GS-B-01065,28/2/2025 10:02:28,,josefinaandres88@gmail.com,,,,,,,,,,2,0,No hay menores,No,,No,,No,,No,///,Sí,Sí,No,,,,,,Sí,Sí,No,,No,No residen niños en el hogar,No,,No,No,4,,,,,,,,
Mayer,GS-B-01066,28/2/2025 10:02:31,,rominamansilla1984@gmail.com,,,,,Noberto,,,,,3,1,No,Sí,2,Sí,No,Sí,,No,///,Sí,Sí,No,,,,,,Sí,Sí,Sí,,No,No,Sí,Centro Periférico 14,Sí,No,4,,,,,,,,
Mayer,GS-B-01067,28/2/2025 10:02:46,,subsecretariadeninez@riocuarto.gov.ar,Leandro alem 1655,,,,Marta,,,3584287886,,2,0,No,No,0,No,,Sí,,No,///,Sí,Sí,No,,,,,,No,No,No,,No,No residen niños en el hogar,No,,Sí,No,4,,,,,,,,
Mayer,GS-B-01068,28/2/2025 10:03:18,,miasalasrioiv@gmail.com,Azopardo 1880,,,,Ruben,,,,,2,0,No hay menores,No,0,No,,No,,No,///,Sí,Sí,No,,,,,,Sí,Sí,No,,No,No residen niños en el hogar,Sí,Centro Periférico 14,No,No,2,,,,,,,,
Mayer,GS-B-01069,28/2/2025 10:03:29,,sosaluisinaveronica@gmail.com,,,,,,,,,,6,4,Sí,Sí,2,No,,No,,No,///,Sí,Sí,No,,,,,,No,,,,No,Sí,Sí,Centro Periférico 14,No,No,4,,,,,,,,
Mayer,GS-B-01070,28/2/2025 10:03:45,,saritacarranza2022@gmail.com,Ellas moyano 1869,,,,Dichiara natalia,,,,,3,1,Sí,No,0,No,,No,,No,///,Sí,Sí,No,,,,,,No,No,No,,No,Sí,Sí,Centro Periférico 14,Sí,No,4,,,,,,,,
Mayer,GS-B-01071,28/2/2025 10:04:04,,primitivamanuel@gmail.com,Juan de Dios López 54,,,,Cinta gatti,,,3584312083,,3,2,Sí,No,0,No,,Sí,,No,///,Sí,Sí,No,,,,,,No,No,No,,No,No lo sé,No,,No,No,4,,,,,,,,
Mayer,GS-B-01072,28/2/2025 10:04:16,,fedeh.bonacci@gmail.com,Laprida 1533,,,,,,,,,2,0,No hay menores,No,0,No,,No,,No,///,Sí,Sí,No,,,,,,No,No,No,,No,No residen niños en el hogar,No,,No,No,4,,,,,,,,
Mayer,GS-B-01073,28/2/2025 10:04:26,,lorensacosts@gmail.com,A Brown 1943,,,,Karina,,,3584160552,,7,3,Sí,Sí,1,No,,Sí,,No,///,Sí,Sí,Sí,"Discapacidad múltiple: Se refiere a personas que presentan combinaciones de dos o más tipos de discapacidad, afectando diversas áreas de su vida.",Sí,Sí,Centro 11,,No,,,,No,Sí,Sí,Centro Periférico 14,No,No,4,,,,,,,,
Mayer,GS-B-01074,28/2/2025 10:04:34,,solangetorres959@gmail.com,Laprida 1500,,,,Beatriz,,,,,2,0,No hay menores,Sí,,No,,No,,No,///,Sí,Sí,No,,,,,,Sí,No,,,No,No residen niños en el hogar,No,,Sí,No,4,,,,,,,,
Mayer,GS-B-01075,28/2/2025 10:04:50,,csolfer12@gmail.com,,,,,Brayan,,,3584013708,,6,3,Sí,No,0,No,,No,,No,///,Sí,Sí,No,,,,,,Sí,Sí,No lo sé,,No,No,Sí,Centro Periférico 14,Sí,No,4,,,,,,,,
Mayer,GS-B-01076,28/2/2025 10:05:10,,valenpereletegui@gmail.com,A. Brown 1922,,,,,,,,,4,0,No hay menores,No,0,No,,No,,No,///,Sí,Sí,No,,,,,,Sí,No,No,,No,Sí,Sí,S24 Sur,No,No,3,,,,,,,,
Mayer,GS-B-01077,28/2/2025 10:05:26,,caritojerito55@gmail.com,Laprida 1958,,,,Alejandra,,,,,4,1,Sí,No,0,No,,No,,No,///,Sí,Sí,No,,,,,,No,No,No,,No,Sí,No,,No,No,4,,,,,,,,
Mayer,GS-B-01078,28/2/2025 10:05:28,,mateotosco303@gmail.com,Leandro alem 1898 esquina mosconi,,,,Angela,,,,,2,0,No hay menores,Sí,,No,,No,,No,///,Sí,No,No,,,,,,Sí,Sí,No,,No,No residen niños en el hogar,No,,Sí,No,4,,,,,,,,
Mayer,GS-B-01079,28/2/2025 10:05:32,,lauradonetto@gmail.com,Pje Decouvette 1874,,,,Edgardo,,,3584825032,,3,0,No hay menores,No,0,No,,No,,No,///,Sí,Sí,Sí,"Discapacidad física: Incluye limitaciones en la movilidad y funciones físicas, como la paraplejia, amputaciones y trastornos del movimiento.",No,No,,Diabetes. Protesis de rodilla,Sí,Sí,No,,No,No residen niños en el hogar,Sí,S24 Sur,Sí,No,2,,,,,,,,
Mayer,GS-B-01080,28/2/2025 10:05:58,,melmiel28@gmail.com,Azopardo 1781,,,,Nancy luna,,,3585013696,,2,0,No hay menores,No,0,No,,No,,No,///,Sí,Sí,No,,,,,,Sí,Sí,No,,No,No residen niños en el hogar,No,,Sí,No,4,,,,,,,,
Mayer,GS-B-01081,28/2/2025 10:06:27,,ceballosmarcela33@gmail.com,Pje decouvett 1898,,,,Vanessa,,,,,4,2,Sí,No,0,No,,Sí,,No,///,Sí,Sí,No,,,,,,No,No,No,,No,Sí,Sí,Centro Periférico 14,Sí,No,4,,,,,,,,
Mayer,GS-B-01082,28/2/2025 10:06:57,,solangetorres959@gmail.com,Laprida 1536,,,,Roberto,,,,,1,0,No hay menores,No,,No,,No,,No,///,Sí,Sí,No,,,,,,Sí,No,,,No,No residen niños en el hogar,Sí,S24 Sur,Sí,No,3,,,,,,,,
Mayer,GS-B-01083,28/2/2025 10:06:58,,marquezselva1@gmail.com,Liniers 1895,,,,Belen Alaniz,,,3585621565,,4,2,Sí,No,0,Sí,No,No,,No,///,Sí,Sí,Sí,"Discapacidad física: Incluye limitaciones en la movilidad y funciones físicas, como la paraplejia, amputaciones y trastornos del movimiento.",No,No,,,Sí,Sí,No,,Sí,Sí,Sí,Centro Periférico 14,No,No,4,,,,,,,,
Mayer,GS-B-01084,28/2/2025 10:07:00,,yamilagallardo79@gmail.com,,,,,fabiana,,,,,3,0,No hay menores,No,,No,,No,,No,///,Sí,Sí,No,,,,,,No,,,,No,No residen niños en el hogar,No,,Sí,No,4,,,,,,,,
Mayer,GS-B-01085,28/2/2025 10:08:52,,carlaveronicarusso@gmail.com,,,,,,,,,,5,2,Sí,No,0,No,,No,,No,///,Sí,Sí,No,,,,,,Sí,Sí,No,,No,Sí,No,,Sí,No lo sé,4,,,,,,,,
Mayer,GS-B-01086,28/2/2025 10:09:14,,fedeh.bonacci@gmail.com,Laprida 1523,,,,,,,,,2,0,No hay menores,No,0,No,,No,,No,///,Sí,Sí,No,,,,,,Sí,Sí,Sí,Illia,No,No residen niños en el hogar,No,,No,No,4,,,,,,,,
Mayer,GS-B-01087,28/2/2025 10:09:30,,moyanofacundo88@gmail.com,Psj decouvette 1820,,,,Paola barreras,,,Paolabarreras87@gmail.com,,4,2,Sí,No,0,No,,No,,Sí,///,Sí,Sí,No,,,,,,No,,,,No,Sí,Sí,Centro Periférico 14,Sí,No,4,,,,,,,,
Mayer,GS-B-01088,28/2/2025 10:09:58,,milseitz@gmail.com,Matias nolasco 278,,,,Maria elena sosa,,,3584199443,,3,0,No hay menores,No,,Sí,No,Sí,,No,///,Sí,Sí,Sí,"Discapacidad intelectual: Comprende condiciones que afectan el funcionamiento cognitivo y la capacidad de aprendizaje, como el síndrome de Down y otros trastornos del desarrollo intelectual.",Sí,No,,,No,,,,No,No residen niños en el hogar,Sí,S24 Sur,No,No,4,,,,,,,,
Mayer,GS-B-01089,28/2/2025 10:11:30,,josefinaandres88@gmail.com,Juan de dios Lopez 126,,,,Juan carlos silva,,,154828419,,1,0,No hay menores,No,,No,,No,,No,///,Sí,Sí,No,,,,,,No,,,,No,No residen niños en el hogar,Sí,S24 Alberdi,Sí,No,2,,,,,,,,
Mayer,GS-B-01090,28/2/2025 10:12:14,,ceballosmarcela33@gmail.com,Pje decouvett,,,,Claudia,,,,,3,0,No,No,0,No lo sé,,No,,No,///,Sí,Sí,No,,,,,,Sí,No,No,,No,No residen niños en el hogar,Sí,Centro Periférico 14,Sí,No,4,,,,,,,,
Mayer,GS-B-01091,28/2/2025 10:12:28,,lorensacosts@gmail.com,A Brown 1921,,,,Elmira,,,,,2,0,No hay menores,No,0,No,,No,,No,///,Sí,Sí,No,,,,,,Sí,Sí,No,,No,No residen niños en el hogar,No,,No,No,4,,,,,,,,
Mayer,GS-B-01092,28/2/2025 10:12:57,,maxibuch87@gmail.com,Juan de Dios Lopez 151,,,,Jose Oscar Bustos,,,3584197907,,2,0,No hay menores,No,0,No,,No,,No,///,Sí,Sí,No,,,,,,Sí,Sí,No,,No,No residen niños en el hogar,No,,Sí,No,2,,,,,,,,
Mayer,GS-B-01093,28/2/2025 10:13:13,,yamilagallardo79@gmail.com,,,,,soledad,,,,,4,2,Sí,No,,No,,No,,No,///,Sí,Sí,No,,,,,,No,,,,No,Sí,No,,Sí,No,4,,,,,,,,
Mayer,GS-B-01094,28/2/2025 10:13:20,,kg9793067@gmail.com,Lean drogas alem 1864,,,,Laura,,,3585021169,,5,3,Sí,No,1,No,,No,,Sí,///,Sí,No,No,,,,,,No,,,,No,Sí,Sí,Centro Periférico 14,No lo sé,No,3,,,,,,,,
Mayer,GS-B-01095,28/2/2025 10:14:09,,direcciondeprevencionriocuarto@gmail.com,José Hernández 1894,,,,José Eligió Molina,,,34861070960,,1,0,No hay menores,No,0,No,,No,,No,///,Sí,Sí,No,,,,,,Sí,Sí,Sí,Illia,No,No residen niños en el hogar,Sí,S24 Sur,No,No,4,,,,,,,,
Mayer,GS-B-01096,28/2/2025 10:14:11,,lauradonetto@gmail.com,Pje Decouvette 1892,,,,Gloria,,,3584396171,,4,2,Sí,No,0,No,,No,,No,///,Sí,Sí,No,,,,,,No,,,,No,Sí,No,,Sí,No,4,,,,,,,,
Mayer,GS-B-01097,28/2/2025 10:14:51,,florenciaoviedo273@gmail.com,Leandro Alem 1838,,,,María,,,3584247305,,4,2,Sí,No,0,No,,Sí,,No,///,Sí,Sí,Sí,"Discapacidad intelectual: Comprende condiciones que afectan el funcionamiento cognitivo y la capacidad de aprendizaje, como el síndrome de Down y otros trastornos del desarrollo intelectual.",Sí,No,,Porque no lo conoce,No,No,No,,No,Sí,Sí,Centro Periférico 14,No,No,4,,,,,,,,
Mayer,GS-B-01098,28/2/2025 10:15:08,,carlaveronicarusso@gmail.com,Jose hernandez 1881,,,,Azucena Rayson,,,3584840015,,1,0,No hay menores,No,0,No,,No,,No,///,Sí,Sí,Sí,"Discapacidad física: Incluye limitaciones en la movilidad y funciones físicas, como la paraplejia, amputaciones y trastornos del movimiento.",Sí,No,,,Sí,Sí,No,,No,No residen niños en el hogar,No,,Sí,No,3,,,,,,,,
Mayer,GS-B-01099,28/2/2025 10:15:15,,adriclucero2020@gmail.com,Liniers 1971,,,,Roxana,,,3584878707,,2,0,No,No,0,No,,No,,No,///,Sí,Sí,No,,,,,,No,No,No,Ninguno,No,No residen niños en el hogar,No,,Sí,No,4,,,,,,,,
Mayer,GS-B-01100,28/2/2025 10:15:16,,fedeh.bonacci@gmail.com,Laprida 1519,,,,,,,,,3,0,No hay menores,No,0,No,,No,,No,///,Sí,Sí,No,,,,,,Sí,Sí,No,,No,No residen niños en el hogar,No,,No,No,4,,,,,,,,
Mayer,GS-B-01101,28/2/2025 10:15:22,,sosaluisinaveronica@gmail.com,,,,,,,,,,3,1,Sí,No,0,No,,No,,No,///,Sí,Sí,Sí,"Discapacidad del aprendizaje: Incluye dificultades específicas de aprendizaje, como la dislexia y el trastorno por déficit de atención e hiperactividad (TDAH).",Sí,No,,No les interesa se atiende por privado,No,,,,No,Sí,No,,Sí,No,4,,,,,,,,
Mayer,GS-B-01102,28/2/2025 10:15:24,,primitivamanuel@gmail.com,Juan de Dios López 142,,,,José segura,,,3585736818,,1,0,No,No,0,No,,No,,No,///,Sí,Sí,No,,,,,,No,No,No,,No,No residen niños en el hogar,No,,No,Sí,4,,,,,,,,
Mayer,GS-B-01103,28/2/2025 10:15:55,,maritapacho2317@gmail.com,Pje Moyano 1821,,,,Patricia Vargas,,,No,,5,1,Sí,No,0,No,,No,,No,///,Sí,Sí,No,,,,,,No,No,No,,No,Sí,No,,Sí,No,4,,,,,,,,
Mayer,GS-B-01104,28/2/2025 10:16:55,,clarademarchi10@gmail.com,,,,,,,,,,4,2,Sí,No,0,No,,No,,No,///,Sí,Sí,Sí,"Discapacidad del aprendizaje: Incluye dificultades específicas de aprendizaje, como la dislexia y el trastorno por déficit de atención e hiperactividad (TDAH).",Sí,No,,Asiste en higueras,No,,,,No,Sí,Sí,S24 Sur,No,No,4,,,,,,,,
Mayer,GS-B-01105,28/2/2025 10:17:06,,csolfer12@gmail.com,Matias nolazca 285,,,,Mabel,,,3585625400,,8,4,Sí,No,2,No,,No,,Sí,///,Sí,Sí,No,,,,,,No,No,No,,No,No,Sí,Centro Periférico 14,No,No lo sé,2,,,,,,,,
Mayer,GS-B-01106,28/2/2025 10:17:28,,juancruzel9@gmail.com,Liniers 1911,,,,Graciela,,,3584247605,,4,1,Sí,No,0,No,,No,,No,///,Sí,Sí,No,,,,,,No,No,No,,No,Sí,No,,Sí,No,4,,,,,,,,
Mayer,GS-B-01107,28/2/2025 10:18:49,,mateotosco303@gmail.com,Mosconi este 475,,,,Ariel,,,,,3,0,No hay menores,Sí,,No,,No,,No,///,Sí,Sí,No,,,,,,No,No,No,,No,Sí,No,,Sí,No,4,,,,,,,,
Mayer,GS-B-01108,28/2/2025 10:19:22,,caritojerito55@gmail.com,Laprida 1964,,,,Marcela,,,,,3,0,No hay menores,No,0,No,,No,,No,///,Sí,Sí,No,,,,,,Sí,Sí,No,,No,No residen niños en el hogar,No,,No,No,4,,,,,,,,
Mayer,GS-B-01109,28/2/2025 10:19:30,,yamilagallardo79@gmail.com,,,,,brenda,,,,,2,0,No hay menores,No,,No,,No,,Sí,///,Sí,Sí,No,,,,,,No,,,,No,No residen niños en el hogar,Sí,Centro Periférico 14,No,No,4,,,,,,,,
Mayer,GS-B-01110,28/2/2025 10:19:42,,valenpereletegui@gmail.com,A. Brow. 1840,,,,,,,,,3,2,Sí,No,0,No,,Sí,,No,///,Sí,Sí,No,,,,,,Sí,No,No,,No,Sí,Sí,Centro Periférico 14,Sí,No,4,,,,,,,,
Mayer,GS-B-01111,28/2/2025 10:21:33,,fsisalli87@gmail.com,Alem 1839 casa 2,,,,Clara,,,3584193649,,4,2,Sí,No,,No,,Sí,,Sí,///,Sí,Sí,Sí,"Discapacidad múltiple: Se refiere a personas que presentan combinaciones de dos o más tipos de discapacidad, afectando diversas áreas de su vida.",Sí,No,,,No,,,,No,Sí,Sí,Centro Periférico 14,Sí,No,4,,,,,,,,
Mayer,GS-B-01112,28/2/2025 10:22:02,,melmiel28@gmail.com,,,,,Leticia,,,3584389131,,1,0,No hay menores,No,0,No,,No,,No,///,Sí,Sí,No,,,,,,No,No,No,,No,No residen niños en el hogar,No,,No,No,4,,,,,,,,
Mayer,GS-B-01113,28/2/2025 10:23:35,,lauradonetto@gmail.com,Pje Decouvette 1928,,,,Carlos,,,3584855645,,3,0,No hay menores,No,0,No,,No,,No,///,Sí,Sí,Sí,"Discapacidad física: Incluye limitaciones en la movilidad y funciones físicas, como la paraplejia, amputaciones y trastornos del movimiento.",Sí,No,,Trabaja en zoonosis,Sí,Sí,No,,No,No residen niños en el hogar,Sí,S24 Sur,No,No,4,,,,,,,,
Mayer,GS-B-01114,28/2/2025 10:24:21,,josefinaandres88@gmail.com,Juan de dios Lopez 168,,,,Vanesa elizabeth gonzalez,,,3585160285,,3,2,Sí,Sí,0,No,,No,,Sí,///,Sí,Sí,No,,,,,,No,,,,No,Sí,Sí,Centro Periférico 14,Sí,No,3,,,,,,,,
Mayer,GS-B-01115,28/2/2025 10:24:23,,subsecretariadeninez@riocuarto.gov.ar,Alejandro alem 1840,,,,Perez evelina rosas,,,3586009641,,10,6,Sí,No,,No,,No,,No,///,Sí,Sí,Sí,"Discapacidad física: Incluye limitaciones en la movilidad y funciones físicas, como la paraplejia, amputaciones y trastornos del movimiento.",No,No,,,Sí,Sí,No,,No,Sí,Sí,Centro Periférico 14,No,No,4,,,,,,,,
Mayer,GS-B-01116,28/2/2025 10:24:24,,caritojerito55@gmail.com,Laprida 1832,,,,Ricardo,,,,,3,0,No hay menores,No,0,No,,No,,No,///,Sí,Sí,No,,,,,,No,No,No,,No,Sí,No,,No,No,4,,,,,,,,
Mayer,GS-B-01117,28/2/2025 10:24:39,,ceballosmarcela33@gmail.com,Pje decouvett 1900,,,,Noel,,,,,4,2,Sí,No,0,No,,No,,No,///,Sí,Sí,No,,,,,,No,No,No,,No,Sí,Sí,Centro Periférico 14,No,No,4,,,,,,,,
Mayer,GS-B-01118,28/2/2025 10:24:48,,fedeh.bonacci@gmail.com,Laprida 1521,,,,,,,,,2,0,No hay menores,No,0,No,,No,,No,///,Sí,Sí,No,,,,,,Sí,Sí,No,,No,No residen niños en el hogar,Sí,Centro Periférico 14,No,No,4,,,,,,,,
Mayer,GS-B-01119,28/2/2025 10:25:06,,rominamansilla1984@gmail.com,,,,,Ana,,,,,4,2,Sí,Sí,0,Sí,No,No,,No,///,Sí,Sí,No,,,,,,No,No,No,,No,Sí,Sí,Centro Periférico 14,No,No,4,,,,,,,,
Mayer,GS-B-01120,28/2/2025 10:25:20,,direcciondeprevencionriocuarto@gmail.com,José Hernández 1924,,,,Antonia Ortega,,,3585183506,,1,0,No hay menores,No,,No,,No,,No,///,Sí,Sí,No,,,,,,Sí,Sí,Sí,Illia,No,No residen niños en el hogar,No,,Sí,No,4,,,,,,,,
Mayer,GS-B-01121,28/2/2025 10:25:28,,csolfer12@gmail.com,Matias Nolasco 387,,,,Mirta,,,,,1,0,No,No,0,No,,No,,No,///,No,No,No,,,,,,Sí,Sí,Sí,,No,No,No,,Sí,No,4,,,,,,,,
Mayer,GS-B-01122,28/2/2025 10:25:48,,carlaveronicarusso@gmail.com,,,,,,,,,,2,0,No hay menores,No,0,No,,No,,No,///,Sí,Sí,No,,,,,,Sí,Sí,No,,No,No residen niños en el hogar,Sí,"Hospital Regional ""San Antonio de Padua""",Sí,No,4,,,,,,,,
Mayer,GS-B-01123,28/2/2025 10:26:54,,primitivamanuel@gmail.com,Juan de Dios López 170,,,,Daniela Montenegro,,,3584203981,,2,0,No hay menores,No,0,No,,No,,No,///,Sí,Sí,No,,,,,,No,No,No,,No,No residen niños en el hogar,No,,No,No,4,,,,,,,,
Mayer,GS-B-01124,28/2/2025 10:27:05,,mateotosco303@gmail.com,Mosconi este 447,,,,Mirtha bassani,,,,,2,0,No,No,,No,,No,,No,///,Sí,Sí,No,,,,,,Sí,Sí,No,,No,Sí,No,,No,No,4,,,,,,,,
Mayer,GS-B-01125,28/2/2025 10:27:16,,kg9793067@gmail.com,Mosconi este 441,,,,Trinidad,,,358,,2,0,No hay menores,No,1,No,,No,,No,///,Sí,Sí,No,,,,,,Sí,Sí,Sí,Ex aceitera,No,No residen niños en el hogar,No,,No,No,4,,,,,,,,
Mayer,GS-B-01126,28/2/2025 10:27:53,,milseitz@gmail.com,Matias nolasco 336,,,,Nelida flores,,,3585705462,,5,0,No hay menores,No,0,No,,No,,No,///,Sí,Sí,No,,,,,,Sí,Sí,No,,No,No residen niños en el hogar,Sí,Centro de Salud Municipal,Sí,No,4,,,,,,,,
Mayer,GS-B-01127,28/2/2025 10:27:56,,juancruzel9@gmail.com,,,,,Mirta,,,3585063141,,1,0,No,No,0,No,,Sí,,No,///,Sí,No,No,,,,,,Sí,Sí,No,,No,No,Sí,"Hospital Regional ""San Antonio de Padua""",Sí,No,4,,,,,,,,
Mayer,GS-B-01128,28/2/2025 10:28:10,,maxibuch87@gmail.com,Juan de Dios López 249,,,,Kevin Domínguez,,,3585182563,,4,0,No hay menores,No,0,No,,No,,No,///,Sí,Sí,No,,,,,,No,,,,No,No residen niños en el hogar,No,,No,No,3,,,,,,,,
Mayer,GS-B-01129,28/2/2025 10:29:53,,lauradonetto@gmail.com,Pje Decouvette 1936,,,,Fernanda,,,3584018540,,4,0,No hay menores,No,0,No,,No,,No,///,Sí,Sí,No,,,,,,No,No,No,,No,No,Sí,S24 Sur,No,No,4,,,,,,,,
Mayer,GS-B-01130,28/2/2025 10:31:04,,saritacarranza2022@gmail.com,Ellas moyano 1749,,,,Alfonso margarita rosario,,,3585011888,,2,0,No hay menores,No,0,No,,No,,No,///,Sí,Sí,No,,,,,,Sí,Sí,No,,No,No residen niños en el hogar,No,,Sí,No,4,,,,,,,,
Mayer,GS-B-01131,28/2/2025 10:31:10,,caritojerito55@gmail.com,Laprida 1822,,,,Maria Belén,,,,,4,1,Sí,Sí,0,No,,No,,No,///,Sí,Sí,No,,,,,,No,No,No,,No,Sí,Sí,S24 Sur,No,No,4,,,,,,,,
Mayer,GS-B-01132,28/2/2025 10:31:32,,josefinaandres88@gmail.com,Juan de dios Lopez 188,,,,Daniela moranl,,,3584926761,,11,2,Sí,No,,No,,No,,No,///,Sí,Sí,No,,,,,,No,,,,Sí,Sí,Sí,Centro Periférico 14,Sí,No,3,,,,,,,,
Mayer,GS-B-01133,28/2/2025 10:31:40,,marquezselva1@gmail.com,Liniers 1963,,,,Gisela,,,3585163094,,3,2,Sí,No,0,No,,No,,No,///,Sí,Sí,No,,,,,,No,No,No,,No,Sí,Sí,Centro Periférico 1,No,No,4,,,,,,,,
Mayer,GS-B-01134,28/2/2025 10:32:20,,carlaveronicarusso@gmail.com,Jose Hernandez 1951,,,,Araceli Maria Lanfranco,,,3584864434,,2,0,No hay menores,No,0,No,,No,,No,///,Sí,Sí,No,,,,,,Sí,Sí,No,,No,No residen niños en el hogar,No,,Sí,No,4,,,,,,,,
Mayer,GS-B-01135,28/2/2025 10:32:32,,maxibuch87@gmail.com,Juan de Dios 249,,,,Domínguez Franco,,,3585182563,,5,3,Sí,No,0,No,,No,,No,///,Sí,Sí,No,,,,,,No,,,,No,Sí,No,,No,No,3,,,,,,,,
Mayer,GS-B-01136,28/2/2025 10:33:40,,lorensacosts@gmail.com,A Brown 1863,,,,Claudia,,,3585179696 solo WhatsApp,,8,3,Sí,No,0,Sí,No,Sí,,No,///,Sí,Sí,Sí,"Discapacidad múltiple: Se refiere a personas que presentan combinaciones de dos o más tipos de discapacidad, afectando diversas áreas de su vida.",Sí,No,,No le gusta salir tiene esquizofrenia,Sí,Sí,No,,No,Sí,Sí,Centro Periférico 14,Sí,No,4,,,,,,,,
Mayer,GS-B-01137,28/2/2025 10:34:57,,yamilagallardo79@gmail.com,,,,,Gustavo,,,,,5,1,Sí,No,,No,,No,,No,///,Sí,Sí,No,,,,,,No,,,,No,No residen niños en el hogar,No,,No,No,3,,,,,,,,
Mayer,GS-B-01138,28/2/2025 10:35:09,,catuticande@gmail.com,Pasaje Elías Moyano 1735,,,,Sandro Moreno,,,3584170286,,8,2,Sí,Sí,0,No,,No,,No,///,Sí,Sí,Sí,"Discapacidad del aprendizaje: Incluye dificultades específicas de aprendizaje, como la dislexia y el trastorno por déficit de atención e hiperactividad (TDAH).",No,No,,Porque lo descubrieron hace poco en el colegio. No tiene el CUD porque no consiguen turno en Córdoba.,No,,,,No,Sí,Sí,Centro Periférico 6,Sí,No,3,,,,,,,,
Mayer,GS-B-01139,28/2/2025 10:36:24,,maxibuch87@gmail.com,Juan de Dios 249,,,,Mercedes Luna,,,358 5182563,,4,1,No,No,0,No,,No,,No,///,Sí,Sí,No,,,,,,Sí,Sí,No,,No,Sí,No,,Sí,No,3,,,,,,,,
Mayer,GS-B-01140,28/2/2025 10:36:59,,marquezselva1@gmail.com,Liniers 1781,,,,Ruben,,,3584834783,,5,3,Sí,Sí,0,No,,No,,No,///,Sí,Sí,No,,,,,,No,No,No,,No,Sí,No,,No,No,4,,,,,,,,
Mayer,GS-B-01141,28/2/2025 10:37:57,,valenpereletegui@gmail.com,Alte Brown 1861,,,,,,,,,2,0,No hay menores,No,0,Sí,No,No,,No,///,Sí,Sí,No,,,,,,Sí,Sí,No,,No,Sí,No,,Sí,No,4,,,,,,,,
Mayer,GS-B-01142,28/2/2025 10:38:07,,adriclucero2020@gmail.com,Liniers 1758,,,,Sonia,,,,,3,0,No,No,0,No,,No,,No,///,Sí,Sí,No,,,,,,No,No,No,Ninguno,No,No,Sí,Centro Periférico 14,No,No,4,,,,,,,,
Mayer,GS-B-01143,28/2/2025 10:38:27,,mateotosco303@gmail.com,Mosconi este esquina alem,,,,No quiere darlo,,,No quiere darlo,,1,0,No hay menores,Sí,,No,,No,,No,///,Sí,Sí,No,,,,,,Sí,Sí,No,,No,Sí,No,,No,No,2,,,,,,,,
Mayer,GS-B-01144,28/2/2025 10:38:46,,florenciaoviedo273@gmail.com,Leandro alem 1940,,,,Antonia,,,,,3,0,No,No,0,No,,No,,No,///,No,Sí,No,,,,,,Sí,Sí,No,,No,No residen niños en el hogar,Sí,Centro Periférico 14,Sí,No,1,,,,,,,,
Mayer,GS-B-01145,28/2/2025 10:38:48,,carlaveronicarusso@gmail.com,Jose Hernandez 1975,,,,,,,,,2,0,No hay menores,No,0,No,,No,,No,///,Sí,Sí,No,,,,,,No,No,No,,No,No residen niños en el hogar,Sí,Centro de Salud Municipal,Sí,No,3,,,,,,,,
Mayer,GS-B-01146,28/2/2025 10:39:11,,ceballosmarcela33@gmail.com,F.fader200,,,,Cristina,,,,,1,0,No hay menores,Sí,0,Sí,No,No,,No,///,Sí,Sí,No,,,,,,Sí,Sí,Sí,Domínguez,No,No residen niños en el hogar,Sí,Centro Periférico 14,No,No,4,,,,,,,,
Mayer,GS-B-01147,28/2/2025 10:39:17,,milseitz@gmail.com,Matias nolasco 362,,,,Marta pereyra,,,154358888,,1,0,No hay menores,No,,No,,No,,No,///,Sí,Sí,No,,,,,,Sí,Sí,No,,No,No residen niños en el hogar,No,,Sí,No,4,,,,,,,,
Mayer,GS-B-01148,28/2/2025 10:40:30,,josefinaandres88@gmail.com,Juan se dios lope 214,,,,Julia russo,,,3584800908,,2,1,Sí,No,,No,,Sí,,No,///,Sí,Sí,Sí,"Discapacidad física: Incluye limitaciones en la movilidad y funciones físicas, como la paraplejia, amputaciones y trastornos del movimiento.",Sí,Sí,Gimnasia,,No,,,,No,Sí,Sí,Centro Periférico 14,Sí,No,3,,,,,,,,
Mayer,GS-B-01149,28/2/2025 10:40:46,,juancruzel9@gmail.com,Liniers 1765,,,,Olga angelica,,,3584245137,,2,0,No,Sí,0,No,,No,,No,///,Sí,Sí,No,,,,,,Sí,Sí,No,,No,No residen niños en el hogar,Sí,"Hospital Regional ""San Antonio de Padua""",Sí,No,4,,,,,,,,
Mayer,GS-B-01150,28/2/2025 10:41:33,,lauradonetto@gmail.com,Pje Decouvette 1958,,,,Adriana,,,3584243165,,3,0,No hay menores,No,0,No,,No,,No,///,Sí,Sí,Sí,"Discapacidad física: Incluye limitaciones en la movilidad y funciones físicas, como la paraplejia, amputaciones y trastornos del movimiento.",Sí,No,,El colegio la deriva al Centro 11,No,No,No,,No,Sí,No,,No,No,4,,,,,,,,
Mayer,GS-B-01151,28/2/2025 10:41:50,,subsecretariadeninez@riocuarto.gov.ar,Leandro alem 1919,,,,Ana silvia,,,3585181584,,5,2,No,Sí,0,No,,Sí,,No,///,Sí,Sí,No,,,,,,Sí,Sí,No,,No,Sí,Sí,S24 Sur,Sí,No,4,,,,,,,,
Mayer,GS-B-01152,28/2/2025 10:43:56,,lorensacosts@gmail.com,Almirante Brown 1810,,,,Mauricio,,,,,2,0,No hay menores,No,,No,,No,,No,///,Sí,Sí,No,,,,,,Sí,No,,,No,No residen niños en el hogar,No,,No,No,4,,,,,,,,
Mayer,GS-B-01153,28/2/2025 10:44:24,,yamilagallardo79@gmail.com,,,,,daniela,,,,,3,1,Sí,No,,No,,No,,No,///,Sí,Sí,No,,,,,,No,,,,No,Sí,Sí,S24 Sur,No,No,4,,,,,,,,
Mayer,GS-B-01154,28/2/2025 10:44:25,,carlaveronicarusso@gmail.com,Jose Hernandez 1983,,,,Mari Azcurra,,,,,3,1,Sí,No,0,No,,No,,No,///,Sí,Sí,No,,,,,,No,No,No,,No,Sí,No,,No,No,3,,,,,,,,
Mayer,GS-B-01155,28/2/2025 10:44:32,,saritacarranza2022@gmail.com,Ellas moyano 1734,,,,Gieco luis german,,,3585069411,,4,2,Sí,No,0,No,,No,,No,///,Sí,Sí,No,,,,,,No,No,No,,No,Sí,Sí,Centro Periférico 14,Sí,No,4,,,,,,,,
Mayer,GS-B-01156,28/2/2025 10:44:48,,marquezselva1@gmail.com,Liniers 1751,,,,Zulma noemi fernandez,,,3585715410,,5,2,Sí,Sí,0,No,,No,,No,///,Sí,Sí,No,,,,,,No,No,,,No,Sí,Sí,Centro Periférico 1,Sí,No,2,,,,,,,,
Mayer,GS-B-01157,28/2/2025 10:44:53,,maxibuch87@gmail.com,Juan de Dios Lopez 265,,,,Carolina Segovia,,,3584020839,,3,1,Sí,No,0,No,,No,,No,///,Sí,Sí,No,,,,,,No,,,,No,Sí,No,,No,No,4,,,,,,,,
Mayer,GS-B-01158,28/2/2025 10:45:03,,primitivamanuel@gmail.com,Juan de Dios López 278,,,,Carina Pereyra,,,3685132996,,3,0,No hay menores,No,0,No,,No,,No,///,Sí,Sí,No,,,,,,No,,,,No,No residen niños en el hogar,Sí,S24 Sur,No,No,4,,,,,,,,
Mayer,GS-B-01159,28/2/2025 10:46:41,,fsisalli87@gmail.com,,,,,Oscar,,,,,6,1,Sí,No,,No,,No,,No,///,Sí,Sí,No,,,,,,No,,,,No,Sí,Sí,Centro Periférico 14,No,No,4,,,,,,,,
Mayer,GS-B-01160,28/2/2025 10:46:55,,adriclucero2020@gmail.com,Liniers 1758,,,,Ramon Angel,,,3585487789,,1,0,No,No,0,No,,Sí,,No,///,Sí,Sí,No,,,,,,Sí,Sí,No,,No,No,Sí,Centro Periférico 14,Sí,No,4,,,,,,,,
Mayer,GS-B-01161,28/2/2025 10:47:09,,rominamansilla1984@gmail.com,Juan de dios López 225,,,,Santiago,,,,,2,0,No,Sí,0,No,,No,,No,///,Sí,Sí,No,,,,,,Sí,Sí,Sí,,No,No,Sí,Centro Periférico 14,Sí,No,2,,,,,,,,
Mayer,GS-B-01162,28/2/2025 10:47:19,,lauradonetto@gmail.com,Pje Decouvette 1966,,,,Eduardo,,,3584863968,,3,0,No hay menores,No,0,No,,No,,No,///,Sí,Sí,No,,,,,,No,No,No,,No,No residen niños en el hogar,No,,No,No,2,,,,,,,,
Mayer,GS-B-01163,28/2/2025 10:48:09,,direcciondeprevencionriocuarto@gmail.com,José Hernández 1990,,,,Edilma Gladys Dutto,,,358154338127,,2,0,No hay menores,No,,No,,No,,No,///,Sí,Sí,Sí,"Discapacidad intelectual: Comprende condiciones que afectan el funcionamiento cognitivo y la capacidad de aprendizaje, como el síndrome de Down y otros trastornos del desarrollo intelectual.",Sí,Sí,Tobar Garcia,,Sí,Sí,Sí,Illia,No,No residen niños en el hogar,Sí,Centro Periférico 14,Sí,No,3,,,,,,,,
Mayer,GS-B-01164,28/2/2025 10:48:22,,valenpereletegui@gmail.com,A. Brown 1770,,,,,,,,,1,0,No hay menores,No,0,No,,No,,No,///,Sí,No,No,,,,,,Sí,Sí,No,,No,Sí,No,,Sí,No,2,,,,,,,,
Mayer,GS-B-01165,28/2/2025 10:48:31,,ceballosmarcela33@gmail.com,Fader 200,,,,Janina,,,,,3,1,Sí,Sí,0,Sí,No,No,,No,///,Sí,Sí,No,,,,,,No,No lo sé,No,,No,Sí,No,Centro Periférico 7,No,No,4,,,,,,,,
Mayer,GS-B-01166,28/2/2025 10:50:51,,milseitz@gmail.com,Matias nolasco 362,,,,Torres Marcela edith,,,358154368888,,6,0,No,No,,No,,No,,No,///,Sí,No,Sí,"Discapacidad múltiple: Se refiere a personas que presentan combinaciones de dos o más tipos de discapacidad, afectando diversas áreas de su vida.",Sí,No,,,Sí,No,,,No,Sí,Sí,Centro Periférico 14,Sí,Sí,1,,,,,,,,
Mayer,GS-B-01167,28/2/2025 10:51:37,,subsecretariadeninez@riocuarto.gov.ar,Leandro alem 1921,,,,Elma,,,,,1,0,No,Sí,0,No,,Sí,,No,///,No,No,No,,,,,,Sí,Sí,No,,No,Sí,No,,No,No,4,,,,,,,,
Mayer,GS-B-01168,28/2/2025 10:53:19,,josefinaandres88@gmail.com,,,,,,,,,,6,2,Sí,No,,No,,No,,No,///,Sí,Sí,No,,,,,,Sí,Sí,No,,No,Sí,No,,Sí,No,4,,,,,,,,
Mayer,GS-B-01169,28/2/2025 10:53:45,,yamilagallardo79@gmail.com,,,,,,,,,,1,0,No hay menores,Sí,,No,,No,,No,///,Sí,Sí,No,,,,,,Sí,No,,,No,No residen niños en el hogar,Sí,"Hospital Regional ""San Antonio de Padua""",Sí,No,4,,,,,,,,
Mayer,GS-B-01170,28/2/2025 10:54:44,,carlaveronicarusso@gmail.com,Jose Hernandez 1999,,,,Monica Aguilar,,,,,6,1,Sí,No,0,No,,No,,No,///,Sí,Sí,No,,,,,,No,No,No,,No,Sí,No,,Sí,No,4,,,,,,,,
Mayer,GS-B-01171,28/2/2025 10:54:57,,juancruzel9@gmail.com,Liniers 1745,,,,Juan carlos,,,3584268048,,2,0,No hay menores,No,0,No,,Sí,,No,///,Sí,Sí,Sí,Discapacidad sensorial: Agrupa la pérdida de capacidades auditivas (sordera) y visuales (ceguera y baja visión).,Sí,No,,Por que no sabe que programas hay,Sí,Sí,No,,No,No residen niños en el hogar,No,,Sí,No,4,,,,,,,,
Mayer,GS-B-01172,28/2/2025 10:55:03,,noeliaben89@gmail.com,Liniers 1742,,,,Omar,,,,,6,3,Sí,No,0,No,,Sí,,No,///,Sí,Sí,No,,,,,,No,No lo sé,No lo sé,,No,Sí,Sí,Centro Periférico 14,Sí,No,3,,,,,,,,
Mayer,GS-B-01173,28/2/2025 10:55:47,,saritacarranza2022@gmail.com,Ellas moyano 1716 casa interna,,,,Oviedo Sara,,,3585621913,,2,0,No hay menores,No,0,No,,Sí,,No,///,Sí,No,No,,,,,,Sí,Sí,No,,No,No residen niños en el hogar,No,,Sí,No,3,,,,,,,,
Mayer,GS-B-01174,28/2/2025 10:56:17,,lorensacosts@gmail.com,A Brown 1753,,,,Miguel,,,,,1,0,No hay menores,No,0,No,,No,,Sí,///,Sí,Sí,No,,,,,,Sí,Sí,No,,No,No residen niños en el hogar,No,,No,No,1,,,,,,,,
Mayer,GS-B-01175,28/2/2025 10:56:44,,andreadascencio@gmail.com,.oyano 1758,,,,Basiglio yesica,,,155127396,,4,2,Sí,No,0,No,,Sí,,Sí,///,Sí,Sí,Sí,"Discapacidad física: Incluye limitaciones en la movilidad y funciones físicas, como la paraplejia, amputaciones y trastornos del movimiento.",No,No,,,No,,,,No,Sí,Sí,Centro Periférico 14,Sí,No,4,,,,,,,,
Mayer,GS-B-01176,28/2/2025 10:56:53,,sosaluisinaveronica@gmail.com,Almirante Brown 1784,,,,Maria ester,,,3584816218,,1,0,No hay menores,No,0,No,,No,,No,///,Sí,Sí,No,,,,,,No,,,,No,No residen niños en el hogar,Sí,Centro Periférico 14,No,No,2,,,,,,,,
Mayer,GS-B-01177,28/2/2025 10:57:13,,ceballosmarcela33@gmail.com,Unión de los argentinos 300,,,,Yohana,,,,,10,6,Sí,No,0,No,,No,,No,///,Sí,Sí,No,,,,,,No,No,No,No,No,Sí,Sí,Centro Periférico 14,Sí,No,4,,,,,,,,
Mayer,GS-B-01178,28/2/2025 10:57:35,,marquezselva1@gmail.com,Liniers 1713,,,,Agustina maldonado,,,,,3,1,Sí,Sí,0,Sí,No,No,,No,///,Sí,No,No,,,,,,Sí,Sí,No,,No,Sí,Sí,Centro Periférico 14,No,No,4,,,,,,,,
Mayer,GS-B-01179,28/2/2025 10:57:49,,adriclucero2020@gmail.com,Liniers 1752,,,,Raul,,,3584174852,,3,0,No,No,0,No,,No,,No,///,Sí,Sí,No,,,,,,Sí,Sí,No,Ninguno,No,No residen niños en el hogar,Sí,Centro Periférico 14,Sí,No,4,,,,,,,,
Mayer,GS-B-01180,28/2/2025 10:58:11,,lauradonetto@gmail.com,Fernando Fader 105,,,,Sofia,,,3584180458,,5,2,Sí,No,0,No,,Sí,,No,///,Sí,Sí,No,,,,,,No,No,No,,No,Sí,Sí,S24 Sur,No,No,4,,,,,,,,
Mayer,GS-B-01181,28/2/2025 10:58:20,,subsecretariadeninez@riocuarto.gov.ar,Leandro alem 1921,,,,Ricardo,,,3584373171,,4,0,No hay menores,No,,No,,No,,No,///,Sí,Sí,No,,,,,,Sí,Sí,No,,No,No residen niños en el hogar,No,,No,No,4,,,,,,,,
Mayer,GS-B-01182,28/2/2025 10:58:45,,maxibuch87@gmail.com,Juan de Dios López 273,,,,Jovida Hester Gonzalez,,,,,8,5,Sí,No,0,No,,No,,No,///,Sí,Sí,No,,,,,,Sí,Sí,No,,No,Sí,No,,No,No,4,,,,,,,,
Mayer,GS-B-01183,28/2/2025 11:00:09,,noeliaben89@gmail.com,Liniers 1714,,,,Jorge,,,,,3,0,No hay menores,No,0,No,,No,,No,///,Sí,No,No,,,,,,No,No lo sé,No lo sé,,No,No residen niños en el hogar,Sí,Centro Periférico 14,Sí,No,2,,,,,,,,
Mayer,GS-B-01184,28/2/2025 11:00:10,,catuticande@gmail.com,Pje Elías Moyano 1774,,,,Silvia,,,3585739818,,6,0,No hay menores,Sí,1,Sí,No,No,,No,///,Sí,Sí,Sí,"Discapacidad psicosocial: Abarca trastornos mentales y emocionales que afectan la interacción social y la salud emocional, como la depresión, la ansiedad y la esquizofrenia.",No,No,,,Sí,Sí,No,,No,No residen niños en el hogar,Sí,Centro Periférico 14,No,No,4,,,,,,,,
Mayer,GS-B-01185,28/2/2025 11:00:39,,milseitz@gmail.com,Matias nolasco 362,,,,Dalma suarez,,,3584020296,,4,2,Sí,No,0,No,,No,,No,///,Sí,Sí,No,,,,,,No,,,,No,Sí,Sí,Centro Periférico 14,No,No,4,,,,,,,,
Mayer,GS-B-01186,28/2/2025 11:02:38,,direcciondeprevencionriocuarto@gmail.com,José Hernández 2060,,,,Vanina,,,358154385625,,3,0,No hay menores,No,,No,,No,,No,///,Sí,Sí,No,,,,,,No,,,,No,No residen niños en el hogar,Sí,S24 Sur,Sí,No,4,,,,,,,,
Mayer,GS-B-01187,28/2/2025 11:02:58,,josefinaandres88@gmail.com,Juan de dios Lopez,,,,Tisiana miranda,,,3584310098,,5,1,Sí,No,,No,,No,,No,///,Sí,Sí,Sí,"Discapacidad intelectual: Comprende condiciones que afectan el funcionamiento cognitivo y la capacidad de aprendizaje, como el síndrome de Down y otros trastornos del desarrollo intelectual.",Sí,No,,,No,,,,No,Sí,Sí,Centro Periférico 14,No,No,2,,,,,,,,
Mayer,GS-B-01188,28/2/2025 11:07:03,,milseitz@gmail.com,Matias nolasco 362,,,,Farias carina,,,3585146522,,5,2,Sí,No,,No,,Sí,,No,///,Sí,Sí,No,,,,,,No,,,,No,Sí,Sí,Centro Periférico 14,Sí,No,2,,,,,,,,
Mayer,GS-B-01189,28/2/2025 11:07:33,,carlaveronicarusso@gmail.com,,,,,,,,,,3,1,Sí,No,0,No,,No,,No,///,Sí,Sí,Sí,"Discapacidad física: Incluye limitaciones en la movilidad y funciones físicas, como la paraplejia, amputaciones y trastornos del movimiento.",No,No,,,Sí,Sí,No,,No,Sí,Sí,S24 Sur,Sí,No,3,,,,,,,,
Mayer,GS-B-01190,28/2/2025 11:07:41,,rominamansilla1984@gmail.com,Juan de dios López 300,,,,Franco,,,,,4,1,Sí,Sí,0,Sí,No,No,,No,///,Sí,Sí,No,,,,,,No,No,No,,No,Sí,Sí,Centro Periférico 14,No,No,4,,,,,,,,
Mayer,GS-B-01191,28/2/2025 11:08:28,,maxibuch87@gmail.com,Juan de Dios López 283,,,,Viviana Aguero,,,3585139838,,3,0,No hay menores,No,,No,,No,,No,///,Sí,Sí,No,,,,,,Sí,No,No,,No,No residen niños en el hogar,Sí,Centro Periférico 14,Sí,No,4,,,,,,,,
Mayer,GS-B-01192,28/2/2025 11:10:12,,valenpereletegui@gmail.com,A Brown 1672,,,,,,,,,6,2,Sí,No,0,No,,Sí,,No,///,Sí,Sí,No,,,,,,No,No,No,,No,Sí,Sí,Centro Periférico 14,No,No,4,,,,,,,,
Mayer,GS-B-01193,28/2/2025 11:10:30,,noeliaben89@gmail.com,Liniers 1650,,,,Ailyn,,,,,4,1,No hay menores,No,0,No,,No,,No,///,Sí,Sí,No,,,,,,No,No,No,,Sí,Sí,Sí,Centro de Salud Municipal,Sí,No,2,,,,,,,,
Mayer,GS-B-01194,28/2/2025 11:12:08,,direcciondeprevencionriocuarto@gmail.com,José Hernández 2035,,,,Nora,,,,,3,0,No hay menores,No,,No,,No,,No,///,Sí,Sí,No,,,,,,Sí,Sí,No,,No,No residen niños en el hogar,No,,Sí,No,4,,,,,,,,
Mayer,GS-B-01195,28/2/2025 11:13:53,,juancruzel9@gmail.com,Liniers 1635,,,,Hector,,,3585040686,,4,2,Sí,No,0,No,,No,,No,///,Sí,Sí,No,,,,,,No,No,No,,No,Sí,Sí,Centro Periférico 14,No,No,3,,,,,,,,
Mayer,GS-B-01196,28/2/2025 11:14:33,,adriclucero2020@gmail.com,Liniers 1680,,,,Lorena Vanesa Quevedo,,,3585724593,,3,1,Sí,No,0,No,,Sí,,Sí,///,Sí,Sí,No,,,,,,No,No,No,Ninguno,No,Sí,Sí,Centro Periférico 14,No,No,2,,,,,,,,
Mayer,GS-B-01197,28/2/2025 11:16:23,,lorensacosts@gmail.com,Almirante Brown 1623,,,,Monica,,,,,3,0,No,No,0,No,,No,,No,///,Sí,Sí,No,,,,,,Sí,Sí,No,,No,No residen niños en el hogar,No,,No,No,4,,,,,,,,
Mayer,GS-B-01198,28/2/2025 11:17:05,,primitivamanuel@gmail.com,Juan de Dios López 504,,,,Silvana bathauer,,,3582430424,,5,3,Sí,Sí,1,No,,No,,No,///,Sí,Sí,No,,,,,,No,,,,No,Sí,Sí,S24 Sur,No,No,4,,,,,,,,
Mayer,GS-B-01199,28/2/2025 11:17:16,,noeliaben89@gmail.com,Liniers 1638,,,,Nataly,,,,,5,3,Sí,No,0,No,,Sí,,No,///,Sí,Sí,No,,,,,,No,No,No,,No,Sí,Sí,Centro Periférico 14,Sí,No,4,,,,,,,,
Mayer,GS-B-01200,28/2/2025 11:17:49,,maxibuch87@gmail.com,Juan Angel Vega,,,,Juan de Dios López 325,,,3586545825,,1,0,No hay menores,No,,No,,No,,No,///,Sí,Sí,No,,,,,,Sí,Sí,No,,No,No residen niños en el hogar,No,,Sí,No,3,,,,,,,,
Mayer,GS-B-01201,28/2/2025 11:18:16,,josefinaandres88@gmail.com,Juan de dios Lopez 560,,,,Ariel rivero,,,,,9,6,Sí,No,,No,,No,,No,///,Sí,Sí,Sí,"Discapacidad intelectual: Comprende condiciones que afectan el funcionamiento cognitivo y la capacidad de aprendizaje, como el síndrome de Down y otros trastornos del desarrollo intelectual.",Sí,No,,,No,,,,No,Sí,Sí,Centro Periférico 14,No,No,4,,,,,,,,
Mayer,GS-B-01202,28/2/2025 11:19:01,,carlaveronicarusso@gmail.com,Jose Hernandez 2061,,,,,,,,,1,0,No hay menores,No,0,No,,No,,No,///,Sí,Sí,No,,,,,,No,No,,,No,No residen niños en el hogar,No,,No,No,4,,,,,,,,
Mayer,GS-B-01203,28/2/2025 11:19:10,,direcciondeprevencionriocuarto@gmail.com,José Hernández 2051,,,,José Cruz Pomilio,,,155609342,,1,0,No hay menores,No,,No,,No,,No,///,Sí,No,No,,,,,,Sí,Sí,No,,No,No residen niños en el hogar,Sí,S24 Sur,Sí,No,3,,,,,,,,
Mayer,GS-B-01204,28/2/2025 11:20:38,,sosaluisinaveronica@gmail.com,Alm Brown 1658,,,,,,,,,2,0,No hay menores,No,0,No,,No,,No,///,Sí,Sí,No,,,,,,No,,,,No,No residen niños en el hogar,No,,No,No,4,,,,,,,,
Mayer,GS-B-01205,28/2/2025 11:21:53,,rominamansilla1984@gmail.com,,,,,Marina,,,,,4,1,Sí,Sí,2,No,,No,,No,///,Sí,Sí,Sí,"Discapacidad física: Incluye limitaciones en la movilidad y funciones físicas, como la paraplejia, amputaciones y trastornos del movimiento.",Sí,No,,,No,No,No,,No,Sí,Sí,Centro Periférico 14,Sí,No,4,,,,,,,,
Mayer,GS-B-01206,28/2/2025 11:22:05,,valenpereletegui@gmail.com,Alte Brown 1626,,,,,,,,,3,1,Sí,No,0,No,,No,,No,///,Sí,Sí,No,,,,,,No,No,No,,No,Sí,Sí,Centro de Salud Municipal,No,No,4,,,,,,,,
Mayer,GS-B-01207,28/2/2025 11:23:17,,carlaveronicarusso@gmail.com,,,,,,,,,,4,0,No hay menores,No,0,No,,No,,No,///,Sí,Sí,No,,,,,,Sí,Sí,No,,No,No residen niños en el hogar,No,,No,No,4,,,,,,,,
Mayer,GS-B-01208,28/2/2025 11:24:17,,primitivamanuel@gmail.com,Juan de Dios López 528,,,,Agostina ganzer,,,3585709765,,5,2,Sí,No,0,No,,No,,No,///,Sí,Sí,No,,,,,,No,,,,No,Sí,No,,No,No,4,,,,,,,,
Mayer,GS-B-01209,28/2/2025 11:25:07,,maxibuch87@gmail.com,Juan de Dios López 343,,,,Paula,,,,,2,0,No hay menores,No,0,No,,No,,No,///,Sí,Sí,No,,,,,,Sí,No,No,,No,No residen niños en el hogar,No,,No,No,4,,,,,,,,
Mayer,GS-B-01210,28/2/2025 11:26:35,,lorensacosts@gmail.com,Almirante Brown 1612,,,,Nelida,,,,,2,0,No,No,,No,,No,,No,///,Sí,Sí,No,,,,,,Sí,No,No,,No,No residen niños en el hogar,No,,Sí,No,4,,,,,,,,
Mayer,GS-B-01211,28/2/2025 11:32:16,,carlaveronicarusso@gmail.com,Pje guiraldes 2007,,,,,,,,,1,0,No hay menores,No,0,No,,Sí,,No,///,Sí,Sí,No,,,,,,No,No,No,,No,No residen niños en el hogar,No,,No,No,3,,,,,,,,
Mayer,GS-B-01212,28/2/2025 11:35:24,,direcciondeprevencionriocuarto@gmail.com,Guiraldes 2014,,,,Silvia Camacho,,,3585066988,,5,0,No hay menores,Sí,1,No,,No,,No,///,Sí,Sí,No,,,,,,Sí,Sí,No,,No,No residen niños en el hogar,Sí,S24 Sur,Sí,No,4,,,,,,,,
Mayer,GS-B-01213,28/2/2025 11:38:41,,carlaveronicarusso@gmail.com,Pasaje Guiraldes 1991,,,,,,,,,1,0,No hay menores,No,0,No,,No,,No,///,Sí,No,No,,,,,,Sí,Sí,No,,No,No residen niños en el hogar,No,,Sí,No,2,,,,,,,,
Mayer,GS-B-01214,28/2/2025 11:44:58,,carlaveronicarusso@gmail.com,Pasaje Guiraldes 1975,,,,,,,,,2,0,No hay menores,No,0,No,,No,,No,///,Sí,No,No,,,,,,Sí,Sí,Sí,Illia,No,No residen niños en el hogar,Sí,"Hospital Regional ""San Antonio de Padua""",No,No,3,,,,,,,,
Mayer,GS-B-01215,28/2/2025 11:48:26,,direcciondeprevencionriocuarto@gmail.com,Guiraldes 1994,,,,Marcela Battaglino,,,3585604339,,5,1,Sí,No,,No,,No,,No,///,Sí,Sí,No,,,,,,Sí,Sí,Sí,Illia,No,No,Sí,Centro Periférico 14,Sí,No,4,,,,,,,,
Mayer,GS-B-01216,28/2/2025 11:50:48,,carlaveronicarusso@gmail.com,Guiraldes 1905,,,,,,,,,7,1,Sí,Sí,2,No,,No,,No,///,Sí,Sí,No,,,,,,No,No,No,,No,Sí,Sí,S24 Sur,Sí,No,2,,,,,,,,
Mayer,GS-B-01217,28/2/2025 11:58:59,,carlaveronicarusso@gmail.com,Guiraldes 1895,,,,,,,,,5,3,Sí,Sí,1,No,,Sí,,No,///,Sí,Sí,No,,,,,,No,No,No,,No,Sí,Sí,Centro Periférico 14,No,No,3,,,,,,,,
Mayer,GS-B-01218,28/2/2025 12:00:20,,direcciondeprevencionriocuarto@gmail.com,Guiraldes 1894,,,,Matias,,,3585076774,,3,0,No hay menores,No,,No,,No,,No,///,Sí,Sí,Sí,"Discapacidad física: Incluye limitaciones en la movilidad y funciones físicas, como la paraplejia, amputaciones y trastornos del movimiento.",No,No,,Acv reciente,Sí,Sí,No,,No,No residen niños en el hogar,Sí,S24 Sur,Sí,No,4,,,,,,,,
Mayer,GS-B-01219,28/2/2025 12:03:27,,carlaveronicarusso@gmail.com,,,,,,,,,,2,2,No,No,0,No,,Sí,,No,///,Sí,Sí,No,,,,,,No,No,No,,No,Sí,Sí,Centro Periférico 14,No,No,3,,,,,,,,
Mayer,GS-B-01220,28/2/2025 12:03:59,,mansilladariogustavo@gmail.com,R Guiraldez 1860,,,,Pedro Lucero,,,3586020522,,3,0,No hay menores,Sí,0,No,,No,,No,///,Sí,Sí,No,,,,,,No,No,No,,No,No residen niños en el hogar,No,,Sí,No,4,,,,,,,,
Mayer,GS-B-01221,28/2/2025 12:08:03,,carlaveronicarusso@gmail.com,,,,,,,,,,1,0,No hay menores,No,0,No,,No,,No,///,No,No,No,,,,,,No,No,No,,No,No residen niños en el hogar,No,,No,No,3,,,,,,,,
Mayer,GS-B-01222,28/2/2025 12:12:23,,direcciondeprevencionriocuarto@gmail.com,Guiraldes 1840,,,,Hilda Irma Coria,,,,,7,4,Sí,No,,Sí,No,No,,No,///,Sí,Sí,Sí,"Discapacidad física: Incluye limitaciones en la movilidad y funciones físicas, como la paraplejia, amputaciones y trastornos del movimiento.",Sí,No,,Porque no se puede manejar sola,Sí,Sí,No,,No,Sí,Sí,Centro Periférico 14,Sí,No,3,,,,,,,,
Mayer,GS-B-01223,5/3/2025 9:47:45,,kg9793067@gmail.com,,,,,Alejo,,,3585046749,,4,1,Sí,Sí,1,No,,No,,No,///,Sí,Sí,No,,,,,,No,,,,No,Sí,No,,No,No,4,,,,,,,,
Mayer,GS-B-01224,5/3/2025 9:54:44,,kg9793067@gmail.com,Caraca1400,,,,Norma,,,3583431756,,1,0,No hay menores,Sí,1,No,,No,,No,///,Sí,Sí,No,,,,,,Sí,Sí,No,,No,No residen niños en el hogar,No,,No,No,4,,,,,,,,
Mayer,GS-B-01225,5/3/2025 10:14:51,,kg9793067@gmail.com,Salamandra y Colombre 1700,,,,Luis,,,3584186480,,2,0,No hay menores,No,1,No,,No,,No,///,Sí,Sí,No,,,,,,Sí,Sí,No,,No,No residen niños en el hogar,No,,No,No,4,,,,,,,,
Mayer,GS-B-01226,5/3/2025 10:30:00,,kg9793067@gmail.com,Caracas y colombre,,,,,,,,,2,0,No hay menores,Sí,1,No,,No,,No,///,Sí,Sí,Sí,"Discapacidad intelectual: Comprende condiciones que afectan el funcionamiento cognitivo y la capacidad de aprendizaje, como el síndrome de Down y otros trastornos del desarrollo intelectual.",Sí,No,,No sabia de las actividades de la municipalidad,Sí,Sí,No,,No,No residen niños en el hogar,No,,No,No,4,,,,,,,,
Mayer,GS-B-01227,5/3/2025 10:39:10,,kg9793067@gmail.com,Caracas y salamanca,,,,Ester,,,3584568835,,2,0,No hay menores,No,1,No,,No,,No,///,Sí,Sí,No,,,,,,Sí,Sí,Sí,Illia,No,No residen niños en el hogar,No,,No,No,4,,,,,,,,
Mayer,GS-B-01228,5/3/2025 11:56:32,,kg9793067@gmail.com,Salamanca 400,,,,,,,,,2,0,No hay menores,Sí,1,No,,No,,No,///,Sí,Sí,No,,,,,,No,No,,,No,No residen niños en el hogar,No,,No,No,4,,,,,,,,
Mayer,GS-B-01229,7/3/2025 12:06:10,,kg9793067@gmail.com,Caracas1300,,,,Veronica,,,3584348384,,3,0,No hay menores,Sí,1,No,,No,,No,///,Sí,Sí,No,,,,,,No,,,,No,No residen niños en el hogar,No,,No,No,4,,,,,,,,
Mayer,GS-B-01230,7/3/2025 12:19:43,,kg9793067@gmail.com,Caracas1300,,,,Yanina,,,358258201,,4,2,Sí,Sí,1,No,,No,,No,///,Sí,Sí,Sí,"Discapacidad física: Incluye limitaciones en la movilidad y funciones físicas, como la paraplejia, amputaciones y trastornos del movimiento.",Sí,No,,Xq no le brindan informacion,No,,,,No,Sí,No,,No,No,4,,,,,,,,
Mayer,GS-B-01231,7/3/2025 12:31:11,,kg9793067@gmail.com,Caracas1300,,,,Diego,,,3586007499,,4,1,Sí,Sí,1,No,,No,,No,///,Sí,Sí,No,,,,,,No,,,,No,Sí,No,,No,No,4,,,,,,,,
Mayer,GS-B-01232,7/3/2025 12:39:03,,kg9793067@gmail.com,Caracas1300,,,,Martin,,,358426537,,3,0,No hay menores,Sí,1,No,,No,,No,///,Sí,Sí,No,,,,,,Sí,Sí,No,,No,No residen niños en el hogar,No,,No,No,4,,,,,,,,
Mayer,GS-B-01233,11/3/2025 10:20:27,,kg9793067@gmail.com,Caracas 1400,,,,Veronica,,,3584857300,,5,1,Sí,No,0,No,,No,,No,///,Sí,Sí,Sí,"Discapacidad física: Incluye limitaciones en la movilidad y funciones físicas, como la paraplejia, amputaciones y trastornos del movimiento.",Sí,No,,Hace un año x un accidente de tránsito le quedó secuelas,No,,,,No,Sí,No,,No,No,4,,,,,,,,
Mayer,GS-B-01234,11/3/2025 10:26:37,,kg9793067@gmail.com,Caracas 1300,,,,Toribio,,,3585736197,,2,0,No hay menores,No,0,No,,No,,No,///,Sí,Sí,No,,,,,,Sí,Sí,No,,No,No residen niños en el hogar,No,,No,No,4,,,,,,,,
Mayer,GS-B-01235,11/3/2025 10:36:04,,kg9793067@gmail.com,Caracas 1300,,,,Claudia,,,,,1,0,No hay menores,No,0,No,,No,,No,///,Sí,No,No,,,,,,No,,,,No,No residen niños en el hogar,Sí,S24 Sur,No,No,4,,,,,,,,
Mayer,GS-B-01236,11/3/2025 10:45:25,,kg9793067@gmail.com,Caracas 1300,,,,Monica,,,3585629888,,1,0,No hay menores,No,0,No,,No,,No,///,Sí,No,No,,,,,,No,,,,No,No residen niños en el hogar,No,,No,No,4,,,,,,,,
Mayer,GS-B-01237,11/3/2025 10:54:01,,kg9793067@gmail.com,Caracas 1300,,,,Eva,,,,,3,0,No hay menores,No,0,No,,No,,No,///,Sí,Sí,Sí,Discapacidad sensorial: Agrupa la pérdida de capacidades auditivas (sordera) y visuales (ceguera y baja visión).,Sí,No,,,Sí,Sí,No,,No,No residen niños en el hogar,No,,No,No,4,,,,,,,,
Mayer,GS-B-01238,11/3/2025 11:07:51,,kg9793067@gmail.com,Linier 1350,,,,Marina,,,3585015477,,4,1,Sí,No,0,No,,No,,No,///,Sí,Sí,No,,,,,,No,,,,No,Sí,No,,No,No,4,,,,,,,,
Mayer,GS-B-01239,11/3/2025 11:13:36,,kg9793067@gmail.com,Caracas 1300,,,,Marcelo,,,3584317760,,1,0,No hay menores,No,0,No,,No,,No,///,Sí,No,No,,,,,,No,,,,No,No residen niños en el hogar,No,,No,No,4,,,,,,,,
Alberdi (70 Viviendas),GS-B-01240,18/3/2025 11:07:34,,kg9793067@gmail.com,Operario Andrade1960,,,,Yamila,,,3585717833,,5,3,Sí,No,0,No,,No,,No,,Sí,Sí,No,,,,,,No,,,,No,Sí,Sí,Centro Periférico 9,No,No,4,,,,,,,,
Alberdi (70 Viviendas),GS-B-01241,18/3/2025 11:23:08,,kg9793067@gmail.com,Operario Andrade 1976,,,,Leonela,,,3585133268,,5,3,Sí,No,0,No,,No,,No,,Sí,Sí,No,,,,,,No,,,,No,Sí,Sí,Centro Periférico 9,No,No,4,,,,,,,,
Alberdi (70 Viviendas),GS-B-01242,18/3/2025 11:29:03,,kg9793067@gmail.com,Ignacio Pirovano,,,,Maria,,,4662787,,2,0,No hay menores,No,0,No,,No,,No,,Sí,No,No,,,,,,Sí,Sí,No,,No,No residen niños en el hogar,No,,Sí,No,4,,,,,,,,
Alberdi (70 Viviendas),GS-B-01243,19/3/2025 9:44:32,,kg9793067@gmail.com,Rafael obligado 2000,,,,Rolando,,,,,1,0,No hay menores,No,0,No,,No,,No,,Sí,No,No,,,,,,No,,,,No,No residen niños en el hogar,Sí,Centro Periférico 9,No,No,2,,,,,,,,
Alberdi (70 Viviendas),GS-B-01244,19/3/2025 9:52:00,,kg9793067@gmail.com,Rafael obligado 2000,,,,Veronica,,,,,4,1,No,No,0,No,,No,,No,,Sí,Sí,No,,,,,,No,,,,No,Sí,Sí,Centro Periférico 9,No,No,4,,,,,,,,
Alberdi (70 Viviendas),GS-B-01245,19/3/2025 10:02:13,,kg9793067@gmail.com,Calle 42 entre Rafael obligado,,,,Juan Carlos,,,,,10,5,Sí,No,0,No,,No,,No,,Sí,No,Sí,"Discapacidad física: Incluye limitaciones en la movilidad y funciones físicas, como la paraplejia, amputaciones y trastornos del movimiento.",Sí,No,,No tiene interés,Sí,No,,,No,Sí,Sí,Centro Periférico 9,No,No,4,,,,,,,,
Alberdi (70 Viviendas),GS-B-01246,19/3/2025 10:14:17,,kg9793067@gmail.com,Pedro goyena 2014,,,,Viviana,,,3585757112,,5,3,Sí,No,0,No,,No,,No,,Sí,Sí,Sí,"Discapacidad del aprendizaje: Incluye dificultades específicas de aprendizaje, como la dislexia y el trastorno por déficit de atención e hiperactividad (TDAH).",Sí,No,,,No,,,,No,Sí,Sí,Centro Periférico 9,No,No,4,,,,,,,,
Alberdi (70 Viviendas),GS-B-01247,19/3/2025 10:25:22,,kg9793067@gmail.com,,,,,Monica,,,3584906196,,3,2,Sí,No,0,No,,No,,No,,Sí,No,No,,,,,,No,,,,No,Sí,Sí,Centro Periférico 9,No,No,2,,,,,,,,
Alberdi (70 Viviendas),GS-B-01248,19/3/2025 10:32:18,,kg9793067@gmail.com,Juan pistarini 414,,,,Eliana,,,3585138625,,4,2,Sí,No,0,No,,No,,No,,Sí,No,No,,,,,,No,,,,No,Sí,Sí,Centro Periférico 9,Sí,No,4,,,,,,,,
Alberdi (70 Viviendas),GS-B-01249,19/3/2025 10:43:50,,kg9793067@gmail.com,Rafael obligado 2053,,,,Marta,,,3585753109,,2,0,No hay menores,No,0,No,,No,,No,,Sí,No,No,,,,,,No,,,,No,No residen niños en el hogar,Sí,Centro Periférico 9,No,No,2,,,,,,,,
Alberdi (70 Viviendas),GS-B-01250,19/3/2025 10:55:39,,kg9793067@gmail.com,Rafael obligado 2045,,,,Constanza,,,3586006103,,4,2,No,No,0,No,,No,,No,,Sí,No,No,,,,,,No,,,,No,Sí,Sí,Centro Periférico 9,No,No,3,,,,,,,,
Alberdi (70 Viviendas),GS-B-01251,19/3/2025 11:05:57,,kg9793067@gmail.com,Rafael obligado 2029,,,,Javier,,,3584928001,,6,3,Sí,No,0,No,,No,,No,,Sí,Sí,No,,,,,,No,,,,No,Sí,Sí,Centro Periférico 9,No,No,4,,,,,,,,
Alberdi (70 Viviendas),GS-B-01252,19/3/2025 11:54:43,,kg9793067@gmail.com,Pedro goyena 2039j,,,,,,,Mauro,,1,0,No hay menores,No,0,No,,No,,No,,No,No,No,,,,,,No,,,,No,No residen niños en el hogar,Sí,Centro Periférico 9,No,No,2,,,,,,,,
Alberdi (70 Viviendas),GS-B-01253,21/3/2025 9:13:06,,paula.soledad.morales@gmail.com,Guemes 1811,,,,Noelia Márquez,,,3585765636,,6,3,Sí,No,,No,,No,,No,,Sí,Sí,No,,,,,,No,,,,No,Sí,Sí,S24 Alberdi,Sí,No,2,,,,,,,,
Alberdi (70 Viviendas),GS-B-01254,21/3/2025 9:19:14,,paula.soledad.morales@gmail.com,Guemes 1819,,,,Darío,,,,,6,4,Sí,No,,No,,No,,No,,Sí,Sí,No,,,,,,No,,,,No,Sí,Sí,Centro Periférico 9,No,No,2,,,,,,,,
Alberdi (70 Viviendas),GS-B-01255,21/3/2025 9:27:56,,subsecretariadeninez@riocuarto.gov.ar,Los proteros 127,,,,,,,,,2,0,No hay menores,Sí,0,No,,Sí,,No,,Sí,No,No,,,,,,Sí,No,No,,No,No,Sí,S24 Alberdi,No,No,2,,,,,,,,
Alberdi (70 Viviendas),GS-B-01256,21/3/2025 9:30:28,,paula.soledad.morales@gmail.com,Guemes 1842,,,,María,,,,,5,1,No,No,,Sí,No,No,,Sí,,Sí,No,Sí,"Discapacidad intelectual: Comprende condiciones que afectan el funcionamiento cognitivo y la capacidad de aprendizaje, como el síndrome de Down y otros trastornos del desarrollo intelectual.",Sí,No,,,No,,,,No,Sí,Sí,Centro Periférico 9,Sí,No,1,,,,,,,,
Alberdi (70 Viviendas),GS-B-01257,21/3/2025 9:30:50,,subse.nafriocuarto@gmail.com,Pasaje Sofia de Puebla 1804,,,,Estefania Violeta Centeno,,,3585742533,,2,1,No,No,0,No,,Sí,,Sí,,Sí,Sí,No,,,,,,No,,,,No,Sí,Sí,Centro Periférico 9,No,No,2,,,,,,,,
Alberdi (70 Viviendas),GS-B-01258,21/3/2025 9:31:08,,ceballosmarcela33@gmail.com,Fray cardarelli 270,,,,Sonia,,,,,1,0,No,No,0,No,,Sí,,No,,Sí,Sí,No,,,,,,No,No,No,,No,No residen niños en el hogar,No,"Hospital Regional ""San Antonio de Padua""",Sí,No,2,,,,,,,,
Alberdi (70 Viviendas),GS-B-01259,21/3/2025 9:33:02,,jessicarossamarin@gmail.com,Pje los roperos 1621,,,,,,,,,6,4,Sí,No,0,No,,Sí,,Sí,,Sí,Sí,No,,,,,,No,No,,,Sí,Sí,Sí,Centro Periférico 9,No,No,4,,,,,,,,
Alberdi (70 Viviendas),GS-B-01260,21/3/2025 9:33:52,,subsecretariadelasmujeresrio4@gmail.com,Serrano 434,,,,Evelyn rodriguez,,,3585012671,,4,0,No hay menores,No,0,No,,Sí,,No,,Sí,Sí,No,,,,,,No,No,No,,No,No residen niños en el hogar,Sí,S24 Alberdi,No,Sí,4,,,,,,,,
Alberdi (70 Viviendas),GS-B-01261,21/3/2025 9:34:25,,subsecretariadeninez@riocuarto.gov.ar,Pasaje Los traperos 1610,,,,,,,,,6,1,Sí,No,0,No,,No,,No,,Sí,Sí,No,,,,,,Sí,No lo sé,No,,No,Sí,Sí,S24 Alberdi,No,No,4,,,,,,,,
Alberdi (70 Viviendas),GS-B-01262,21/3/2025 9:34:47,,miasalasrioiv@gmail.com,Entre Ríos 1635,,,,Alejandra,,,,,5,0,No hay menores,No,0,No,,No,,No,,Sí,Sí,No,,,,,,Sí,Sí,No,,No,No residen niños en el hogar,Sí,Centro de Salud Municipal,Sí,No,3,,,,,,,,
Alberdi (70 Viviendas),GS-B-01263,21/3/2025 9:36:00,,mateotosco303@gmail.com,Guemes 1915,,,,Erika,,,3585702018,,6,2,Sí,No,,No,,No,,No,,Sí,Sí,No,,,,,,No,,,,No,Sí,No,,No,No,4,,,,,,,,
Alberdi (70 Viviendas),GS-B-01264,21/3/2025 9:37:29,,csolfer12@gmail.com,,,,,,,,,,1,0,No hay menores,No,1,No,,No,,No,,Sí,No,No,,,,,,Sí,Sí,No,,No,No residen niños en el hogar,No lo sé,,Sí,No,4,,,,,,,,
Alberdi (70 Viviendas),GS-B-01265,21/3/2025 9:38:16,,kg9793067@gmail.com,Pirovano 270,,,,Alejandra,,,3584259729,,5,1,No,No,0,No,,No,,No,,Sí,Sí,No,,,,,,Sí,Sí,No,,No,Sí,Sí,Centro Periférico 9,No,No,3,,,,,,,,
Alberdi (70 Viviendas),GS-B-01266,21/3/2025 9:39:22,,melmiel28@gmail.com,Circunvalación este 190,,,,Rosa,,,,,2,0,No hay menores,No,1,No,,No,,No,,Sí,No,No,,,,,,Sí,Sí,No,,No,No residen niños en el hogar,No,"Hospital Regional ""San Antonio de Padua""",No,No,3,,,,,,,,
Alberdi (70 Viviendas),GS-B-01267,21/3/2025 9:40:04,,jessicarossamarin@gmail.com,Pje los troperos 1602,,,,Micaela flores,,,3584336436,,3,2,No hay menores,No,0,No,,Sí,,No,,Sí,Sí,No,,,,,,No,,,,Sí,Sí,Sí,Centro Periférico 11,No,No,4,,,,,,,,
Alberdi (70 Viviendas),GS-B-01268,21/3/2025 9:40:13,,nani.83chaves@gmail.com,Gutuerrez 1227,,,,Maria iduarte,,,,,4,1,No,No,0,No,,No,,No,,Sí,Sí,Sí,Discapacidad sensorial: Agrupa la pérdida de capacidades auditivas (sordera) y visuales (ceguera y baja visión).,Sí,No,No,No,Sí,Sí,No,No,No,Sí,Sí,Centro Periférico 9,Sí,No,4,,,,,,,,
Alberdi (70 Viviendas),GS-B-01269,21/3/2025 9:40:13,,paula.soledad.morales@gmail.com,Guemes 1826,,,,Arakna,,,,,5,1,Sí,No,,No,,Sí,,No,,Sí,Sí,Sí,"Discapacidad física: Incluye limitaciones en la movilidad y funciones físicas, como la paraplejia, amputaciones y trastornos del movimiento.",Sí,No,,,Sí,Sí,No,,No,Sí,Sí,Centro Periférico 9,No,No,4,,,,,,,,
Alberdi (70 Viviendas),GS-B-01270,21/3/2025 9:42:36,,juancruzel9@gmail.com,Cardareli 310,,,,Luisa,,,,,3,0,No hay menores,No,0,No,,No,,No,,Sí,No,No,,,,,,Sí,Sí,No,,No,Sí,Sí,"Hospital Regional ""San Antonio de Padua""",No,No,4,,,,,,,,
Alberdi (70 Viviendas),GS-B-01271,21/3/2025 9:42:59,,subse.nafriocuarto@gmail.com,,,,,,,,,,4,1,Sí,No,,No,,Sí,,Sí,,Sí,Sí,No,,,,,,Sí,Sí,No,,No,Sí,No,,Sí,No,2,,,,,,,,
Alberdi (70 Viviendas),GS-B-01272,21/3/2025 9:43:40,,delfinadehaes@gmail.com,Calle 42 casa roja,,,,Lorena vieyra,,,3584388742,,4,1,No,Sí,1,No,,Sí,,No,,Sí,Sí,No,,,,,,No,,,,No,Sí,Sí,Centro Periférico 1,Sí,No,4,,,,,,,,
Alberdi (70 Viviendas),GS-B-01273,21/3/2025 9:45:20,,carlaveronicarusso@gmail.com,Vicente Lopez y planes 1677,,,,,,,,,3,1,Sí,No,0,No,,No,,No,,No,Sí,No,,,,,,No,,,,No,Sí,Sí,"Hospital Regional ""San Antonio de Padua""",No,No,4,,,,,,,,
Alberdi (70 Viviendas),GS-B-01274,21/3/2025 9:45:27,,gnesuttamarcelo10@gmail.com,Pirovano 180,,,,Nancy Bustos,,,3584318661,,1,0,No hay menores,Sí,0,No,,No,,No,,Sí,Sí,No,,,,,,Sí,Sí,No,,No,No residen niños en el hogar,No,,Sí,No,4,,,,,,,,
Alberdi (70 Viviendas),GS-B-01275,21/3/2025 9:45:36,,andreadascencio@gmail.com,Luis pasteurizado 1612,,,,Murua mario ruben,,,3584122870,,3,0,No,No,0,Sí,No,No,,No,,Sí,No,Sí,"Discapacidad física: Incluye limitaciones en la movilidad y funciones físicas, como la paraplejia, amputaciones y trastornos del movimiento.",Sí,No,,No asiste pir esta co dialisis,Sí,Sí,No,,No,No residen niños en el hogar,No,,Sí,No,4,,,,,,,,
Alberdi (70 Viviendas),GS-B-01276,21/3/2025 9:45:46,,nani.83chaves@gmail.com,Guitieteez 290,,,,Claudia velazquez,,,,,1,0,No hay menores,Sí,0,No,,No,,No,,Sí,Sí,No,,,,,,No,No,No,,No,No,Sí,Centro Periférico 9,No,No,4,,,,,,,,
Alberdi (70 Viviendas),GS-B-01277,21/3/2025 9:45:49,,csolfer12@gmail.com,Pirovano 1805,,,,Mauricio,,,,,4,2,Sí,No,4,No,,No,,No,,Sí,Sí,No,,,,,,No,No,No lo sé,,No,Sí,Sí,Centro Periférico 9,No,No lo sé,4,,,,,,,,
Alberdi (70 Viviendas),GS-B-01278,21/3/2025 9:45:51,,ceballosmarcela33@gmail.com,Fray cardarelli 382,,,,Luis,,,,,4,2,Sí,No,0,No,,No,,No,,Sí,Sí,No,,,,,,No,No,No,No,No,Sí,Sí,Centro Periférico 9,No,No,2,,,,,,,,
Alberdi (70 Viviendas),GS-B-01279,21/3/2025 9:45:52,,subsecretariadelasmujeresrio4@gmail.com,Serrano 373,,,,Catalina pervieux,,,3584234719,,1,0,No hay menores,No,0,No,,No,,No,,Sí,Sí,No,,,,,,Sí,Sí,No,,No,No residen niños en el hogar,No,,No,No,4,,,,,,,,
Alberdi (70 Viviendas),GS-B-01280,21/3/2025 9:47:01,,mcrosetto224@gmail.com,Manuel Sarfield 219,,,,,,,3584020611,,3,1,Sí,No,3,No,,No,,No,,Sí,Sí,Sí,"Discapacidad psicosocial: Abarca trastornos mentales y emocionales que afectan la interacción social y la salud emocional, como la depresión, la ansiedad y la esquizofrenia.",Sí,No,,,Sí,Sí,No,,No,Sí,No,,Sí,No,4,,,,,,,,
Alberdi (70 Viviendas),GS-B-01281,21/3/2025 9:47:05,,adriclucero2020@gmail.com,Guemes 1999,,,,Noelia,,,3584114317Guemes,,2,0,No,No,0,No,,No,,No,,Sí,Sí,No,,,,,,No,No,No,Ninguna,No,No residen niños en el hogar,No,,No,No,4,,,,,,,,
Alberdi (70 Viviendas),GS-B-01282,21/3/2025 9:47:19,,georgigomez66@gmail.com,,,,,Vilma,,,,,1,0,No hay menores,Sí,0,Sí,No,No,,No,,Sí,Sí,No,,,,,,Sí,Sí,No,,No,No residen niños en el hogar,No,,No,No,3,,,,,,,,
Alberdi (70 Viviendas),GS-B-01283,21/3/2025 9:48:19,,paula.soledad.morales@gmail.com,Guemes 1834,,,,Milagros,,,,,11,4,Sí,Sí,,Sí,No,Sí,,Sí,,Sí,Sí,Sí,"Discapacidad intelectual: Comprende condiciones que afectan el funcionamiento cognitivo y la capacidad de aprendizaje, como el síndrome de Down y otros trastornos del desarrollo intelectual.",Sí,Sí,,,No,,,,No,Sí,Sí,Centro Periférico 9,Sí,No,4,,,,,,,,
Alberdi (70 Viviendas),GS-B-01284,21/3/2025 9:48:35,,kg9793067@gmail.com,Pirovano 324,,,,Marcelo,,,3584842918,,4,0,No hay menores,No,0,No,,No,,No,,Sí,No,No,,,,,,No,,,,No,No residen niños en el hogar,Sí,Centro Periférico 9,No,No,3,,,,,,,,
Alberdi (70 Viviendas),GS-B-01285,21/3/2025 9:48:44,,mateotosco303@gmail.com,Guemes 1958,,,,Leaniz mariano,,,3585600615,,3,1,Sí,No,,No,,No,,No,,Sí,Sí,No,,,,,,No,,,,No,Sí,Sí,Centro Periférico 9,No,No,1,,,,,,,,
Alberdi (70 Viviendas),GS-B-01286,21/3/2025 9:49:01,,subsecretariadeninez@riocuarto.gov.ar,,,,,,,,,,5,3,Sí,Sí,,No,,Sí,,No,,Sí,Sí,No,,,,,,No,No,No,,No,Sí,Sí,Centro Periférico 9,No,No,3,,,,,,,,
Alberdi (70 Viviendas),GS-B-01287,21/3/2025 9:49:32,,mansilladariogustavo@gmail.com,Manuel Sarfield y Guenes,,,,Aida Maria Benitez,,,3584224153,,1,0,No hay menores,No,0,No,,No,,No,,Sí,Sí,No,,,,,,Sí,Sí,No,,No,No residen niños en el hogar,Sí,Centro Periférico 9,Sí,No,3,,,,,,,,
Alberdi (70 Viviendas),GS-B-01288,21/3/2025 9:51:03,,miasalasrioiv@gmail.com,Entre Ríos 1649,,,,Maria Cristina,,,,,6,4,Sí,Sí,0,No,,Sí,,No,,Sí,No,Sí,Discapacidad sensorial: Agrupa la pérdida de capacidades auditivas (sordera) y visuales (ceguera y baja visión).,No,Sí,Huz9 trámite del certificado de discapacidad en promoción social,,Sí,Sí,Sí,Centro de jubilados Alem,No,Sí,Sí,,Sí,No,2,,,,,,,,
Alberdi (70 Viviendas),GS-B-01289,21/3/2025 9:51:48,,subse.nafriocuarto@gmail.com,Sofia puebla 1810,,,,Gabriel Rojo,,,,,6,4,Sí,Sí,1,No,,Sí,,No,,No,Sí,No,,,,,,No,,,,No,Sí,Sí,Centro Periférico 9,No,No,3,,,,,,,,
Alberdi (70 Viviendas),GS-B-01290,21/3/2025 9:51:59,,natyvgomez2011@gmail.com,,,,,Libardo,,,3585007913,,3,1,Sí,No,,No,,Sí,,Sí,,Sí,Sí,No,,,,,,No,,,,No,Sí,Sí,Centro Periférico 9,No,No,4,,,,,,,,
Alberdi (70 Viviendas),GS-B-01291,21/3/2025 9:52:11,,sonialiliana91@gmail.com,Pje Tessitore 166,,,,Yamila,,,3585719662,,5,2,Sí,No,0,No,,Sí,,No,,Sí,No,Sí,"Discapacidad del aprendizaje: Incluye dificultades específicas de aprendizaje, como la dislexia y el trastorno por déficit de atención e hiperactividad (TDAH).",No,No,,"Es pequeña, tiene 3 años",No,No,No,,Sí,Sí,Sí,Centro Periférico 9,Sí,No,4,,,,,,,,
Alberdi (70 Viviendas),GS-B-01292,21/3/2025 9:52:15,,mcrosetto224@gmail.com,Manuel sarfiel 289,,,,,,,,,1,0,No,No,0,No,,No,,No,,Sí,No,No,,,,,,Sí,Sí,No,,No,No residen niños en el hogar,Sí,Centro Periférico 9,Sí,No,4,,,,,,,,
Alberdi (70 Viviendas),GS-B-01293,21/3/2025 9:52:24,,jessicarossamarin@gmail.com,Pje los troperos 1656,,,,Rita,,,3585136076,,5,3,Sí,No,1,Sí,No,Sí,,Sí,,Sí,Sí,Sí,"Discapacidad psicosocial: Abarca trastornos mentales y emocionales que afectan la interacción social y la salud emocional, como la depresión, la ansiedad y la esquizofrenia.",Sí,Sí,El centro nuevo dia,,No,,,,No,Sí,Sí,Centro Periférico 9,Sí,No,4,,,,,,,,
Alberdi (70 Viviendas),GS-B-01294,21/3/2025 9:53:05,,subsecretariadelasmujeresrio4@gmail.com,Serrano 363,,,,Matilde luna,,,3584662134,,2,0,No hay menores,No,0,No,,No,,No,,Sí,Sí,No,,,,,,Sí,Sí,No,,No,No residen niños en el hogar,No,,Sí,No,4,,,,,,,,
Alberdi (70 Viviendas),GS-B-01295,21/3/2025 9:53:34,,ceballosmarcela33@gmail.com,Fray cardarelli 388,,,,Ramón,,,,,1,0,No hay menores,No,0,No,,No,,No,,No,No,Sí,"Discapacidad intelectual: Comprende condiciones que afectan el funcionamiento cognitivo y la capacidad de aprendizaje, como el síndrome de Down y otros trastornos del desarrollo intelectual.",No,No,,,No,No,No,,No,No residen niños en el hogar,No lo sé,Centro Periférico 9,Sí,No,1,,,,,,,,
Alberdi (70 Viviendas),GS-B-01296,21/3/2025 9:53:38,,csolfer12@gmail.com,Vicente Lopez 1919,,,,Carolina,,,,,2,0,No,Sí,0,No,,No,,No,,Sí,Sí,No,,,,,,Sí,Sí,No,,No,Sí,Sí,Centro Periférico 9,Sí,No,4,,,,,,,,
Alberdi (70 Viviendas),GS-B-01297,21/3/2025 9:53:40,,valenpereletegui@gmail.com,Gutiérrez 271,,,,,,,3584370404,,4,1,Sí,No,0,Sí,Sí,Sí,,Sí,,Sí,No,Sí,"Discapacidad física: Incluye limitaciones en la movilidad y funciones físicas, como la paraplejia, amputaciones y trastornos del movimiento.",Sí,No,,,Sí,Sí,No,,No,Sí,No,,No,No,1,,,,,,,,
Alberdi (70 Viviendas),GS-B-01298,21/3/2025 9:54:16,,andreadascencio@gmail.com,Pasteurizado 1644,,,,Aristo.uño rmaniel,,,3585125365,,3,1,No,No,0,No,,No,,No,,Sí,Sí,No,,,,,,No,,,,No,Sí,No,,No,No,4,,,,,,,,
Alberdi (70 Viviendas),GS-B-01299,21/3/2025 9:54:40,,nani.83chaves@gmail.com,Guitierrez 250,,,,Arguello fernando,,,,,4,0,No,No,0,No,,No,,No,,Sí,Sí,No,,,,,,No,No,No,,No,Sí,Sí,Centro Periférico 9,No,No,4,,,,,,,,
Alberdi (70 Viviendas),GS-B-01300,21/3/2025 9:54:41,,juancruzel9@gmail.com,Fray cardarelli 385,,,,Jose,,,,,6,1,No,No,0,No,,No,,No,,Sí,Sí,No,,,,,,No,No,No,,No,Sí,Sí,Centro Periférico 9,No,No,3,,,,,,,,
Alberdi (70 Viviendas),GS-B-01301,21/3/2025 9:56:17,,melmiel28@gmail.com,Circunvalación este 152,,,,Paola cejas,,,,,7,5,No,No,1,No,,No,,No,,Sí,Sí,No,,,,,,No,No,No,,No,Sí,Sí,Centro Periférico 9,Sí,Sí,4,,,,,,,,
Alberdi (70 Viviendas),GS-B-01302,21/3/2025 9:56:32,,delfinadehaes@gmail.com,Calle 42 460,,,,Mercedes Fabre,,,3584228036,,1,0,No,No,,No,,Sí,,No,,Sí,Sí,No,,,,,,No,,,,No,No residen niños en el hogar,Sí,Centro Periférico 9,Sí,No,4,,,,,,,,
Alberdi (70 Viviendas),GS-B-01303,21/3/2025 9:56:51,,carlaveronicarusso@gmail.com,,,,,,,,,,4,2,Sí,No,0,No,,Sí,,No,,Sí,Sí,No,,,,,,No,,,,No,Sí,Sí,Centro Periférico 9,No,No,4,,,,,,,,
Alberdi (70 Viviendas),GS-B-01304,21/3/2025 9:57:28,,kg9793067@gmail.com,Pirovano 374,,,,Norma,,,3586029830,,3,0,No hay menores,Sí,0,No,,No,,No,,Sí,Sí,No,,,,,,Sí,Sí,No,,No,No residen niños en el hogar,Sí,Centro Periférico 9,No,No,3,,,,,,,,
Alberdi (70 Viviendas),GS-B-01305,21/3/2025 9:57:39,,riquelmesergio965@gmail.com,Calle 42  N434,,,,García Ana maria,,,,,2,0,No hay menores,Sí,1,Sí,Sí,Sí,,No,,Sí,Sí,Sí,"Discapacidad intelectual: Comprende condiciones que afectan el funcionamiento cognitivo y la capacidad de aprendizaje, como el síndrome de Down y otros trastornos del desarrollo intelectual.",Sí,No,,No sé averiguado,No,Sí,No,,No,No residen niños en el hogar,Sí,Centro Periférico 9,Sí,No,3,,,,,,,,
Alberdi (70 Viviendas),GS-B-01306,21/3/2025 9:57:57,,mcrosetto224@gmail.com,Manuel sarfield y vicente  lopez,,,,,,,,,2,0,No,No,0,No,,No,,No,,Sí,No,No,,,,,,Sí,Sí,No,,No,No residen niños en el hogar,Sí,Centro Periférico 9,Sí,No,4,,,,,,,,
Alberdi (70 Viviendas),GS-B-01307,21/3/2025 9:58:37,,subse.nafriocuarto@gmail.com,,,,,,,,,,2,0,No hay menores,No,,No,,No,,No,,Sí,No,No,,,,,,Sí,Sí,No,,No,No residen niños en el hogar,No,,Sí,No,2,,,,,,,,
Alberdi (70 Viviendas),GS-B-01308,21/3/2025 9:58:40,,mateotosco303@gmail.com,Guemes 1933,,,,,,,,,2,0,No,No,,No,,No,,No,,Sí,Sí,No,,,,,,Sí,Sí,No,,No,No residen niños en el hogar,Sí,Centro Periférico 9,No lo sé,No,2,,,,,,,,
Alberdi (70 Viviendas),GS-B-01309,21/3/2025 9:59:34,,ceballosmarcela33@gmail.com,Fray cardarelli 425,,,,Iris,,,,,1,0,No hay menores,Sí,0,No,,No,,No,,Sí,Sí,No,,,,,,No,No,No,,No,No residen niños en el hogar,Sí,Centro Periférico 9,Sí,No,2,,,,,,,,
Alberdi (70 Viviendas),GS-B-01310,21/3/2025 9:59:36,,nani.83chaves@gmail.com,Guitierez 274,,,,Brito,,,,,2,0,No hay menores,No,0,No,,No,,No,,Sí,Sí,No,,,,,,Sí,Sí,No,,No,Sí,Sí,Centro Periférico 9,Sí,No,4,,,,,,,,
Alberdi (70 Viviendas),GS-B-01311,21/3/2025 10:00:17,,gnesuttamarcelo10@gmail.com,Serrano 180,,,,Luna claudio,,,3584399870,,7,6,Sí,No,0,No,,No,,Sí,,Sí,Sí,No,,,,,,No,No lo sé,No lo sé,,No,Sí,Sí,Centro Periférico 9,Sí,No,4,,,,,,,,
Alberdi (70 Viviendas),GS-B-01312,21/3/2025 10:00:24,,paula.soledad.morales@gmail.com,,,,,Mirta,,,,,3,1,Sí,No,,Sí,No,No,,Sí,,Sí,Sí,No,,,,,,Sí,No,,,Sí,Sí,No,,No,No,4,,,,,,,,
Alberdi (70 Viviendas),GS-B-01313,21/3/2025 10:01:34,,georgigomez66@gmail.com,Vicente López 1967,,,,Juan,,,,,2,0,No,No,0,No,,No,,No,,Sí,Sí,No,,,,,,Sí,Sí,Sí,Espacio Illia,No,No residen niños en el hogar,Sí,Centro Periférico 9,No,No,4,,,,,,,,
Alberdi (70 Viviendas),GS-B-01314,21/3/2025 10:02:58,,mateotosco303@gmail.com,Vicente Lopez 1900,,,,Miguel,,,,,4,1,Sí,No,,No,,No,,No,,Sí,Sí,No,,,,,,No,,,,No lo sé,Sí,No,,No lo sé,No,4,,,,,,,,
Alberdi (70 Viviendas),GS-B-01315,21/3/2025 10:03:51,,subsecretariadelasmujeresrio4@gmail.com,Serrano 337,,,,Clara Funes,,,3584876367,,4,1,Sí,No,0,No,,Sí,,Sí,,Sí,Sí,No,,,,,,Sí,Sí,Sí,No,No,Sí,Sí,Centro Periférico 9,Sí,No,4,,,,,,,,
Alberdi (70 Viviendas),GS-B-01316,21/3/2025 10:07:36,,carlaveronicarusso@gmail.com,Vicente Lopez 1629,,,,Pereyra Leticia,,,3584205908,,3,0,No,Sí,1,No,,No,,No,,No,Sí,Sí,"Discapacidad física: Incluye limitaciones en la movilidad y funciones físicas, como la paraplejia, amputaciones y trastornos del movimiento.",Sí,No,,,No,No,,,No,No residen niños en el hogar,No,,Sí,No,3,,,,,,,,
Alberdi (70 Viviendas),GS-B-01317,21/3/2025 10:08:39,,csolfer12@gmail.com,Manuel sarfield y amado miranda,,,,Marcelo,,,,,1,0,No hay menores,No,0,No,,No,,No,,Sí,Sí,No,,,,,,No,No,No,,No,No,No,Centro Periférico 9,No,No,4,,,,,,,,
Alberdi (70 Viviendas),GS-B-01318,21/3/2025 10:08:56,,sonialiliana91@gmail.com,Pje Tessitore 100,,,,Alexander,,,3586024591,,2,0,No,Sí,0,No,,No,,No,,Sí,No,No,,,,,,No,No,No,,No,No residen niños en el hogar,Sí,Centro Periférico 9,No,No,3,,,,,,,,
Alberdi (70 Viviendas),GS-B-01319,21/3/2025 10:09:17,,subse.nafriocuarto@gmail.com,Sofia puebla 1850,,,,Daira,,,3584843639,,2,1,Sí,No,,No,,Sí,,No,,Sí,Sí,No,,,,,,No,,,,No,Sí,Sí,Centro Periférico 9,No,No,2,,,,,,,,
Alberdi (70 Viviendas),GS-B-01320,21/3/2025 10:09:22,,delfinadehaes@gmail.com,Pedro Goyena 2006,,,,Anibal,,,3585080937,,2,0,No,No,0,No,,No,,No,,Sí,No,No,,,,,,No,,,,No,No residen niños en el hogar,Sí,"Hospital Regional ""San Antonio de Padua""",Sí,No,4,,,,,,,,
Alberdi (70 Viviendas),GS-B-01321,21/3/2025 10:10:17,,jessicarossamarin@gmail.com,Ricardo Gutierrez norte 2,,,,Deolinda,,,3586004799,,6,4,Sí,Sí,,No,,Sí,,No,,Sí,Sí,Sí,"Discapacidad del aprendizaje: Incluye dificultades específicas de aprendizaje, como la dislexia y el trastorno por déficit de atención e hiperactividad (TDAH).",Sí,No,,Tiene maestra integradora en la escuela,No,,,,No,Sí,Sí,S24 Alberdi,No,No,4,,,,,,,,
Alberdi (70 Viviendas),GS-B-01322,21/3/2025 10:10:24,,mateotosco303@gmail.com,Vicente Lopez 1906,,,,Alicia Andrea molina,,,3584871130,,4,2,Sí,Sí,2,Sí,No,No,,No,,Sí,Sí,Sí,"Discapacidad múltiple: Se refiere a personas que presentan combinaciones de dos o más tipos de discapacidad, afectando diversas áreas de su vida.",Sí,No,,,No,,,,No,Sí,Sí,Centro Periférico 9,No lo sé,No,2,,,,,,,,
Alberdi (70 Viviendas),GS-B-01323,21/3/2025 10:10:33,,miasalasrioiv@gmail.com,Entre Ríos 1774,,,,Roberto,,,,,1,0,No hay menores,Sí,0,No,,No,,No,,Sí,Sí,No,,,,,,No,No,No,,No,No residen niños en el hogar,Sí,"Hospital Regional ""San Antonio de Padua""",No,No lo sé,4,,,,,,,,
Alberdi (70 Viviendas),GS-B-01324,21/3/2025 10:11:08,,kg9793067@gmail.com,Pirovano 430,,,,Solange,,,3584927590,,3,1,No,No,0,No,,No,,No,,Sí,Sí,No,,,,,,No,,,,No,Sí,No,,Sí,No,4,,,,,,,,
Alberdi (70 Viviendas),GS-B-01325,21/3/2025 10:12:14,,csolfer12@gmail.com,Amadeo miranda 1919,,,,,,,,,1,0,No hay menores,No,1,No,,No,,No,,No,No,No,,,,,,Sí,Sí,No,,No,No residen niños en el hogar,No,,Sí,No,3,,,,,,,,
Alberdi (70 Viviendas),GS-B-01326,21/3/2025 10:12:41,,valenpereletegui@gmail.com,Gutierrez 411,,,,,,,,,3,1,Sí,No,0,No,,No,,No,,Sí,Sí,No,,,,,,No,No,No,,No,Sí,Sí,Centro Periférico 9,No,No,4,,,,,,,,
Alberdi (70 Viviendas),GS-B-01327,21/3/2025 10:12:44,,melmiel28@gmail.com,,,,,Domínguez Miguel angel,,,,,2,0,No hay menores,No,0,No,,No,,No,,Sí,Sí,No,,,,,,Sí,Sí,No,,No,No residen niños en el hogar,No,,No,No,4,,,,,,,,
Alberdi (70 Viviendas),GS-B-01328,21/3/2025 10:12:46,,paula.soledad.morales@gmail.com,Guemes 1933,,,,Funes Susana,,,,,2,0,No,No,,No,,No,,No,,Sí,Sí,No,,,,,,Sí,Sí,No,,No,No,No,,Sí,No,4,,,,,,,,
Alberdi (70 Viviendas),GS-B-01329,21/3/2025 10:12:52,,adriclucero2020@gmail.com,Boulevard Circunvalacion Este 144,,,,Cristian Marcelo Mercado,,,3584263325,,1,0,No,Sí,0,No,,No,,No,,Sí,Sí,No,,,,,,No,No,No,,No,No residen niños en el hogar,Sí,S24 Alberdi,No,No,1,,,,,,,,
Alberdi (70 Viviendas),GS-B-01330,21/3/2025 10:13:03,,nani.83chaves@gmail.com,Guitietrez 387,,,,,,,,,5,2,Sí,No,0,No,,No,,No,,Sí,Sí,Sí,"Discapacidad psicosocial: Abarca trastornos mentales y emocionales que afectan la interacción social y la salud emocional, como la depresión, la ansiedad y la esquizofrenia.",Sí,No,,,No,No,No,,No,Sí,Sí,Centro Periférico 9,No,No,4,,,,,,,,
Alberdi (70 Viviendas),GS-B-01331,21/3/2025 10:13:22,,mcrosetto224@gmail.com,Pasaje Amadeo Miranda 1936,,,,,,,,,1,0,No hay menores,No,0,No,,No,,No,,Sí,No,No,,,,,,Sí,Sí,No,,No,No residen niños en el hogar,Sí,Centro Periférico 9,Sí,No,4,,,,,,,,
Alberdi (70 Viviendas),GS-B-01332,21/3/2025 10:14:33,,andreadascencio@gmail.com,Pasteurizado tessitore,,,,Garay norma rosa,,,3584404518,,3,0,No hay menores,No,0,No,,No,,No,,Sí,No,No,,,,,,Sí,Sí,No,,No,No,No,Centro Periférico 9,No,No,4,,,,,,,,
Alberdi (70 Viviendas),GS-B-01333,21/3/2025 10:14:40,,mateotosco303@gmail.com,Pirovano 549,,,,Magali gonzalez,,,3586015710,,3,1,Sí,Sí,,No,,No,,No,,Sí,Sí,No,,,,,,No,,,,No,Sí,Sí,Centro Periférico 9,No,No,4,,,,,,,,
Alberdi (70 Viviendas),GS-B-01334,21/3/2025 10:14:46,,mansilladariogustavo@gmail.com,Manuel Sarfield 359,,,,Sanchez Silvia Mercedes,,,3585617116,,4,1,No hay menores,No,0,No,,No,,Sí,,Sí,Sí,Sí,"Discapacidad intelectual: Comprende condiciones que afectan el funcionamiento cognitivo y la capacidad de aprendizaje, como el síndrome de Down y otros trastornos del desarrollo intelectual.",Sí,No,,"Asistía a la pileta,  universidad, centro 11 hasta que quedo embarazada. Ahora el bebé tiene 7 meses de edad",Sí,Sí,No,,No,Sí,Sí,Centro Periférico 9,Sí,No,4,,,,,,,,
Alberdi (70 Viviendas),GS-B-01335,21/3/2025 10:14:50,,georgigomez66@gmail.com,Manuel Sarsfield 373,,,,Carina,,,3584906262,,2,0,No hay menores,Sí,0,No,,No,,No,,Sí,Sí,No,,,,,,No,,,,No,No residen niños en el hogar,No,,No,No,3,,,,,,,,
Alberdi (70 Viviendas),GS-B-01336,21/3/2025 10:14:55,,subsecretariadelasmujeresrio4@gmail.com,Serrano 321,,,,,,,Amara Angelica,,3,3,No,Sí,0,No,,No,,No,,Sí,Sí,No,,,,,,Sí,Sí,No,,No,Sí,No,Centro Periférico 9,No,No,3,,,,,,,,
Alberdi (70 Viviendas),GS-B-01337,21/3/2025 10:16:53,,kg9793067@gmail.com,Pirovano 464,,,,Cecilia,,,,,6,2,Sí,Sí,0,No,,No,,No,,Sí,Sí,No,,,,,,No,,,,No,Sí,No,,No,No,4,,,,,,,,
Alberdi (70 Viviendas),GS-B-01338,21/3/2025 10:17:07,,jessicarossamarin@gmail.com,,,,,Graciela,,,,,1,0,No hay menores,Sí,0,No,,Sí,,Sí,,Sí,No,No,,,,,,Sí,Sí,No,,No,Sí,No,,Sí,No,4,,,,,,,,
Alberdi (70 Viviendas),GS-B-01339,21/3/2025 10:17:52,,mcrosetto224@gmail.com,Pasaje Amadeo Miranda 1928,,,,,,,,,1,0,No hay menores,No,0,No,,No,,No,,Sí,No,No,,,,,,Sí,Sí,No,,No,No residen niños en el hogar,Sí,Centro Periférico 9,Sí,No,4,,,,,,,,
Alberdi (70 Viviendas),GS-B-01340,21/3/2025 10:18:34,,juancruzel9@gmail.com,Fray cardarelli 255,,,,Maria,,,,,1,0,No hay menores,No,0,No,,No,,No,,No,No,No,,,,,,Sí,Sí,No,,No,No residen niños en el hogar,No,,Sí,No,2,,,,,,,,
Alberdi (70 Viviendas),GS-B-01341,21/3/2025 10:18:44,,miasalasrioiv@gmail.com,Entre Ríos 1804,,,,Micaela,,,,,4,2,Sí,Sí,0,No,,No,,No,,Sí,Sí,No,,,,,,No,No,No,,No,Sí,No,,No,No,4,,,,,,,,
Alberdi (70 Viviendas),GS-B-01342,21/3/2025 10:20:00,,csolfer12@gmail.com,Pirovano 356,,,,,,,,,2,0,No hay menores,No,0,No,,No,,No,,Sí,Sí,No,,,,,,Sí,Sí,No,,No,No residen niños en el hogar,No,,Sí,No,4,,,,,,,,
Alberdi (70 Viviendas),GS-B-01343,21/3/2025 10:20:53,,valenpereletegui@gmail.com,Gutierrez 420,,,,,,,,,4,2,Sí,No,0,No,,Sí,,No,,Sí,Sí,No,,,,,,No,No,No,,No,Sí,Sí,Centro Periférico 9,No,No,4,,,,,,,,
Alberdi (70 Viviendas),GS-B-01344,21/3/2025 10:21:11,,melmiel28@gmail.com,Circunvalación este 122,,,,Hilda Amalia cruceño,,,,,1,0,No hay menores,No,0,No,,No,,No,,Sí,No,No,,,,,,Sí,Sí,No,,No,No residen niños en el hogar,No,Centro Periférico 9,No,No,3,,,,,,,,
Alberdi (70 Viviendas),GS-B-01345,21/3/2025 10:22:21,,moyanofacundo88@gmail.com,Ricardo Gutierrez 48,,,,Daniel,,,3585043716,,3,1,Sí,Sí,0,No,,No,,No,,Sí,Sí,No,,,,,,No,,,,No,Sí,Sí,Centro Periférico 9,No,No,4,,,,,,,,
Alberdi (70 Viviendas),GS-B-01346,21/3/2025 10:22:49,,paula.soledad.morales@gmail.com,Guemes 1888,,,,Fernanda,,,,,4,2,Sí,No,,No,,No,,No,,Sí,Sí,No,,,,,,No,,,,No,Sí,Sí,Centro Periférico 9,Sí,No,4,,,,,,,,
Alberdi (70 Viviendas),GS-B-01347,21/3/2025 10:23:04,,ceballosmarcela33@gmail.com,Fray cardarelli 681,,,,Antonella,,,,,4,1,Sí,No,0,No,,Sí,,No,,Sí,Sí,No,,,,,,No,No,No,,No,Sí,Sí,Centro Periférico 9,No,No,4,,,,,,,,
Alberdi (70 Viviendas),GS-B-01348,21/3/2025 10:23:18,,subsecretariadelasmujeresrio4@gmail.com,Serrano 298,,,,Torres Yamila,,,3584921990,,3,2,Sí,Sí,1,No,,Sí,,No,,Sí,Sí,No,,,,,,No,No,No,,No,Sí,Sí,Centro Periférico 9,No,No,4,,,,,,,,
Alberdi (70 Viviendas),GS-B-01349,21/3/2025 10:23:41,,riquelmesergio965@gmail.com,Rafael obligado 2037,,,,Erica lucero,,,luceroerica740@gmail.com,,4,2,No,No,0,No,,Sí,,No,,Sí,Sí,No,,,,,,No,No,No,,No,Sí,Sí,Centro Periférico 9,No,No,4,,,,,,,,
Alberdi (70 Viviendas),GS-B-01350,21/3/2025 10:24:05,,mateotosco303@gmail.com,1886 Amadeo Miranda,,,,Barreras Juan Antonio,,,,,4,1,Sí,Sí,,No,,No,,No,,Sí,Sí,No,,,,,,Sí,Sí,No,,No,Sí,Sí,Centro Periférico 9,No,No,4,,,,,,,,
Alberdi (70 Viviendas),GS-B-01351,21/3/2025 10:24:13,,carlaveronicarusso@gmail.com,Vicente Lopez 1550,,,,,,,,,5,0,No,No,0,No,,No,,No,,Sí,Sí,No,,,,,,Sí,Sí,No,,No,No residen niños en el hogar,No,,No,No,4,,,,,,,,
Alberdi (70 Viviendas),GS-B-01352,21/3/2025 10:24:21,,mcrosetto224@gmail.com,Pasaje Amadeo Miranda 1910,,,,,,,,,4,0,No hay menores,No,0,No,,No,,No,,Sí,Sí,No,,,,,,Sí,Sí,No,,No,No residen niños en el hogar,Sí,Centro Periférico 9,Sí,No,4,,,,,,,,
Alberdi (70 Viviendas),GS-B-01353,21/3/2025 10:25:13,,nani.83chaves@gmail.com,Guitierrez 460,,,,Cardetti paola,,,,,5,1,Sí,No,0,No,,Sí,,No,,Sí,Sí,No,,,,,,No,No,No,,No,Sí,Sí,Centro Periférico 9,Sí,No,4,,,,,,,,
Alberdi (70 Viviendas),GS-B-01354,21/3/2025 10:25:31,,delfinadehaes@gmail.com,,,,,Gisela,,,,,5,3,Sí,No,,No,,No,,No,,Sí,Sí,No,,,,,,No,,,,No,Sí,No,,No,No,4,,,,,,,,
Alberdi (70 Viviendas),GS-B-01355,21/3/2025 10:26:16,,jessicarossamarin@gmail.com,,,,,Cristian Gatto,,,,,1,0,No hay menores,No,1,No,,No,,No,,Sí,No,No,,,,,,No,,,,No,No residen niños en el hogar,No,,No,Sí,2,,,,,,,,
Alberdi (70 Viviendas),GS-B-01356,21/3/2025 10:28:02,,georgigomez66@gmail.com,Amadeo Miranda 1920,,,,Vanina,,,3585100974,,3,0,No,Sí,,Sí,No,No,,No,,Sí,Sí,No,,,,,,No,,,,No,Sí,Sí,Centro Periférico 9,Sí,No,4,,,,,,,,
Alberdi (70 Viviendas),GS-B-01357,21/3/2025 10:28:33,,paula.soledad.morales@gmail.com,Guemes 1880,,,,Mara,,,,,6,3,Sí,Sí,,No,,Sí,,Sí,,Sí,Sí,No,,,,,,No,,,,No,Sí,Sí,Centro Periférico 9,No,No,4,,,,,,,,
Alberdi (70 Viviendas),GS-B-01358,21/3/2025 10:29:19,,kg9793067@gmail.com,Pirovano 466,,,,Euguenia,,,3584396674,,3,2,Sí,No,0,No,,No,,No,,Sí,Sí,No,,,,,,No,,,,No,Sí,No,,Sí,No,4,,,,,,,,
Alberdi (70 Viviendas),GS-B-01359,21/3/2025 10:29:34,,subsecretariadelasmujeresrio4@gmail.com,Serrano 260,,,,Nelson Agüero,,,3584182848,,4,2,Sí,Sí,,No,,No,,Sí,,Sí,Sí,No,,,,,,No,No,No,,No,Sí,No,,No,No,4,,,,,,,,
Alberdi (70 Viviendas),GS-B-01360,21/3/2025 10:29:39,,ceballosmarcela33@gmail.com,Fray cardarelli 572,,,,Elizabet,,,,,5,2,Sí,No,0,No,,No,,No,,Sí,Sí,No,,,,,,No,No,No,,No,Sí,No,Centro Periférico 9,No,No,4,,,,,,,,
Alberdi (70 Viviendas),GS-B-01361,21/3/2025 10:29:44,,sonialiliana91@gmail.com,Pje Tessitore 50,,,,Rosa,,,3584395220,,4,2,Sí,Sí,0,No,,No,,No,,Sí,Sí,No,,,,,,No,,,,No,Sí,Sí,Centro Periférico 9,No,No,3,,,,,,,,
Alberdi (70 Viviendas),GS-B-01362,21/3/2025 10:29:54,,melmiel28@gmail.com,Entre ríos 1906,,,,Analia,,,3584025100,,7,4,Sí,No,0,No,,No,,No,,Sí,No,No,,,,,,No,No,No,,No,Sí,Sí,Centro Periférico 9,No,No,4,,,,,,,,
Alberdi (70 Viviendas),GS-B-01363,21/3/2025 10:30:29,,csolfer12@gmail.com,Operario andrade 1923,,,,Claudio,,,,,2,2,No hay menores,No,0,No,,No,,No,,Sí,Sí,No,,,,,,No,No,No,,No,No residen niños en el hogar,No,,No,No lo sé,4,,,,,,,,
Alberdi (70 Viviendas),GS-B-01364,21/3/2025 10:31:09,,mateotosco303@gmail.com,Díaz de bedoya 366,,,,Gladys,,,3584923185,,5,3,Sí,Sí,,No,,No,,No,,Sí,Sí,No,,,,,,No,,,,No,Sí,Sí,Centro Periférico 9,Sí,No,4,,,,,,,,
Alberdi (70 Viviendas),GS-B-01365,21/3/2025 10:31:09,,andreadascencio@gmail.com,PSteur 1840,,,,Bottino olga,,,3584828955,,2,0,No,No,0,No,,No,,No,,Sí,Sí,No,,,,,,Sí,Sí,No,,No,No residen niños en el hogar,No,,No,No,4,,,,,,,,
Alberdi (70 Viviendas),GS-B-01366,21/3/2025 10:32:26,,mcrosetto224@gmail.com,Operario Andrade 1965,,,,,,,,,5,3,Sí,No,0,No,,Sí,,No,,Sí,Sí,No,,,,,,No,No,No,,No,Sí,Sí,Centro Periférico 9,No,No,4,,,,,,,,
Alberdi (70 Viviendas),GS-B-01367,21/3/2025 10:33:44,,valenpereletegui@gmail.com,Gutierrez 497,,,,,,,,,11,6,Sí,No,0,No,,Sí,,Sí,,Sí,Sí,Sí,"Discapacidad del aprendizaje: Incluye dificultades específicas de aprendizaje, como la dislexia y el trastorno por déficit de atención e hiperactividad (TDAH).",No,No,,,No,No,No,,No,Sí,Sí,Centro Periférico 9,Sí,No,2,,,,,,,,
Alberdi (70 Viviendas),GS-B-01368,21/3/2025 10:34:38,,carlaveronicarusso@gmail.com,Vicente Lopez 1520,,,,Gonzalez monica patricia,,,3584253811,,7,2,Sí,No,,No,,No,,No,,Sí,Sí,Sí,"Discapacidad física: Incluye limitaciones en la movilidad y funciones físicas, como la paraplejia, amputaciones y trastornos del movimiento.",No,No,,,Sí,Sí,No,,No,Sí,Sí,Centro Periférico 9,Sí,No,3,,,,,,,,
Alberdi (70 Viviendas),GS-B-01369,21/3/2025 10:35:09,,nani.83chaves@gmail.com,Goyena 1696,,,,Miranda,,,,,4,2,Sí,No,0,No,,Sí,,No,,Sí,Sí,No,,,,,,No,No,No,,No,Sí,Sí,Centro Periférico 9,Sí,No,4,,,,,,,,
Alberdi (70 Viviendas),GS-B-01370,21/3/2025 10:36:32,,kg9793067@gmail.com,Pirovano 474,,,,Maria,,,3585143891,,5,1,Sí,Sí,0,No,,No,,No,,Sí,Sí,No,,,,,,No,,,,No,Sí,Sí,Centro Periférico 9,No,No,4,,,,,,,,
Alberdi (70 Viviendas),GS-B-01371,21/3/2025 10:37:42,,subsecretariadeninez@riocuarto.gov.ar,Tucuman 1659,,,,Jonathan,,,,,6,4,No,Sí,0,No,,Sí,,Sí,,Sí,No,No,,,,,,No,No,No,,No,Sí,Sí,Centro Periférico 9,Sí,No,4,,,,,,,,
Alberdi (70 Viviendas),GS-B-01372,21/3/2025 10:38:06,,natyvgomez2011@gmail.com,Luis pasteur 1828,,,,Laura,,,3584360931,,4,2,Sí,No,,Sí,No,No,,Sí,,Sí,Sí,Sí,"Discapacidad física: Incluye limitaciones en la movilidad y funciones físicas, como la paraplejia, amputaciones y trastornos del movimiento.",No,No,,,Sí,Sí,Sí,Centro jubilados barrio Alberdi,No,Sí,Sí,Centro Periférico 1,No,No,4,,,,,,,,
Alberdi (70 Viviendas),GS-B-01373,21/3/2025 10:38:20,,miasalasrioiv@gmail.com,Entre Ríos 1796,,,,Yolanda,,,,,5,0,No hay menores,No,0,No,,Sí,,Sí,,Sí,Sí,Sí,"Discapacidad psicosocial: Abarca trastornos mentales y emocionales que afectan la interacción social y la salud emocional, como la depresión, la ansiedad y la esquizofrenia.",Sí,No,,No interesa,Sí,Sí,,,No,No residen niños en el hogar,Sí,"Hospital Regional ""San Antonio de Padua""",Sí,Prefiero no decirlo,2,,,,,,,,
Alberdi (70 Viviendas),GS-B-01374,21/3/2025 10:38:25,,mateotosco303@gmail.com,Díaz de Bedoya 321,,,,Molina Sandra,,,3585099454,,7,3,Sí,No,,No,,Sí,,Sí,,Sí,Sí,No,,,,,,Sí,Sí,No,,No,Sí,Sí,Centro Periférico 9,No,No,1,,,,,,,,
Alberdi (70 Viviendas),GS-B-01375,21/3/2025 10:38:26,,delfinadehaes@gmail.com,Calle 42 688,,,,Mónica,,,,,9,4,Sí,Sí,,No,,No,,No,,Sí,Sí,No,,,,,,No,,,,No,Sí,Sí,Centro Periférico 9,No,No,4,,,,,,,,
Alberdi (70 Viviendas),GS-B-01376,21/3/2025 10:39:45,,ceballosmarcela33@gmail.com,Fray cardarelli 320,,,,Loly,,,,,4,0,No hay menores,No,0,No,,No,,No,,Sí,No,No,,,,,,Sí,Sí,Sí,Centro jubilado alberdi,No,No residen niños en el hogar,Sí,Centro de Salud Municipal,Sí,Sí,3,,,,,,,,
Alberdi (70 Viviendas),GS-B-01377,21/3/2025 10:40:49,,jessicarossamarin@gmail.com,Tucuman1673,,,,Romina Ferreyra,,,4661739,,6,1,Sí,No,,No,,Sí,,No,,Sí,Sí,Sí,"Discapacidad psicosocial: Abarca trastornos mentales y emocionales que afectan la interacción social y la salud emocional, como la depresión, la ansiedad y la esquizofrenia.",Sí,Sí,Tobar garcia,,Sí,Sí,No,,No,Sí,Sí,Centro Periférico 9,No,No,4,,,,,,,,
Alberdi (70 Viviendas),GS-B-01378,21/3/2025 10:41:44,,andreadascencio@gmail.com,,,,,Keyla azcurra,,,3585760930,,5,0,No hay menores,No,,No,,Sí,,No,,Sí,Sí,No,,,,,,Sí,No,,,No,Sí,Sí,Centro Periférico 9,Sí,No,4,,,,,,,,
Alberdi (70 Viviendas),GS-B-01379,21/3/2025 10:42:29,,sonialiliana91@gmail.com,Pje Tessitore 38,,,,Celeste,,,3586006842,,11,6,Sí,Sí,0,No,,Sí,,No,,Sí,Sí,No,,,,,,No,,,,No,Sí,Sí,Centro Periférico 9,No,No,4,,,,,,,,
Alberdi (70 Viviendas),GS-B-01380,21/3/2025 10:42:44,,valenpereletegui@gmail.com,Gutierrez 520,,,,,,,,,4,2,Sí,No,0,No,,Sí,,No,,Sí,Sí,No,,,,,,No,No,No,,No,Sí,Sí,Centro Periférico 9,No,No lo sé,4,,,,,,,,
Alberdi (70 Viviendas),GS-B-01381,21/3/2025 10:42:45,,csolfer12@gmail.com,Circunvalación 308,,,,,,,,,1,0,No hay menores,No,0,No,,No,,No,,No,No,No,,,,,,Sí,Sí,No,,No,No residen niños en el hogar,No,,No,No,4,,,,,,,,
Alberdi (70 Viviendas),GS-B-01382,21/3/2025 10:42:47,,mcrosetto224@gmail.com,Bulevar circunvalación este,,,,,,,,,4,0,No,No,0,No,,No,,No,,Sí,Sí,No,,,,,,No,No,No,,No,No residen niños en el hogar,Sí,Centro Periférico 9,Sí,No,4,,,,,,,,
Alberdi (70 Viviendas),GS-B-01383,21/3/2025 10:43:28,,mateotosco303@gmail.com,Díaz de Bedoya 350,,,,Moreno Griselda,,,,,1,0,No,Sí,,No,,No,,No,,Sí,Sí,No,,,,,,Sí,Sí,No,,No,No residen niños en el hogar,No,,Sí,No,2,,,,,,,,
Alberdi (70 Viviendas),GS-B-01384,21/3/2025 10:43:53,,riquelmesergio965@gmail.com,,,,,Dana medina,,,,,9,3,No,No,,No,,Sí,,No,,Sí,Sí,No,,,,,,No,No,No,,No,Sí,Sí,Centro Periférico 9,Sí,No,3,,,,,,,,
Alberdi (70 Viviendas),GS-B-01385,21/3/2025 10:44:29,,georgigomez66@gmail.com,Bv circunvalación este 324,,,,Marta,,,3584287740,,4,1,Sí,Sí,0,No,,Sí,,No,,Sí,Sí,No,,,,,,Sí,Sí,Sí,Centro jubilados barrio Alberdi,No,Sí,Sí,Centro Periférico 9,Sí,No,4,,,,,,,,
Alberdi (70 Viviendas),GS-B-01386,21/3/2025 10:44:42,,nani.83chaves@gmail.com,Ricardo Gutierrez 614,,,,María,,,,,5,3,Sí,Sí,,No,,Sí,,No,,Sí,Sí,No,,,,,,No,,,,No,Sí,No,,No,No,4,,,,,,,,
Alberdi (70 Viviendas),GS-B-01387,21/3/2025 10:45:17,,kg9793067@gmail.com,Pirovano 506,,,,Luisa,,,3584325911,,3,1,No,No,0,No,,No,,No,,Sí,No,No,,,,,,Sí,Sí,No,,No,Sí,No,,No,No,4,,,,,,,,
Alberdi (70 Viviendas),GS-B-01388,21/3/2025 10:47:07,,miasalasrioiv@gmail.com,Entre Ríos 1801,,,,Adriana,,,,,4,1,Sí,Sí,0,No,,No,,No,,Sí,Sí,Sí,"Discapacidad física: Incluye limitaciones en la movilidad y funciones físicas, como la paraplejia, amputaciones y trastornos del movimiento.",Sí,No,,No puede,No,No,No,,No,Sí,Sí,S24 Alberdi,No,No,4,,,,,,,,
Alberdi (70 Viviendas),GS-B-01389,21/3/2025 10:47:07,,jessicarossamarin@gmail.com,Tucumán 1650,,,,Patricia,,,,,4,0,No hay menores,Sí,,No,,No,,No,,Sí,Sí,No,,,,,,No,,,,No,No residen niños en el hogar,No,,No,No,4,,,,,,,,
Alberdi (70 Viviendas),GS-B-01390,21/3/2025 10:48:35,,delfinadehaes@gmail.com,,,,,Patricia,,,,,4,2,Sí,No,,No,,No,,No,,Sí,Sí,No,,,,,,No,,,,No,Sí,No,,No,No,4,,,,,,,,
Alberdi (70 Viviendas),GS-B-01391,21/3/2025 10:48:42,,valenpereletegui@gmail.com,Gutierrez 621,,,,,,,,,1,0,No hay menores,No,0,No,,No,,No,,Sí,Sí,No,,,,,,No,No,No,,No,Sí,No,,No,No,1,,,,,,,,
Alberdi (70 Viviendas),GS-B-01392,21/3/2025 10:49:23,,mateotosco303@gmail.com,Díaz de Bedoya 312,,,,Eduardo ángel romero,,,3584020266,,2,0,No,No,,No,,No,,No,,Sí,Sí,No,,,,,,Sí,Sí,No,,No,Sí,Sí,Centro Periférico 9,Sí,No,4,,,,,,,,
Alberdi (70 Viviendas),GS-B-01393,21/3/2025 10:50:28,,mansilladariogustavo@gmail.com,Operario andrade 1973,,,,Tamara Manenti,,,3585092710,,2,0,No hay menores,No,,No,,No,,No,,Sí,Sí,No,,,,,,Sí,Sí,No,,No,No residen niños en el hogar,Sí,Centro Periférico 9,Sí,No,4,,,,,,,,
Alberdi (70 Viviendas),GS-B-01394,21/3/2025 10:50:33,,andreadascencio@gmail.com,PSteur 1878,,,,Barz narella,,,3585044380,,4,1,Sí,No,,No,,No,,No,,Sí,Sí,No,,,,,,No,,,,No,No residen niños en el hogar,No,,No,No,4,,,,,,,,
Alberdi (70 Viviendas),GS-B-01395,21/3/2025 10:51:09,,georgigomez66@gmail.com,Vicente López 1990,,,,Celica,,,3585165335,,6,4,Sí,No,0,No,,Sí,,Sí,,Sí,Sí,No,,,,,,No,,,,No,Sí,Sí,Centro Periférico 9,No,No,3,,,,,,,,
Alberdi (70 Viviendas),GS-B-01396,21/3/2025 10:51:32,,natyvgomez2011@gmail.com,Luis pasteur 1868,,,,Hector Carballo,,,3584290301,,1,0,No,No,0,Sí,No,No,,Sí,,Sí,No,No,,,,,,Sí,Sí,No,,No,No residen niños en el hogar,No,,Sí,No,2,,,,,,,,
Alberdi (70 Viviendas),GS-B-01397,21/3/2025 10:51:45,,subsecretariadeninez@riocuarto.gov.ar,Tucuman 1660,,,,,,,,,1,1,No,Sí,1,No,,No,,No,,Sí,No,Sí,"Discapacidad física: Incluye limitaciones en la movilidad y funciones físicas, como la paraplejia, amputaciones y trastornos del movimiento.",Sí,No,,,Sí,Sí,No,,No,No,No,Centro Periférico 9,No,No,1,,,,,,,,
Alberdi (70 Viviendas),GS-B-01398,21/3/2025 10:52:16,,juancruzel9@gmail.com,Fray Cardarelli 351,,,,Fabiola,,,,,4,0,No hay menores,No,0,No,,No,,No,,Sí,Sí,No,,,,,,Sí,Sí,No,,No,No residen niños en el hogar,No,,No,No,4,,,,,,,,
Alberdi (70 Viviendas),GS-B-01399,21/3/2025 10:54:05,,miasalasrioiv@gmail.com,Entre Ríos 1850,,,,Sergio,,,,,4,0,No hay menores,Sí,0,No,,No,,No,,Sí,Sí,No,,,,,,No,No,No,,No,No residen niños en el hogar,No,,Sí,No,4,,,,,,,,
Alberdi (70 Viviendas),GS-B-01400,21/3/2025 10:54:24,,mcrosetto224@gmail.com,Maestro Pistarini 282,,,,,,,,,3,1,Sí,No,0,No,,No,,No,,Sí,Sí,No,,,,,,No,No,No,,No,Sí,Sí,Centro Periférico 9,No,No,4,,,,,,,,
Alberdi (70 Viviendas),GS-B-01401,21/3/2025 10:54:25,,adriclucero2020@gmail.com,Pasaje Sofia de Puebla 1857,,,,Suarez Silvana,,,3586013541,,6,3,Sí,No,0,No,,Sí,,No,,Sí,Sí,No,,,,,,No,,,,No,Sí,Sí,Centro Periférico 9,No,No,4,,,,,,,,
Alberdi (70 Viviendas),GS-B-01402,21/3/2025 10:56:25,,valenpereletegui@gmail.com,Gutierrez 673,,,,,,,,,4,1,No,No,0,No,,Sí,,No,,Sí,Sí,No,,,,,,No,No,No,,No,Sí,No,,No,No,4,,,,,,,,
Alberdi (70 Viviendas),GS-B-01403,21/3/2025 10:56:25,,mateotosco303@gmail.com,Díaz de Bedoya 250,,,,Lucero dayana,,,3585483598,,4,2,Sí,Sí,,No,,No,,Sí,,Sí,Sí,No,,,,,,No,No,No,,No,Sí,Sí,Centro Periférico 9,No,No,1,,,,,,,,
Alberdi (70 Viviendas),GS-B-01404,21/3/2025 10:57:03,,csolfer12@gmail.com,Circunvalación 236,,,,Norma,,,,,3,3,No hay menores,Sí,0,No,,No,,No,,Sí,Sí,No,,,,,,Sí,Sí,No,,No,No residen niños en el hogar,Sí,Centro Periférico 9,Sí,No,4,,,,,,,,
Alberdi (70 Viviendas),GS-B-01405,21/3/2025 10:57:23,,nani.83chaves@gmail.com,Ricardo gutierrez 657,,,,Samanta,,,3586029908,,5,2,Sí,Sí,,No,,Sí,,No,,Sí,Sí,No,,,,,,Sí,,No,,No,Sí,Sí,Centro Periférico 9,No,No,4,,,,,,,,
Alberdi (70 Viviendas),GS-B-01406,21/3/2025 10:58:19,,sonialiliana91@gmail.com,Pje Tessitore 69,,,,Gladis,,,,,5,2,Sí,No,1,No,,Sí,,Sí,,Sí,Sí,No,,,,,,No,,,,No,Sí,Sí,Centro Periférico 9,No,No,2,,,,,,,,
Alberdi (70 Viviendas),GS-B-01407,21/3/2025 10:59:20,,mateotosco303@gmail.com,Pasaje bruno 1862,,,,Lucero Marcos antonio,,,3585605541,,2,0,No hay menores,Sí,,No,,No,,No,,Sí,Sí,No,,,,,,Sí,No,,,No,No residen niños en el hogar,Sí,Centro Periférico 9,Sí,No,4,,,,,,,,
Alberdi (70 Viviendas),GS-B-01408,21/3/2025 10:59:26,,jessicarossamarin@gmail.com,Tucumán 1621,,,,Tamara pereyra,,,3586024130,,5,3,Sí,Sí,,No,,No,,No,,Sí,Sí,Sí,"Discapacidad múltiple: Se refiere a personas que presentan combinaciones de dos o más tipos de discapacidad, afectando diversas áreas de su vida.",Sí,No,,Va al pami,No,,,,No,Sí,Sí,Centro Periférico 9,Sí,No,4,,,,,,,,
Alberdi (70 Viviendas),GS-B-01409,21/3/2025 10:59:40,,delfinadehaes@gmail.com,,,,,Hilda Velazquez,,,,,4,3,Sí,No,,No,,No,,No,,Sí,Sí,No,,,,,,No,,,,No,Sí,Sí,Centro Periférico 9,No,No,4,,,,,,,,
Alberdi (70 Viviendas),GS-B-01410,21/3/2025 11:00:38,,valenpereletegui@gmail.com,Gutierrez 688,,,,,,,,,6,1,Sí,No,0,No,,No,,No,,Sí,Sí,No,,,,,,No,No,No,,No,Sí,No,,No,No,2,,,,,,,,
Alberdi (70 Viviendas),GS-B-01411,21/3/2025 11:05:50,,andreadascencio@gmail.com,Pasteurizado 1849,,,,Alderete mari,,,3584830456,,3,0,No hay menores,No,,No,,No,,No,,Sí,Sí,No,,,,,,No,,,,No,No,Sí,Centro Periférico 9,Sí,No,4,,,,,,,,
Alberdi (70 Viviendas),GS-B-01412,21/3/2025 11:06:08,,jessicarossamarin@gmail.com,Tucumán 1611,,,,Florencia,,,3585615272,,5,3,Sí,No,,No,,Sí,,No,,Sí,Sí,Sí,"Discapacidad múltiple: Se refiere a personas que presentan combinaciones de dos o más tipos de discapacidad, afectando diversas áreas de su vida.",Sí,No,,Tiene privado,No,,,,No,Sí,Sí,Centro Periférico 9,No,No,4,,,,,,,,
Alberdi (70 Viviendas),GS-B-01413,21/3/2025 11:07:14,,mansilladariogustavo@gmail.com,Bvar Circulación este 212,,,,Nayla torres,,,3584013010,,5,3,Sí,No,,No,,No,,No,,Sí,Sí,No,,,,,,No,,,,No,Sí,Sí,Centro Periférico 9,No,No,4,,,,,,,,
Alberdi (70 Viviendas),GS-B-01414,21/3/2025 11:08:36,,delfinadehaes@gmail.com,Pedro Goyena 1990 esquina calle 42,,,,Jesus Daniel Salgado,,,,,2,0,No hay menores,No,,No,,No,,No,,Sí,Sí,No,,,,,,No,,,,No,No lo sé,Sí,S24 Alberdi,No,No,3,,,,,,,,
Alberdi (70 Viviendas),GS-B-01415,21/3/2025 11:10:38,,natyvgomez2011@gmail.com,,,,,Nanci,,,3584923873,,4,1,Sí,No,0,No,,No,,No,,Sí,Sí,Sí,"Discapacidad del aprendizaje: Incluye dificultades específicas de aprendizaje, como la dislexia y el trastorno por déficit de atención e hiperactividad (TDAH).",Sí,No,,,Sí,Sí,No,,No,Sí,No,,No,No,4,,,,,,,,
Alberdi (70 Viviendas),GS-B-01416,21/3/2025 11:10:54,,mateotosco303@gmail.com,Pasaje J Bruno 1889,,,,Tania,,,3585101542,,5,2,Sí,Sí,,No,,No,,No,,Sí,Sí,Sí,"Discapacidad del aprendizaje: Incluye dificultades específicas de aprendizaje, como la dislexia y el trastorno por déficit de atención e hiperactividad (TDAH).",Sí,No,,,No,,,,No,Sí,Sí,Centro Periférico 9,No,No,4,,,,,,,,
Alberdi (70 Viviendas),GS-B-01417,21/3/2025 11:11:09,,jessicarossamarin@gmail.com,Tucumán 1607,,,,Micaela ortiz,,,3584842956,,5,3,Sí,No,,No,,No,,No,,Sí,Sí,No,,,,,,No,,,,No,Sí,No,,Sí,No,4,,,,,,,,
Alberdi (70 Viviendas),GS-B-01418,21/3/2025 11:11:13,,subse.nafriocuarto@gmail.com,Ignacio Pirovano 119,,,,Eduardo,,,No,,2,0,No hay menores,No,0,No,,No,,No,,Sí,No,No,,,,,,Sí,Sí,No,No,No,No residen niños en el hogar,No,,Sí,No,4,,,,,,,,
Alberdi (70 Viviendas),GS-B-01419,21/3/2025 11:13:49,,andreadascencio@gmail.com,Pasteurizado 1839,,,,Soza oscar alberto,,,,,3,1,No hay menores,No,,No,,No,,No,,Sí,Sí,No,,,,,,No,,,,No,No,No,,No,No,4,,,,,,,,
Alberdi (70 Viviendas),GS-B-01420,21/3/2025 11:15:01,,sonialiliana91@gmail.com,,,,,Rita,,,3585484730,,3,1,Sí,Sí,0,No,,No,,No,,Sí,Sí,No,,,,,,Sí,Sí,Sí,Centro de jubilados en la calle Entre Ríos,No,No residen niños en el hogar,No,,No,No,4,,,,,,,,
Alberdi (70 Viviendas),GS-B-01421,21/3/2025 11:23:41,,subse.nafriocuarto@gmail.com,I Pirovano 129,,,,Macarena Gallardo,,,3585174290,,7,1,Sí,Sí,0,No,,No,,No,,Sí,Sí,No,,,,,,No,No,No,,No,Sí,Sí,Centro Periférico 9,Sí,No,3,,,,,,,,
Alberdi (70 Viviendas),GS-B-01422,21/3/2025 11:24:40,,sonialiliana91@gmail.com,Pje Tessitore 177,,,,,,,,,3,1,Sí,Sí,,No,,No,,No,,Sí,Sí,No,,,,,,No,,,,No,Sí,No,,No,No,3,,,,,,,,
Alberdi (70 Viviendas),GS-B-01423,21/3/2025 11:29:47,,natyvgomez2011@gmail.com,Luis pasteur y serrano,,,,Debora,,,3584851542,,7,4,Sí,No,0,No,,No,,No,,Sí,Sí,No,,,,,,No,,,,No,Sí,Sí,Centro Periférico 9,Sí,No,4,,,,,,,,
Alberdi (70 Viviendas),GS-B-01424,21/3/2025 11:34:06,,andreadascencio@gmail.com,Pasteurizado 1791,,,,Diego,,,3585749084,,5,2,Sí,No,,No,,Sí,,No,,Sí,No,No,,,,,,No,,,,No,Sí,Sí,Centro Periférico 9,Sí,No,2,,,,,,,,
Alberdi (70 Viviendas),GS-B-01425,21/3/2025 11:34:13,,sonialiliana91@gmail.com,Pje Tessitore 179,,,,Jose,,,3584226255,,5,3,Sí,Sí,0,No,,Sí,,No,,Sí,Sí,No,,,,,,No,,,,No,Sí,Sí,Centro Periférico 9,Sí,No,3,,,,,,,,
Alberdi (70 Viviendas),GS-B-01426,21/3/2025 11:45:34,,andreadascencio@gmail.com,Pasteurizado 1749,,,,Estala taborda,,,3584242410,,3,1,Sí,No,,No,,No,,No,,Sí,Sí,Sí,Discapacidad sensorial: Agrupa la pérdida de capacidades auditivas (sordera) y visuales (ceguera y baja visión).,Sí,No,,Ayuda y trabajo,No,,,,No,Sí,Sí,Centro Periférico 1,Sí,No,2,,,,,,,,
Alberdi (70 Viviendas),GS-B-01427,21/3/2025 11:47:13,,natyvgomez2011@gmail.com,,,,,Maria Angelica,,,3585145580,,4,1,Sí,No,0,No,,No,,No,,Sí,Sí,Sí,Discapacidad sensorial: Agrupa la pérdida de capacidades auditivas (sordera) y visuales (ceguera y baja visión).,Sí,No,,,Sí,Sí,No,,No,Sí,Sí,Centro Periférico 9,Sí,No,4,,,,,,,,
Alberdi (70 Viviendas),GS-B-01428,26/3/2025 16:08:12,,fabre.roger.m@gmail.com,Troperos 1623,,,,,,,,,4,2,Sí,No,1,No,,Sí,,Sí,,Sí,No,No,,,,,,No,,,,No,Sí,Sí,Centro Periférico 9,Sí,No,4,,,,,,,,
Alberdi (70 Viviendas),GS-B-01429,1/4/2025 9:57:09,,kg9793067@gmail.com,Tucumana 1720,,,,Maria Luisa,,,,,4,0,No hay menores,Sí,1,No,,No,,Sí,,Sí,Sí,No,,,,,,Sí,Sí,No,,No,No residen niños en el hogar,Sí,Centro Periférico 9,No,Sí,4,,,,,,,,
La Agustina (Av. Argentina),GS-B-01430,8/4/2025 8:59:15,,florenciaoviedo273@gmail.com,Colombia 329,,,,Miriam,,,,,1,0,No hay menores,No,0,No,,No,,No,,Sí,Sí,No,,,,,,Sí,Sí,Sí,Vecinal la agustina,No,No residen niños en el hogar,No,,No,No,4,,,,,,,,
La Agustina (Av. Argentina),GS-B-01431,8/4/2025 9:01:15,,fsisalli87@gmail.com,Colombia 258,,,,María Fernanda pinto molina,,,3518753399,,3,1,Sí,No,0,No,,Sí,,No,,Sí,Sí,Sí,"Discapacidad física: Incluye limitaciones en la movilidad y funciones físicas, como la paraplejia, amputaciones y trastornos del movimiento.",No,Sí,,,No,,,,No,Sí,Sí,Centro Periférico 2,No,No,4,,,,,,,,
La Agustina (Av. Argentina),GS-B-01432,8/4/2025 9:01:59,,fedeh.bonacci@gmail.com,Santa fe 223,,,,Yudit,,,,,3,0,No hay menores,No,0,No,,No,,No,,Sí,Sí,No,,,,,,Sí,No,No,,No,No residen niños en el hogar,Sí,S24 Banda Norte,No,No,4,,,,,,,,
La Agustina (Av. Argentina),GS-B-01433,8/4/2025 9:05:38,,florenciaoviedo273@gmail.com,Colombian 333,,,,Alexandra,,,,,6,2,Sí,No,0,No,,No,,No,,Sí,Sí,No,,,,,,No,No,No,,No,Sí,Sí,S24 Banda Norte,No,No,4,,,,,,,,
La Agustina (Av. Argentina),GS-B-01434,8/4/2025 9:08:10,,primitivamanuel@gmail.com,Av argentina 209,,,,Zulema angelina mitre,,,3584819111,,1,0,No hay menores,Sí,0,No,,No lo sé,,No,,No,No,No,,,,,,Sí,Sí,No,,No,No,Sí,,Sí,No,4,,,,,,,,
La Agustina (Av. Argentina),GS-B-01435,8/4/2025 9:09:42,,noeliaben89@gmail.com,Misiones 229,,,,Ruben,,,,,1,0,No hay menores,Sí,0,No,,No,,No,,Sí,Sí,No,,,,,,No,No,No,,No,No residen niños en el hogar,Sí,Centro Periférico 10,No,No,4,,,,,,,,
La Agustina (Av. Argentina),GS-B-01436,8/4/2025 9:09:49,,fedeh.bonacci@gmail.com,Santa fe 237 depto 1,,,,Blanca,,,,,3,1,No,No,0,No,,Sí,,No,,Sí,Sí,No,,,,,,Sí,Sí,No,,No,Sí,Sí,,Sí,No,4,,,,,,,,
La Agustina (Av. Argentina),GS-B-01437,8/4/2025 9:10:45,,yamilagallardo79@gmail.com,,,,,dorila,,,,,1,0,No hay menores,Sí,0,No,,No,,No,,Sí,No,No,,,,,,Sí,Sí,No,,No,No residen niños en el hogar,No,,Sí,No,4,,,,,,,,
La Agustina (Av. Argentina),GS-B-01438,8/4/2025 9:11:17,,ceballosmarcela33@gmail.com,Colombia 110,,,,Susana,,,,,5,2,Sí,No,0,No,,No,,No,,Sí,Sí,No,,,,,,No,No,No,,No,Sí,No,,No,No,4,,,,,,,,
La Agustina (Av. Argentina),GS-B-01439,8/4/2025 9:13:17,,florenciaoviedo273@gmail.com,Colombia 349,,,,Viviana,,,,,2,0,No hay menores,No,0,No,,No,,No,,No,No,No,,,,,,Sí,No,No,,No,No residen niños en el hogar,No,,No,No,4,,,,,,,,
La Agustina (Av. Argentina),GS-B-01440,8/4/2025 9:15:02,,jessicarossamarin@gmail.com,Colombia y Muñiz cuerpo 1 pbi,,,,Bringas elizabeth,,,3584245897,,1,0,No hay menores,No,0,No,,No,,No,,Sí,Sí,No,,,,,,No,,,,No,No residen niños en el hogar,Sí,,No,No,4,,,,,,,,
La Agustina (Av. Argentina),GS-B-01441,8/4/2025 9:15:25,,noeliaben89@gmail.com,Misiones 240,,,,Claudia,,,,,3,0,No hay menores,No,0,No,,No,,No,,Sí,Sí,No,,,,,,Sí,No,No,,No,No residen niños en el hogar,Sí,Centro Periférico 10,No,No,3,,,,,,,,
La Agustina (Av. Argentina),GS-B-01442,8/4/2025 9:17:04,,gnesuttamarcelo10@gmail.com,Av argentina 680,,,,Cristina,,,3484303247,,3,1,No hay menores,No,0,No,,No,,No,,Sí,Sí,No,,,,,,Sí,Sí,No,,No,Sí,Sí,Centro Periférico 10,No,No,4,,,,,,,,
La Agustina (Av. Argentina),GS-B-01443,8/4/2025 9:17:06,,natyvgomez2011@gmail.com,,,,,Ana,,,3586009232,,2,0,No hay menores,No,0,No,,No,,No,,Sí,Sí,No,,,,,,Sí,Sí,No,,No,No residen niños en el hogar,No,,No,No,4,,,,,,,,
La Agustina (Av. Argentina),GS-B-01444,8/4/2025 9:17:12,,yamilagallardo79@gmail.com,,,,,,,,,,1,0,No hay menores,Sí,,No,,No,,No,,Sí,Sí,No,,,,,,No,,,,No,No residen niños en el hogar,Sí,"Hospital Regional ""San Antonio de Padua""",No,No,4,,,,,,,,
La Agustina (Av. Argentina),GS-B-01445,8/4/2025 9:18:54,,kg9793067@gmail.com,Sanluis 450,,,,Javier,,,3585723903,,3,1,No,No,1,No,,No,,No,,Sí,Sí,No,,,,,,No,,,,No,Sí,Sí,Centro Periférico 10,Sí,No,4,,,,,,,,
La Agustina (Av. Argentina),GS-B-01446,8/4/2025 9:19:20,,gferrer214@gmail.com,,,,,Marcela Irusta,,,,,4,3,Sí,No,0,No,,Sí,,Sí,,Sí,Sí,Sí,"Discapacidad del aprendizaje: Incluye dificultades específicas de aprendizaje, como la dislexia y el trastorno por déficit de atención e hiperactividad (TDAH).",No lo sé,No,,No sabe,Sí,Sí,No,,No,Sí,Sí,Centro Periférico 10,Sí,No,1,,,,,,,,
La Agustina (Av. Argentina),GS-B-01447,8/4/2025 9:20:12,,clavelguillermo@gmail.com,,,,,,,,,,5,1,No,No,0,No,,Sí,,No,,Sí,Sí,No,,,,,,No,,,,No,Sí,Sí,Centro Periférico 10,No,No,4,,,,,,,,
La Agustina (Av. Argentina),GS-B-01448,8/4/2025 9:20:22,,primitivamanuel@gmail.com,Av. Argentina 289,,,,Andrea Ortiz,,,3584173536,,4,0,No hay menores,No,,No,,No,,No,,Sí,Sí,No,,,,,,Sí,Sí,Sí,,No,No residen niños en el hogar,Sí,,Sí,No,4,,,,,,,,
La Agustina (Av. Argentina),GS-B-01449,8/4/2025 9:20:44,,fedeh.bonacci@gmail.com,Santa fe 321,,,,Miguel gill,,,,,3,1,No hay menores,Sí,0,No,,No,,No,,Sí,Sí,No,,,,,,No,No,,,No,Sí,No,,No,No,4,,,,,,,,
La Agustina (Av. Argentina),GS-B-01450,8/4/2025 9:20:57,,melinacretton@gmail.com,Pasaje Chubut 340,,,,Alejandro,,,3584267594 alejandrevalo@gmail.com,,2,0,No hay menores,No,0,No,,No,,No,,Sí,Sí,No,,,,,,Sí,Sí,Sí,,No,No residen niños en el hogar,Sí,S24 Banda Norte,Sí,No,4,,,,,,,,
La Agustina (Av. Argentina),GS-B-01451,8/4/2025 9:21:16,,fernandocha156@gmail.com,Av argentina y san luis,,,,Guzman  pamela,,,358 4300797,,4,3,Sí,Sí,0,No,,Sí,,No,,Sí,Sí,Sí,"Discapacidad física: Incluye limitaciones en la movilidad y funciones físicas, como la paraplejia, amputaciones y trastornos del movimiento.",Sí,No,No participa de nada,No tenia idea,No,No,No,No asisten a ningumo,No,Sí,Sí,Centro Periférico 10,Sí,No,4,,,,,,,,
La Agustina (Av. Argentina),GS-B-01452,8/4/2025 9:22:13,,florenciaoviedo273@gmail.com,Colombia 351,,,,Zoraida,,,,,2,0,No hay menores,No,0,No,,No,,No,,Sí,No,No,,,,,,Sí,Sí,Sí,Isabel la católica,No,No residen niños en el hogar,Sí,S24 Banda Norte,No,No,4,,,,,,,,
La Agustina (Av. Argentina),GS-B-01453,8/4/2025 9:23:01,,jessicarossamarin@gmail.com,,,,,,,,,,1,0,No hay menores,No,,No,,No,,No,,Sí,Sí,No,,,,,,Sí,Sí,No,,No,No residen niños en el hogar,No,,Sí,No,4,,,,,,,,
La Agustina (Av. Argentina),GS-B-01454,8/4/2025 9:24:44,,andreagabrielaviloria@gmail.com,Pasaje Santa Cruz 226,,,,Nancy,,,35813738914,,7,2,Sí,Sí,0,No,,No,,No,,Sí,Sí,Sí,Discapacidad sensorial: Agrupa la pérdida de capacidades auditivas (sordera) y visuales (ceguera y baja visión).,No,No,,Por falta de programas,Sí,Sí,No,,No,Sí,Sí,"Hospital Regional ""San Antonio de Padua""",No,No,4,,,,,,,,
La Agustina (Av. Argentina),GS-B-01455,8/4/2025 9:25:11,,noeliaben89@gmail.com,Misiones 345,,,,Ester,,,,,3,3,No hay menores,No,0,No,,No,,No,,Sí,Sí,No,,,,,,Sí,No,No lo sé,Presupuesto,No,No residen niños en el hogar,No,,No,No,4,,,,,,,,
La Agustina (Av. Argentina),GS-B-01456,8/4/2025 9:26:39,,fedeh.bonacci@gmail.com,Santa fe 327,,,,,,,,,2,0,No hay menores,Sí,,No,,No,,No,,Sí,Sí,No,,,,,,Sí,Sí,Sí,Isabel La catolica Centro de Jubilados.,No,No residen niños en el hogar,No,,Sí,No,4,,,,,,,,
La Agustina (Av. Argentina),GS-B-01457,8/4/2025 9:26:47,,ceballosmarcela33@gmail.com,Colombia 219,,,,Marcela,,,,,2,0,No,No,1,No,,No,,No,,Sí,No,No,,,,,,Sí,Sí,Sí,Centro de jubilados Isabel católica 69,No,No residen niños en el hogar,No,,No,No,4,,,,,,,,
La Agustina (Av. Argentina),GS-B-01458,8/4/2025 9:27:48,,yamilagallardo79@gmail.com,,,,,,,,,,4,0,No hay menores,No,,No,,No,,No,,Sí,Sí,Sí,Discapacidad sensorial: Agrupa la pérdida de capacidades auditivas (sordera) y visuales (ceguera y baja visión).,No,No,,,Sí,,No,,No,No residen niños en el hogar,Sí,S24 Banda Norte,Sí,No,4,,,,,,,,
La Agustina (Av. Argentina),GS-B-01459,8/4/2025 9:29:10,,gnesuttamarcelo10@gmail.com,Av Argent na 677 depto A,,,,Maria del Carmen,,,3485613300,,3,0,No hay menores,Sí,1,No,,Sí,,No,,Sí,Sí,No,,,,,,No,,,,No,No residen niños en el hogar,Sí,Centro Periférico 13,Sí,No,4,,,,,,,,
La Agustina (Av. Argentina),GS-B-01460,8/4/2025 9:30:25,,noeliaben89@gmail.com,Misiones353,,,,Ester,,,,,2,0,No hay menores,No,0,No,,No,,No,,Sí,Sí,No,,,,,,Sí,No,No,Tiempo,No,No residen niños en el hogar,No,,Sí,No,4,,,,,,,,
La Agustina (Av. Argentina),GS-B-01461,8/4/2025 9:30:26,,primitivamanuel@gmail.com,Av.argentina 337,,,,Gomzales Walter domingo,,,,,3,0,No hay menores,Sí,1,No,,No,,No,,Sí,No,No,,,,,,No,,,,No,No residen niños en el hogar,Sí,S24 Banda Norte,Sí,No,4,,,,,,,,
La Agustina (Av. Argentina),GS-B-01462,8/4/2025 9:32:52,,jessicarossamarin@gmail.com,,,,,,,,,,3,0,No hay menores,No,,No,,No,,No,,Sí,Sí,No,,,,,,Sí,Sí,No,,No,No residen niños en el hogar,No,,No,No,4,,,,,,,,
La Agustina (Av. Argentina),GS-B-01463,8/4/2025 9:33:51,,noeliaben89@gmail.com,Misiones 371,,,,Osacar,,,,,3,0,No hay menores,No,0,No,,Sí,,Sí,,No,No,No,,,,,,Sí,Sí,No,,No,No residen niños en el hogar,Sí,Centro Periférico 10,No,No,3,,,,,,,,
La Agustina (Av. Argentina),GS-B-01464,8/4/2025 9:35:19,,fernandocha156@gmail.com,Av argentina y san luis,,,,Carransa silvina,,,,,6,5,Sí,Sí,3,No,,No,,Sí,,Sí,Sí,No,,,,,,No,No,No,No,No,Sí,Sí,Centro Periférico 10,No,No,2,,,,,,,,
La Agustina (Av. Argentina),GS-B-01465,8/4/2025 9:35:23,,melinacretton@gmail.com,Pje Chubut 492,,,,Alicia,,,3584110871,,2,0,No hay menores,Sí,0,No,,No,,No,,Sí,No,No,,,,,,Sí,Sí,No,,No,No residen niños en el hogar,Sí,S24 Banda Norte,No,No,4,,,,,,,,
La Agustina (Av. Argentina),GS-B-01466,8/4/2025 9:35:32,,clavelguillermo@gmail.com,,,,,,,,,,1,1,No hay menores,Sí,,No,,No,,No,,No,No,No,,,,,,Sí,Sí,No,,No,No residen niños en el hogar,No,,Sí,No,4,,,,,,,,
La Agustina (Av. Argentina),GS-B-01467,8/4/2025 9:35:53,,juancruzel9@gmail.com,Pasaje santa cruz 235,,,,Lidia Margarita,,,,,2,0,No hay menores,No,0,No,,No,,No,,Sí,No,Sí,"Discapacidad física: Incluye limitaciones en la movilidad y funciones físicas, como la paraplejia, amputaciones y trastornos del movimiento.",No,No,,,Sí,Sí,No,,No,No residen niños en el hogar,Sí,,Sí,No,4,,,,,,,,
La Agustina (Av. Argentina),GS-B-01468,8/4/2025 9:37:56,,fedeh.bonacci@gmail.com,Sants fe 380,,,,,,,,,4,2,Sí,No,0,No,,No,,No,,Sí,Sí,No,,,,,,No,No,No,,No,Sí,No,,No,No,4,,,,,,,,
La Agustina (Av. Argentina),GS-B-01469,8/4/2025 9:38:25,,florenciaoviedo273@gmail.com,Colombia 527,,,,Héctor,,,,,2,0,No hay menores,No,0,No,,No,,No,,Sí,Sí,No,,,,,,No,No,No,,No,No residen niños en el hogar,No,,No,No,3,,,,,,,,
La Agustina (Av. Argentina),GS-B-01470,8/4/2025 9:41:25,,juancruzel9@gmail.com,Pasaje santa cruz 246,,,,Luis,,,,,2,0,No hay menores,No,0,No,,No,,No,,Sí,Sí,No,,,,,,Sí,Sí,No,,No,No residen niños en el hogar,No,,Sí,No,4,,,,,,,,
La Agustina (Av. Argentina),GS-B-01471,8/4/2025 9:42:16,,jessicarossamarin@gmail.com,,,,,Nilda,,,8642234,,1,0,No hay menores,No,,No,,No,,No,,Sí,No,No,,,,,,Sí,Sí,No,,No,No residen niños en el hogar,No,,Sí,No,4,,,,,,,,
La Agustina (Av. Argentina),GS-B-01472,8/4/2025 9:45:31,,andreagabrielaviloria@gmail.com,Pje Santa Cruz 284,,,,Gerónimo Nievas,,,,,3,0,No hay menores,Sí,0,No,,No,,No,,Sí,Sí,No,,,,,,Sí,Sí,No,,No,No residen niños en el hogar,No,,No,No,4,,,,,,,,
La Agustina (Av. Argentina),GS-B-01473,8/4/2025 9:45:57,,fedeh.bonacci@gmail.com,Sant afe 434 A,,,,,,,,,3,2,No hay menores,No,0,Sí,No,No lo sé,,No lo sé,,Sí,Sí,No,,,,,,No,,,,No,Sí,No lo sé,,No,No,4,,,,,,,,
La Agustina (Av. Argentina),GS-B-01474,8/4/2025 9:47:15,,natyvgomez2011@gmail.com,Av Argentina 300,,,,Isabel,,,3585609859,,3,0,No hay menores,No,0,No,,No,,No,,Sí,No,No,,,,,,Sí,Sí,Sí,Centro jubilados Banda norte,No,No residen niños en el hogar,No,,No,No,4,,,,,,,,
La Agustina (Av. Argentina),GS-B-01475,8/4/2025 9:48:51,,munnozfede@gmail.com,Con Chara Concharava 418,,,,Diego Velázquez,,,3585738475,,6,3,Sí,Sí,5,Sí,Sí,No,,Sí,,Sí,No,Sí,"Discapacidad intelectual: Comprende condiciones que afectan el funcionamiento cognitivo y la capacidad de aprendizaje, como el síndrome de Down y otros trastornos del desarrollo intelectual.",No,No,,No tiene domicilio en Río Cuarto,No,,,,No,Sí,Sí,S24 Banda Norte,No,No,1,,,,,,,,
La Agustina (Av. Argentina),GS-B-01476,8/4/2025 9:49:27,,fedeh.bonacci@gmail.com,Santa fe 420,,,,,,,,,1,1,No hay menores,No,,No,,No,,No,,Sí,Sí,No,,,,,,Sí,Sí,No,,No,No residen niños en el hogar,No,,No,No,4,,,,,,,,
La Agustina (Av. Argentina),GS-B-01477,8/4/2025 9:52:02,,jessicarossamarin@gmail.com,,,,,Perla,,,3585047722,,2,1,Sí,No,,No,,No,,No,,Sí,Sí,No,,,,,,No,,,,No,Sí,No,,No,No,4,,,,,,,,
La Agustina (Av. Argentina),GS-B-01478,8/4/2025 9:52:52,,juancruzel9@gmail.com,Pasaje santa cruz 274,,,,Dardo Nestor Romero,,,,,5,2,Sí,No,0,No,,No,,No,,Sí,Sí,No,,,,,,No,,,,No,Sí,Sí,,No,No,4,,,,,,,,
La Agustina (Av. Argentina),GS-B-01479,8/4/2025 9:54:40,,munnozfede@gmail.com,Cochancharava 419,,,,Debora,,,3584374901,,5,2,Sí,Sí,1,No,,Sí,,Sí,,Sí,Sí,Sí,"Discapacidad intelectual: Comprende condiciones que afectan el funcionamiento cognitivo y la capacidad de aprendizaje, como el síndrome de Down y otros trastornos del desarrollo intelectual.",Sí,No,,,No,,,,No,Sí,Sí,Centro Periférico 10,No,No,2,,,,,,,,
La Agustina (Av. Argentina),GS-B-01480,8/4/2025 9:55:42,,primitivamanuel@gmail.com,Av argentina 435,,,,Luis,,,No,,2,0,No hay menores,Sí,,Sí,No,No,,No,,Sí,No,No,,,,,,Sí,Sí,Sí,Banda norte,No,No residen niños en el hogar,No,,Sí,No,4,,,,,,,,
La Agustina (Av. Argentina),GS-B-01481,8/4/2025 10:02:24,,clavelguillermo@gmail.com,,,,,,,,,,2,0,No hay menores,No,0,No,,No,,No,,Sí,Sí,No,,,,,,Sí,Sí,No,,No,Sí,No,,No,No,4,,,,,,,,
La Agustina (Av. Argentina),GS-B-01482,8/4/2025 10:02:43,,fernandocha156@gmail.com,Avenida argentina 420,,,,Soledad,,,Soledad lencina,,4,0,No hay menores,No,0,No,,No,,No,,Sí,Sí,No,,,,,,No,No,No,,No,Sí,Sí,Centro Periférico 11,No,No,2,,,,,,,,
La Agustina (Av. Argentina),GS-B-01483,8/4/2025 10:04:39,,jessicarossamarin@gmail.com,,,,,Lidia,,,,,2,0,No hay menores,No,,No,,No,,No,,Sí,Sí,No,,,,,,Sí,Sí,No,,No,No residen niños en el hogar,Sí,Centro Periférico 11,No,No,4,,,,,,,,
La Agustina (Av. Argentina),GS-B-01484,8/4/2025 10:07:08,,fedeh.bonacci@gmail.com,Santa 335,,,,,,,,,1,0,No hay menores,Sí,0,No,,No,,No,,Sí,Sí,No,,,,,,Sí,Sí,No,,No,No residen niños en el hogar,Sí,S24 Banda Norte,Sí,No,4,,,,,,,,
La Agustina (Av. Argentina),GS-B-01485,8/4/2025 10:10:41,,juancruzel9@gmail.com,Pasaje Santa Cruz 354,,,,Santiago,,,,,6,2,Sí,Sí,1,No,,No,,No,,Sí,Sí,No,,,,,,No,,,,No,Sí,No,,No,No,4,,,,,,,,
La Agustina (Av. Argentina),GS-B-01486,8/4/2025 10:12:17,,jessicarossamarin@gmail.com,,,,,Mariana,,,3585166370,,6,2,Sí,Sí,,No,,Sí,,No,,Sí,Sí,No,,,,,,No,,,,No,Sí,Sí,Centro Periférico 8,No,No,4,,,,,,,,
La Agustina (Av. Argentina),GS-B-01487,8/4/2025 10:13:01,,fernandocha156@gmail.com,Av argentina 420,,,,Yesica magallanes,,,358 6102578,,5,4,Sí,Sí,0,No,,Sí,,No,,Sí,Sí,No,,,,,,No,No,No,No asisten a ninguna,No,Sí,Sí,Centro Periférico 10,Sí,No,4,,,,,,,,
La Agustina (Av. Argentina),GS-B-01488,8/4/2025 10:14:28,,natyvgomez2011@gmail.com,Av Argentina Entre Misiones y Llay Llay,,,,Rosana,,,3584901845,,2,0,No hay menores,No,0,No,,No,,No,,Sí,Sí,No,,,,,,No,,,,No,No residen niños en el hogar,Sí,Centro Periférico 10,Sí,No,4,,,,,,,,
La Agustina (Av. Argentina),GS-B-01489,8/4/2025 10:15:01,,nani.83chaves@gmail.com,Chile 388,,,,,,,,,3,0,No,No,0,No,,No,,No,,Sí,Sí,No,,,,,,Sí,Sí,No,,No,No residen niños en el hogar,Sí,S24 Banda Norte,Sí,No,4,,,,,,,,
La Agustina (Av. Argentina),GS-B-01490,8/4/2025 10:15:17,,clavelguillermo@gmail.com,,,,,,,,,,5,0,No hay menores,No,0,No,,No,,No,,Sí,Sí,No,,,,,,No,No,No,,No,Sí,No,,No,No,4,,,,,,,,
La Agustina (Av. Argentina),GS-B-01491,8/4/2025 10:15:57,,maxibuch87@gmail.com,Llay Llay 223,,,,Cesar Sebastián Romero,,,358176399,,2,0,No hay menores,No,0,No,,Sí,,No,,Sí,Sí,No,,,,,,No,,,,No,No residen niños en el hogar,Sí,Centro Periférico 10,Sí,No,2,,,,,,,,
La Agustina (Av. Argentina),GS-B-01492,8/4/2025 10:16:56,,fabre.roger.m@gmail.com,Conchancharaba 306,,,,Norma (Sheila) apodo,,,3585746557,,2,0,No hay menores,No,0,No,,No,,No,,Sí,Sí,No,,,,,,No,No,No,,No,No residen niños en el hogar,Sí,S24 Banda Norte,Sí,No,2,,,,,,,,
La Agustina (Av. Argentina),GS-B-01493,8/4/2025 10:20:34,,nani.83chaves@gmail.com,Chile 394,,,,,,,,,5,0,No hay menores,No,0,No,,No,,No,,Sí,Sí,No,,,,,,Sí,Sí,No,,No,No residen niños en el hogar,No,,Sí,No,4,,,,,,,,
La Agustina (Av. Argentina),GS-B-01494,8/4/2025 10:22:50,,jessicarossamarin@gmail.com,,,,,Sandra benitez,,,3586002540,,3,0,No hay menores,Sí,,No,,No,,No,,Sí,Sí,No,,,,,,No,,,,No,No residen niños en el hogar,No,,Sí,No,4,,,,,,,,
La Agustina (Av. Argentina),GS-B-01495,8/4/2025 10:25:12,,clavelguillermo@gmail.com,,,,,,,,,,5,2,No,Sí,0,No,,No lo sé,,No,,Sí,Sí,No,,,,,,No,,,,No,Sí,No,,No,No,4,,,,,,,,
La Agustina (Av. Argentina),GS-B-01496,8/4/2025 10:25:32,,poncelautaro899@gmail.com,,,,,Mariel,,,3586004976,,3,1,Sí,Sí,,No,,No,,No,,Sí,Sí,No,,,,,,No,No,,,No,Sí,Sí,Centro Periférico 15,No,No,4,,,,,,,,
La Agustina (Av. Argentina),GS-B-01497,8/4/2025 10:25:54,,fernandocha156@gmail.com,Av argentina 520,,,,Agustin magallanes,,,3584855434,,3,0,No hay menores,No,0,No,,No,,No,,Sí,Sí,Sí,Discapacidad sensorial: Agrupa la pérdida de capacidades auditivas (sordera) y visuales (ceguera y baja visión).,No,No,,,Sí,Sí,No,,No,No residen niños en el hogar,Sí,Centro Periférico 10,Sí,No,2,,,,,,,,
La Agustina (Av. Argentina),GS-B-01498,8/4/2025 10:27:24,,maxibuch87@gmail.com,Llay llay 235,,,,Yamila Viera,,,3585603399,,5,0,No hay menores,No,0,No,,No,,No,,Sí,Sí,No,,,,,,No,,,,No,No residen niños en el hogar,No,,Sí,No,4,,,,,,,,
La Agustina (Av. Argentina),GS-B-01499,8/4/2025 10:28:48,,nani.83chaves@gmail.com,Chile 434,,,,,,,,,1,0,No hay menores,No,0,No,,No,,No,,Sí,Sí,No,,,,,,Sí,Sí,No,,No,No residen niños en el hogar,No,Centro Periférico 9,Sí,No,4,,,,,,,,
La Agustina (Av. Argentina),GS-B-01500,8/4/2025 10:30:40,,jessicarossamarin@gmail.com,,,,,Teresa,,,154170919,,1,0,No hay menores,No,,No,,No,,No,,Sí,Sí,No,,,,,,Sí,Sí,No,NO hay centro cerca,No,No residen niños en el hogar,No,,No,No,4,,,,,,,,
La Agustina (Av. Argentina),GS-B-01501,8/4/2025 10:31:45,,valenpereletegui@gmail.com,Chile 539,,,,,,,,,1,0,No hay menores,No,0,No,,No,,No,,Sí,Sí,No,,,,,,Sí,Sí,Sí,Isabel la catolica,No,Sí,No,,No,No,4,,,,,,,,
La Agustina (Av. Argentina),GS-B-01502,8/4/2025 10:33:48,,nani.83chaves@gmail.com,Chile 442,,,,,,,,,2,0,No hay menores,No,0,No,,No,,No,,Sí,Sí,Sí,Discapacidad sensorial: Agrupa la pérdida de capacidades auditivas (sordera) y visuales (ceguera y baja visión).,No,No,,,Sí,Sí,No,,No,No residen niños en el hogar,No,,No,No,4,,,,,,,,
La Agustina (Av. Argentina),GS-B-01503,8/4/2025 10:36:21,,primitivamanuel@gmail.com,Av argentina 677 b,,,,Ana maria,,,3586545598,,4,0,No hay menores,Sí,0,No,,No,,No,,Sí,Sí,Sí,"Discapacidad intelectual: Comprende condiciones que afectan el funcionamiento cognitivo y la capacidad de aprendizaje, como el síndrome de Down y otros trastornos del desarrollo intelectual.",Sí,Sí,Imsisa,,Sí,Sí,No,,No,No residen niños en el hogar,Sí,Centro Periférico 2,Sí,No,4,,,,,,,,
La Agustina (Av. Argentina),GS-B-01504,8/4/2025 10:36:41,,jessicarossamarin@gmail.com,,,,,Ana serpez,,,,,2,0,No hay menores,No,,No,,No,,No,,Sí,No,No,,,,,,Sí,Sí,No,,No,No residen niños en el hogar,No,,Sí,No,2,,,,,,,,
La Agustina (Av. Argentina),GS-B-01505,8/4/2025 10:37:41,,valenpereletegui@gmail.com,Chile 557,,,,,,,,,5,3,Sí,No,0,No,,No,,No,,Sí,Sí,No,,,,,,No,No,No,,No,Sí,No,,No,No,2,,,,,,,,
La Agustina (Av. Argentina),GS-B-01506,8/4/2025 10:41:35,,maxibuch87@gmail.com,Llay llay 317,,,,Gil edgard,,,3586830595,,2,0,No hay menores,No,0,No,,No,,No,,Sí,No,No,,,,,,No,,,,No,No residen niños en el hogar,Sí,S24 Banda Norte,Sí,No,4,,,,,,,,
La Agustina (Av. Argentina),GS-B-01507,8/4/2025 10:41:54,,fernandocha156@gmail.com,Av argentina 422,,,,Water edgar vargaz,,,358 6026607,,8,6,Sí,Sí,2,No,,Sí,,No,,Sí,No,No,,,,,,Sí,No,No,,No,Sí,Sí,Centro Periférico 10,No,No,2,,,,,,,,
La Agustina (Av. Argentina),GS-B-01508,8/4/2025 10:42:57,,nani.83chaves@gmail.com,Chile 480,,,,,,,,,5,2,Sí,No,0,No,,No,,No,,Sí,Sí,No,,,,,,No,No,No,,Sí,Sí,Sí,Centro Periférico 10,Sí,No,4,,,,,,,,
La Agustina (Av. Argentina),GS-B-01509,8/4/2025 10:43:06,,clavelguillermo@gmail.com,,,,,,,,,,4,1,Sí,No,,No,,No,,No,,Sí,Sí,No,,,,,,Sí,Sí,No,,No,Sí,Sí,Centro Periférico 16,Sí,No,3,,,,,,,,
La Agustina (Av. Argentina),GS-B-01510,8/4/2025 10:51:37,,fernandocha156@gmail.com,AV a rgentina 450,,,,Eliana gennero,,,3584848713,,5,3,Sí,No,0,No,,Sí,,No,,Sí,Sí,No,,,,,,No,No,No,,No,Sí,Sí,Centro Periférico 9,No,No,4,,,,,,,,
La Agustina (Av. Argentina),GS-B-01511,8/4/2025 10:54:38,,jessicarossamarin@gmail.com,Trapalanda,,,,Mercedes,,,358155612741,,1,0,No hay menores,No,,No,,No,,No,,Sí,Sí,No,,,,,,Sí,Sí,Sí,Peam,No,No residen niños en el hogar,No,,Sí,No,3,,,,,,,,
La Agustina (Av. Argentina),GS-B-01512,8/4/2025 10:58:04,,clavelguillermo@gmail.com,,,,,,,,,,2,0,No hay menores,Sí,,No,,No,,No,,Sí,Sí,Sí,Discapacidad sensorial: Agrupa la pérdida de capacidades auditivas (sordera) y visuales (ceguera y baja visión).,Sí,No,,Esta su mamá,Sí,Sí,No,,No,Sí,No,,Sí,No,4,,,,,,,,
La Agustina (Av. Argentina),GS-B-01513,8/4/2025 11:00:41,,jessicarossamarin@gmail.com,,,,,Walter,,,155184101,,4,0,No hay menores,No,,No,,No,,No,,Sí,Sí,No,,,,,,Sí,Sí,No,,No,No residen niños en el hogar,Sí,Centro Periférico 2,Sí,No,4,,,,,,,,
La Agustina (Av. Argentina),GS-B-01514,8/4/2025 11:04:41,,natyvgomez2011@gmail.com,Av Argentina Al 300,,,,Mabel,,,,,3,1,Sí,Sí,0,No,,No,,No,,Sí,Sí,No,,,,,,No,,,,No,Sí,Sí,Centro Periférico 10,No,No,4,,,,,,,,
La Agustina (Av. Argentina),GS-B-01515,8/4/2025 11:05:05,,fernandocha156@gmail.com,Av argentina 460,,,,Andrea dominguez,,,358 154 171 362,,4,1,Sí,No,0,No,,No,,No,,Sí,Sí,Sí,Discapacidad sensorial: Agrupa la pérdida de capacidades auditivas (sordera) y visuales (ceguera y baja visión).,No,No,No asisten,No asisten,Sí,No,No,No asisten,No,Sí,Sí,Centro Periférico 10,Sí,No,3,,,,,,,,
La Agustina (Av. Argentina),GS-B-01516,8/4/2025 11:07:52,,clavelguillermo@gmail.com,,,,,,,,,,3,1,No,No,,No,,No,,No,,Sí,Sí,No,,,,,,No,,,,No,Sí,Sí,S24 Banda Norte,No,No,4,,,,,,,,
La Agustina (Av. Argentina),GS-B-01517,8/4/2025 11:13:12,,natyvgomez2011@gmail.com,Av Argentina 537,,,,Andrea,,,3585129137,,2,0,No hay menores,No,0,No,,No,,No,,Sí,No,No,,,,,,No,No,No,,No,No residen niños en el hogar,Sí,Centro Periférico 10,No,No,4,,,,,,,,
La Agustina (Av. Argentina),GS-B-01518,8/4/2025 11:15:56,,gnesuttamarcelo10@gmail.com,Av argentina 524,,,,Armando gacitua,,,3584385983,,4,0,No hay menores,No,0,No,,No,,No,,Sí,Sí,No,,,,,,Sí,Sí,No,,No,No residen niños en el hogar,Sí,Centro Periférico 13,No,No,4,,,,,,,,
La Agustina (Av. Argentina),GS-B-01519,8/4/2025 11:18:36,,fernandocha156@gmail.com,Av argentina 550,,,,Irma,,,Irma figueroa,,5,4,Sí,Sí,2,No,,Sí,,Sí,,Sí,Sí,Sí,Discapacidad sensorial: Agrupa la pérdida de capacidades auditivas (sordera) y visuales (ceguera y baja visión).,Sí,No,,No sabe de q se trata,No,No,No,,No,Sí,Sí,Centro Periférico 10,No,No,4,,,,,,,,
La Agustina (Av. Argentina),GS-B-01520,8/4/2025 11:33:58,,natyvgomez2011@gmail.com,Av Argentina 552,,,,Rodolfo,,,,,2,0,No,No,0,No,,No,,No,,Sí,No,No,,,,,,Sí,Sí,No,,No,No residen niños en el hogar,No,,No,No,4,,,,,,,,
La Agustina (Av. Argentina),GS-B-01521,8/4/2025 11:36:55,,kg9793067@gmail.com,Avenida Argentina 490,,,,Karina,,,3584200862,,4,1,Sí,No,0,No,,No,,No,,Sí,Sí,No,,,,,,No,,,,No,Sí,Sí,Centro Periférico 16,No,No,3,,,,,,,,
La Agustina (Av. Argentina),GS-B-01522,8/4/2025 17:28:32,,kg9793067@gmail.com,Llay llay 191,,,,Carolina,,,3584878510,,5,3,Sí,No,0,No,,No,,No,,Sí,Sí,No,,,,,,No,,,,No,Sí,Sí,Centro Periférico 4,No,No,4,,,,,,,,
La Agustina (Av. Argentina),GS-B-01523,8/4/2025 18:21:41,,kg9793067@gmail.com,Llay llay sin numero,,,,Silvia,,,,,5,2,Sí,No,0,No,,No,,No,,Sí,Sí,No,,,,,,No,,,,No,Sí,Sí,Centro Periférico 10,No,Sí,1,,,,,,,,
La Agustina (Av. Argentina),GS-B-01524,8/4/2025 18:36:20,,kg9793067@gmail.com,Avenida Argentina 537,,,,Daniel,,,3585176721,,2,0,No hay menores,No,0,No,,No,,No,,Sí,No,No,,,,,,No,,,,No,No residen niños en el hogar,Sí,Centro Periférico 10,No,No,2,,,,,,,,
La Agustina (Av. Argentina),GS-B-01525,8/4/2025 18:56:13,,kg9793067@gmail.com,Co chancharava 10,,,,Analia,,,3585125463,,7,5,Sí,No,0,No,,No,,Sí,,Sí,Sí,No,,,,,,No,,,,No,Sí,Sí,Centro Periférico 10,No,No,4,,,,,,,,
La Agustina (Av. Argentina),GS-B-01526,8/4/2025 19:04:56,,kg9793067@gmail.com,Conchancharava pilar 2,,,,Diego,,,3584833360,,2,1,Sí,No,0,No,,No,,No,,Sí,Sí,No,,,,,,No,,,,No,Sí,Sí,Centro Periférico 10,No,No,2,,,,,,,,
La Agustina (Av. Argentina),GS-B-01527,8/4/2025 19:19:13,,kg9793067@gmail.com,Avenida Argentina 612,,,,Gesica,,,3584820907,,8,5,Sí,No,0,No,,No,,No,,Sí,Sí,No,,,,,,No,,,,No,Sí,Sí,Centro Periférico 10,No,No,4,,,,,,,,
La Agustina (Av. Argentina),GS-B-01528,8/4/2025 19:28:01,,kg9793067@gmail.com,Avenida Argentina 680,,,,Tamara,,,3585100923,,3,1,Sí,No,0,No,,No,,No,,Sí,Sí,No,,,,,,Sí,Sí,No,,No,Sí,Sí,Centro Periférico 10,No,No,4,,,,,,,,
La Agustina (Av. Argentina),GS-B-01529,9/4/2025 19:28:33,,kg9793067@gmail.com,Avenida Argentina 480,,,,Alejandra,,,3584921938,,4,0,No hay menores,No,0,No,,No,,No,,Sí,No,Sí,"Discapacidad intelectual: Comprende condiciones que afectan el funcionamiento cognitivo y la capacidad de aprendizaje, como el síndrome de Down y otros trastornos del desarrollo intelectual.",Sí,Sí,Natación,,No,,,,No,No residen niños en el hogar,Sí,Centro Periférico 16,No,No,2,,,,,,,,
La Agustina (Av. Argentina),GS-B-01530,9/4/2025 19:38:19,,kg9793067@gmail.com,Avenida Argentina 480,,,,Lucila,,,3584875126,,4,2,No,No,0,No,,No,,No,,Sí,No,No,,,,,,No,,,,No,Sí,No,,No,No,2,,,,,,,,
La Agustina (Av. Argentina),GS-B-01531,10/4/2025 11:11:35,,kg9793067@gmail.com,Lsy llay 190,,,,Yesica,,,3585700682,,11,6,Sí,Sí,1,No,,No,,No,,Sí,No,No,,,,,,No,,,,No,Sí,Sí,Centro Periférico 10,No,Sí,2,,,,,,,,
La Agustina (Av. Argentina),GS-B-01532,10/4/2025 16:32:39,,kg9793067@gmail.com,Avenida Argentina 470,,,,Jesica,,,3585713435,,6,4,Sí,No,0,No,,No,,No,,Sí,Sí,No,,,,,,No,,,,No,Sí,Sí,S24 Banda Norte,No,No,4,,,,,,,,
La Agustina (Av. Argentina),GS-B-01533,10/4/2025 16:57:12,,kg9793067@gmail.com,Conchancharava pilar 3,,,,Dayana,,,3584303317,,2,0,No hay menores,No,0,No,,No,,No,,Sí,Sí,No,,,,,,No,,,,No,No residen niños en el hogar,Sí,Centro Periférico 10,No,No,4,,,,,,,,
Las Quintas,GS-B-01534,16/4/2025 8:58:15,,kirara.kyuden@gmail.com,Rio segundo 1967,,,,,,,,,3,0,No,No,0,No,,No,,No,,Sí,Sí,No,,,,,,Sí,Sí,No,,No,No,No,,Sí,No,4,,,,,,,,
Las Quintas,GS-B-01535,16/4/2025 8:59:39,,riquelmesergio965@gmail.com,Tejerina 712,,,,,,,,,4,2,Sí,No,0,No,,No,,No,,Sí,Sí,No,,,,,,No,No,No,,No,Sí,Sí,Centro Periférico 5,No,No,4,,,,,,,,
Las Quintas,GS-B-01536,16/4/2025 9:05:16,,kirara.kyuden@gmail.com,Rio segundo 1949,,,,,,,,,3,1,No,No,3,No,,No,,No,,Sí,Sí,No,,,,,,No,No,No,,No,Sí,No,,No,No,4,,,,,,,,
Las Quintas,GS-B-01537,16/4/2025 9:07:57,,valenpereletegui@gmail.com,Nahuel Huapi 1959,,,,,,,,,3,1,Sí,No,0,No,,Sí,,No,,Sí,No,No,,,,,,Sí,Sí,No,,No,Sí,No,Centro Periférico 5,Sí,No,2,,,,,,,,
Las Quintas,GS-B-01538,16/4/2025 9:09:19,,kirara.kyuden@gmail.com,Rio segundo 1933,,,,,,,,,2,0,No,No,,No,,No,,No,,Sí,Sí,No,,,,,,Sí,Sí,No,,No,No,No,,No,No,4,,,,,,,,
Las Quintas,GS-B-01539,16/4/2025 9:16:16,,nani.83chaves@gmail.com,Comisario consiguió n 343,,,,Evelin berla,,,3584850410,,4,2,No hay menores,No,0,No,,No,,No,,Sí,Sí,No,,,,,,No,No,No,,No,Sí,Sí,Centro Periférico 5,No,No,4,,,,,,,,
Las Quintas,GS-B-01540,16/4/2025 9:16:25,,subsecretariadeninez@riocuarto.gov.ar,Rio de la plata norte 354,,,,ESTEFANIA CARBONI,,,3585166543,,4,2,Sí,No,0,No,,Sí,,Sí,,Sí,Sí,No,,,,,,No,No,No,,No,Sí,Sí,Centro Periférico 5,No,No,2,,,,,,,,
Las Quintas,GS-B-01541,16/4/2025 9:16:39,,kirara.kyuden@gmail.com,Rio segundo 1909,,,,,,,,,2,0,No,No,,No,,No,,No,,Sí,Sí,No,,,,,,Sí,Sí,No,,No,No,No,,Sí,No,4,,,,,,,,
Las Quintas,GS-B-01542,16/4/2025 9:18:22,,caritojerito55@gmail.com,Rio de la plata 346,,,,Alicia,,,3585618376,,1,0,No,No,0,No,,No,,No,,Sí,Sí,No,,,,,,Sí,Sí,Sí,Centro de jubilados,No,No residen niños en el hogar,No,,Sí,No,4,,,,,,,,
Las Quintas,GS-B-01543,16/4/2025 9:22:04,,agustinalmada02@gmail.com,Tejerina Norte 908,,,,Fabricio Villalba,,,,,2,0,No hay menores,No,0,No,,No,,No,,Sí,Sí,No,,,,,,No,,,,No,No residen niños en el hogar,No,,No,No,4,,,,,,,,
Las Quintas,GS-B-01544,16/4/2025 9:23:37,,riquelmesergio965@gmail.com,Tejerina 950,,,,María molinuevo,,,,,3,0,No,No,0,No,,No,,No,,Sí,Sí,No,,,,,,Sí,Sí,No,,Sí,No residen niños en el hogar,No,,No,No,4,,,,,,,,
Las Quintas,GS-B-01545,16/4/2025 9:24:50,,subsecretariadeninez@riocuarto.gov.ar,Rio de la plata 330,,,,Gabriel,,,,,2,0,No hay menores,No,0,No,,No,,No,,Sí,Sí,No,,,,,,No,No,No,,No,No residen niños en el hogar,No,,No,No,2,,,,,,,,
Las Quintas,GS-B-01546,16/4/2025 9:25:10,,maxibuch87@gmail.com,Pje Jose Maria Ortiz 1421,,,,Coria Yanina,,,3584903643,,3,0,No hay menores,No,0,No,,No,,No,,Sí,Sí,No,,,,,,No,,,,No,No residen niños en el hogar,No,,No,No,4,,,,,,,,
Las Quintas,GS-B-01547,16/4/2025 9:26:06,,melii.aguiilera@gmail.com,Nahuel Huapi 1952,,,,,,,,,14,5,Sí,No,0,No,,Sí,,No,,Sí,Sí,Sí,"Discapacidad intelectual: Comprende condiciones que afectan el funcionamiento cognitivo y la capacidad de aprendizaje, como el síndrome de Down y otros trastornos del desarrollo intelectual.",Sí,No,,,No,No,No,,No,Sí,Sí,Centro Periférico 6,No,No,4,,,,,,,,
Las Quintas,GS-B-01548,16/4/2025 9:29:52,,romanbritos091@gmail.com,Pasaje Manuel Coronel 1468,,,,,,,,,4,0,No hay menores,No,0,No,,No,,No,,Sí,Sí,No,,,,,,No,No,No lo sé,,No,No residen niños en el hogar,No,,No,No,4,,,,,,,,
Las Quintas,GS-B-01549,16/4/2025 9:30:26,,gabrielaberardo9@gmail.com,Comisario Consigli 430 Norte,,,,Priscila,,,3585179223,,7,3,Sí,No,0,Sí,No,Sí,,No,,Sí,Sí,Sí,"Discapacidad múltiple: Se refiere a personas que presentan combinaciones de dos o más tipos de discapacidad, afectando diversas áreas de su vida.",Sí,No,,"No va por su propia discapacidad, se aísla.",Sí,Sí,No,,No,Sí,Sí,Centro Periférico 5,Sí,No,4,,,,,,,,
Las Quintas,GS-B-01550,16/4/2025 9:30:37,,fernandocha156@gmail.com,Dilkenlei  ( n) 358,,,,,,,,,4,2,Sí,No,4,No,,No,,No,,Sí,Sí,No,,,,,,No,No,No,,No,Sí,Sí,Centro Periférico 6,No,No,4,,,,,,,,
Las Quintas,GS-B-01551,16/4/2025 9:32:14,,kirara.kyuden@gmail.com,Rio segundo 1668,,,,,,,,,5,0,No,No,,No,,No,,No,,Sí,Sí,No,,,,,,No,No,No,,No,No,No,,No,No,4,,,,,,,,
Las Quintas,GS-B-01552,16/4/2025 9:35:25,,secretariadegeneror4@gmail.com,11 de noviembre 1830,,,,Jorge vega,,,3584029016,,1,0,No hay menores,No,,No,,No,,No,,Sí,Sí,No,,,,,,Sí,Sí,No,,No,No residen niños en el hogar,No,,No,No,4,,,,,,,,
Las Quintas,GS-B-01553,16/4/2025 9:35:52,,nani.83chaves@gmail.com,,,,,Vargas gaston,,,3585161212,,4,2,Sí,No,0,No,,Sí,,No,,Sí,Sí,No,,,,,,No,No,No,,No,Sí,Sí,Centro Periférico 5,No,No,4,,,,,,,,
Las Quintas,GS-B-01554,16/4/2025 9:36:54,,melii.aguiilera@gmail.com,Nahuel Huapi 1927,,,,,,,,,9,0,No hay menores,No,0,Sí,No,No,,No,,Sí,Sí,No,,,,,,Sí,Sí,No,No sale de la casa,No,No residen niños en el hogar,Sí,Centro Periférico 5,Sí,No,4,,,,,,,,
Las Quintas,GS-B-01555,16/4/2025 9:38:30,,kirara.kyuden@gmail.com,Rio segyndo 1696,,,,,,,Rio segundo 1696,,3,0,No,No,,No,,No,,No,,Sí,Sí,Sí,"Discapacidad intelectual: Comprende condiciones que afectan el funcionamiento cognitivo y la capacidad de aprendizaje, como el síndrome de Down y otros trastornos del desarrollo intelectual.",Sí,No,,,Sí,Sí,No,,No,No residen niños en el hogar,No,,No,No,4,,,,,,,,
Las Quintas,GS-B-01556,16/4/2025 9:39:54,,agustinalmada02@gmail.com,Tejerina Norte 962,,,,Bibiana Giamagli,,,,,4,1,Sí,No,0,No,,No,,No,,Sí,Sí,No,,,,,,No,,,,No,Sí,No,,No,No,4,,,,,,,,
Las Quintas,GS-B-01557,16/4/2025 9:40:30,,blan.lunag@gmail.com,Dinkeldein 336,,,,Teresa,,,,,2,2,No,No,0,No,,Sí,,No,,No,Sí,No,,,,,,Sí,Sí,No,,No,Sí,No,S24 Alberdi,No,No,4,,,,,,,,
Las Quintas,GS-B-01558,16/4/2025 9:40:34,,caritojerito55@gmail.com,Martorelli Norte 345,,,,NN,,,,,3,0,No hay menores,No,0,No,,No,,No,,Sí,Sí,No,,,,,,Sí,Sí,No,,No,No residen niños en el hogar,No,,No,No,4,,,,,,,,
Las Quintas,GS-B-01559,16/4/2025 9:40:34,,romanbritos091@gmail.com,,,,,,,,,,4,2,Sí,No,0,No,,No,,No,,Sí,Sí,No,,,,,,No,No,,,No,Sí,No,,No,No,4,,,,,,,,
Las Quintas,GS-B-01560,16/4/2025 9:40:51,,maxibuch87@gmail.com,Rio turbio Norte 414,,,,Andrea de Maria,,,,,4,2,Sí,No,0,No,,No,,No,,Sí,Sí,No,,,,,,No,,,,No,Sí,Sí,Centro Periférico 6,No,No,4,,,,,,,,
Las Quintas,GS-B-01561,16/4/2025 9:41:27,,melmiel28@gmail.com,11 de noviembre 1272,,,,Veronica,,,Veronicatrejo2014.cvt@gmail.com,,2,0,No,No,0,No,,No,,No,,Sí,Sí,Sí,Discapacidad sensorial: Agrupa la pérdida de capacidades auditivas (sordera) y visuales (ceguera y baja visión).,Sí,No,,,No,No,No,,No,No residen niños en el hogar,Sí,Centro Periférico 6,No,No,1,,,,,,,,
Las Quintas,GS-B-01562,16/4/2025 9:43:13,,subsecretariadeninez@riocuarto.gov.ar,Guardias nacionales 1758,,,,Lucia herrero,,,3584369277,,2,0,No hay menores,No,0,No,,No,,No,,Sí,Sí,Sí,"Discapacidad física: Incluye limitaciones en la movilidad y funciones físicas, como la paraplejia, amputaciones y trastornos del movimiento.",No,No,,Dependencia de otros y distancia,Sí,Sí,Sí,Municipal,No,No residen niños en el hogar,Sí,Centro Periférico 5,Sí,No,4,,,,,,,,
Las Quintas,GS-B-01563,16/4/2025 9:44:37,,gabrielaberardo9@gmail.com,Comisario Consigli Norte 548,,,,Mari,,,155628599,,5,1,Sí,No,0,No,,No,,No,,Sí,Sí,No,,,,,,Sí,Sí,No,,No,Sí,Sí,Centro Periférico 5,No,No,4,,,,,,,,
Las Quintas,GS-B-01564,16/4/2025 9:44:55,,lauradonetto@gmail.com,Martorelli norte 353,,,,Maria Laura,,,3585135125,,5,1,Sí,No,0,No,,No,,No,,Sí,Sí,No,,,,,,No,No,No,,No,Sí,No,,No,No,4,,,,,,,,
Las Quintas,GS-B-01565,16/4/2025 9:44:59,,kirara.kyuden@gmail.com,Rio segundo 1766,,,,,,,,,4,0,No,No,,No,,No,,No,,Sí,Sí,No,,,,,,No,No,No,,No,No residen niños en el hogar,No,,Sí,No,4,,,,,,,,
Las Quintas,GS-B-01566,16/4/2025 9:46:58,,caritojerito55@gmail.com,Martorelli Norte 361,,,,Nahiara,,,,,3,2,Sí,No,0,No,,No,,No,,Sí,Sí,No,,,,,,No,No,No,,No,Sí,Sí,Centro Periférico 6,No,No,3,,,,,,,,
Las Quintas,GS-B-01567,16/4/2025 9:47:20,,valenpereletegui@gmail.com,Nahuel Huapi 1914,,,,,,,,,5,1,Sí,No,1,No,,Sí,,No,,Sí,Sí,No,,,,,,Sí,Sí,No,,No,Sí,No,,Sí,No,4,,,,,,,,
Las Quintas,GS-B-01568,16/4/2025 9:51:45,,kirara.kyuden@gmail.com,Rio segundo 1774,,,,,,,,,2,0,No,No,,No,,No,,No,,Sí,Sí,No,,,,,,Sí,Sí,,,No,No residen niños en el hogar,No,,No,No,4,,,,,,,,
Las Quintas,GS-B-01569,16/4/2025 9:53:39,,subse.nafriocuarto@gmail.com,11 de noviembre 1220,,,,Enrique,,,,,4,0,No hay menores,Sí,0,No,,Sí,,No,,Sí,No,Sí,"Discapacidad intelectual: Comprende condiciones que afectan el funcionamiento cognitivo y la capacidad de aprendizaje, como el síndrome de Down y otros trastornos del desarrollo intelectual.",Sí,No,,Es adulto,No,No lo sé,No,,No,No residen niños en el hogar,Sí,Centro Periférico 6,No lo sé,No,1,,,,,,,,
Las Quintas,GS-B-01570,16/4/2025 9:54:02,,fernandocha156@gmail.com,dilkenlei norte 358,,,,Nilda estela paulina,,,358 6016317,,1,0,No,No,0,No,,No,,No,,Sí,Sí,No,,,,,,Sí,Sí,No,No asiste a ninguno,No,No,Sí,Centro Periférico 6,Sí,No,4,,,,,,,,
Las Quintas,GS-B-01571,16/4/2025 9:55:09,,gabrielaberardo9@gmail.com,Comisario Consigli Norte 656,,,,Ana,,,,,3,1,Sí,No,,No,,No,,No,,Sí,Sí,No,,,,,,No,,,,No,Sí,No,,No,No,4,,,,,,,,
Las Quintas,GS-B-01572,16/4/2025 9:55:21,,caritojerito55@gmail.com,Dr Martorelli Norte 369,,,,María Rosa,,,,,2,0,No hay menores,No,0,No,,No,,No,,Sí,Sí,No,,,,,,Sí,Sí,Sí,Centro de jubilados municipal,No,No residen niños en el hogar,No,,No,No,4,,,,,,,,
Las Quintas,GS-B-01573,16/4/2025 9:55:23,,subsecretariadeninez@riocuarto.gov.ar,Pje martorelli norte 356,,,,Familia marquez,,,,,6,2,Sí,No,0,No,,Sí,,No,,Sí,Sí,No,,,,,,Sí,No,No,,No,Sí,Sí,Centro Periférico 5,Sí,No,4,,,,,,,,
Las Quintas,GS-B-01574,16/4/2025 9:56:12,,melii.aguiilera@gmail.com,Nahuel Huapi 1870,,,,,,,,,7,5,Sí,No,0,No,,Sí,,No,,Sí,No,No,,,,,,No,No,No,,No,Sí,Sí,Centro Periférico 5,No,No,2,,,,,,,,
Las Quintas,GS-B-01575,16/4/2025 9:59:35,,agustinalmada02@gmail.com,Tejerina 865,,,,María Escoter,,,,,3,1,Sí,No,0,No,,No,,No,,Sí,Sí,No,,,,,,No,,,,No,Sí,No,,No,No,4,,,,,,,,
Las Quintas,GS-B-01576,16/4/2025 10:00:44,,romanbritos091@gmail.com,,,,,,,,,,3,1,Sí,No,0,No,,No,,No,,Sí,Sí,No,,,,,,No,No,,,No,Sí,No,,No,No,4,,,,,,,,
Las Quintas,GS-B-01577,16/4/2025 10:03:55,,subsecretariadeninez@riocuarto.gov.ar,Pje. Martorelli norte 362,,,,Estela quiroga,,,3585148990,,4,2,Sí,No,0,No,,No,,No,,Sí,Sí,No,,,,,,Sí,Sí,No,,No,Sí,No,Centro de Salud Municipal,Sí,No,4,,,,,,,,
Las Quintas,GS-B-01578,16/4/2025 10:04:24,,melmiel28@gmail.com,Pje Obregón 464,,,,German,,,,,1,0,No hay menores,No,0,No,,No,,No,,Sí,No,No,,,,,,Sí,Sí,,,No,No residen niños en el hogar,No,,No,No,4,,,,,,,,
Las Quintas,GS-B-01579,16/4/2025 10:06:23,,caritojerito55@gmail.com,Pedro Nolazco Rodriguez 389,,,,Nora mercado,,,,,4,0,No hay menores,No,0,No,,No,,No,,Sí,Sí,No,,,,,,No,No,No,,No,No residen niños en el hogar,Sí,Centro de Salud Municipal,No,No,4,,,,,,,,
Las Quintas,GS-B-01580,16/4/2025 10:06:29,,gabrielaberardo9@gmail.com,,,,,,,,,,4,2,No,No,,No,,No,,No,,Sí,Sí,No,,,,,,No,,,,No,No lo sé,Sí,Centro Periférico 5,Sí,No,4,,,,,,,,
Las Quintas,GS-B-01581,16/4/2025 10:08:51,,blan.lunag@gmail.com,Dilkelei 460,,,,Jose,,,,,5,1,Sí,No,5,No,,No,,No,,Sí,Sí,Sí,"Discapacidad del aprendizaje: Incluye dificultades específicas de aprendizaje, como la dislexia y el trastorno por déficit de atención e hiperactividad (TDAH).",Sí,No,No asiste a ninguna,No van a ningún  lado,Sí,No,No,No asiste a ninguno,No,Sí,No,,Sí,No,4,,,,,,,,
Las Quintas,GS-B-01582,16/4/2025 10:09:55,,kirara.kyuden@gmail.com,,,,,,,,,,3,1,Sí,No,0,No,,No,,No,,Sí,Sí,Sí,"Discapacidad intelectual: Comprende condiciones que afectan el funcionamiento cognitivo y la capacidad de aprendizaje, como el síndrome de Down y otros trastornos del desarrollo intelectual.",Sí,No,,,No,No,No,,No,Sí,Sí,Centro Periférico 5,No,No,4,,,,,,,,
Las Quintas,GS-B-01583,16/4/2025 10:13:04,,caritojerito55@gmail.com,Pedro Nolazco 357,,,,Miguel,,,,,3,0,No hay menores,No,0,No,,No,,No,,Sí,Sí,No,,,,,,Sí,Sí,No,,No,No residen niños en el hogar,No,,No,No,4,,,,,,,,
Las Quintas,GS-B-01584,16/4/2025 10:13:39,,gabrielaberardo9@gmail.com,Comisario Consigli Norte 586,,,,Carlos,,,,,1,0,No hay menores,Sí,,No,,No,,No,,Sí,No,No,,,,,,Sí,Sí,No,,No,No residen niños en el hogar,Sí,Centro Periférico 5,No,No,4,,,,,,,,
Las Quintas,GS-B-01585,16/4/2025 10:13:41,,melmiel28@gmail.com,Pje Obregón 450,,,,Teresa yedro,,,,,4,0,No hay menores,No,0,No,,Sí,,No,,Sí,Sí,Sí,"Discapacidad física: Incluye limitaciones en la movilidad y funciones físicas, como la paraplejia, amputaciones y trastornos del movimiento.",Sí,No,,,Sí,Sí,No,,No,No residen niños en el hogar,No,,Sí,No,4,,,,,,,,
Las Quintas,GS-B-01586,16/4/2025 10:14:02,,valenpereletegui@gmail.com,Ciudad de Vinarós 1861,,,,,,,,,5,0,No hay menores,No,0,No,,No lo sé,,No,,Sí,Sí,No,,,,,,Sí,Sí,No,,No,Sí,Sí,Centro Periférico 5,No lo sé,No,4,,,,,,,,
Las Quintas,GS-B-01587,16/4/2025 10:14:18,,subse.nafriocuarto@gmail.com,Obregon 456,,,,Maria,,,,,4,2,Sí,Sí,0,No,,No,,No,,Sí,Sí,Sí,"Discapacidad física: Incluye limitaciones en la movilidad y funciones físicas, como la paraplejia, amputaciones y trastornos del movimiento.",Sí,No,,Por movilidad,Sí,Sí,No,,No,Sí,Sí,Centro Periférico 5,Sí,No,4,,,,,,,,
Las Quintas,GS-B-01588,16/4/2025 10:18:15,,melmiel28@gmail.com,Pje Obregón 426,,,,Enrique,,,,,5,1,Sí,Sí,0,Sí,No,No,,No,,Sí,Sí,No,,,,,,Sí,Sí,No,,No,No residen niños en el hogar,No,Centro Periférico 6,No,No,4,,,,,,,,
Las Quintas,GS-B-01589,16/4/2025 10:20:09,,gabrielaberardo9@gmail.com,Comisario Consigli Norte 698,,,,Pamela,,,,,4,2,Sí,Sí,,No,,No,,No,,Sí,Sí,No,,,,,,No,,,,No,Sí,Sí,Centro Periférico 5,No,No,4,,,,,,,,
Las Quintas,GS-B-01590,16/4/2025 10:20:10,,subsecretariadeninez@riocuarto.gov.ar,Pedro nolasco Rodriguez norte 370,,,,Eugenia rivarola,,,,,2,0,No hay menores,No,0,No,,No,,No,,Sí,Sí,No,,,,,,No,No,No,,No,No,No,,No,No,2,,,,,,,,
Las Quintas,GS-B-01591,16/4/2025 10:21:18,,agustinalmada02@gmail.com,Tejerina Norte 650,,,,Jesús,,,,,1,0,No hay menores,No,0,No,,No,,No,,Sí,Sí,No,,,,,,No,,,,No,No residen niños en el hogar,No,,No,No,2,,,,,,,,
Las Quintas,GS-B-01592,16/4/2025 10:22:16,,subse.nafriocuarto@gmail.com,Oregon 418,,,,Juan carlos,,,,,5,1,Sí,Sí,0,No,,No,,No,,Sí,No,No,,,,,,Sí,Sí,No,,No,Sí,Sí,Centro Periférico 6,No,No lo sé,4,,,,,,,,
Las Quintas,GS-B-01593,16/4/2025 10:22:33,,caritojerito55@gmail.com,Pedro Nolazco Rodriguez 324,,,,Francisco,,,,,2,0,No hay menores,No,0,No,,No,,No,,Sí,Sí,Sí,"Discapacidad física: Incluye limitaciones en la movilidad y funciones físicas, como la paraplejia, amputaciones y trastornos del movimiento.",No,No,,No asisto,Sí,Sí,No,,No,No residen niños en el hogar,No,,Sí,No,4,,,,,,,,
Las Quintas,GS-B-01594,16/4/2025 10:25:20,,valenpereletegui@gmail.com,C. De Vinaró 1870,,,,Miriam,,,,,10,8,Sí,No,0,No,,No,,Sí,,Sí,Sí,No,,,,,,Sí,No,No,,No,Sí,Sí,Centro Periférico 5,No lo sé,No,2,,,,,,,,
Las Quintas,GS-B-01595,16/4/2025 10:25:44,,melmiel28@gmail.com,Río segundo 2236,,,,Juan Ceferino Soria,,,No,,2,0,No hay menores,No,0,No,,Sí,,No,,Sí,No,No,,,,,,Sí,Sí,Sí,Banda norte,No,No residen niños en el hogar,No,,No,No,4,,,,,,,,
Las Quintas,GS-B-01596,16/4/2025 10:28:54,,fernandocha156@gmail.com,Rio segundo 1276,,,,Godoy roberto,,,,,5,0,No,No,0,No,,No,,No,,Sí,No,No,,,,,,Sí,Sí,No,No asiste,No,No residen niños en el hogar,Sí,Centro Periférico 6,No,No,2,,,,,,,,
Las Quintas,GS-B-01597,16/4/2025 10:29:55,,riquelmesergio965@gmail.com,Tejerina norte 633,,,,Fernanda,,,,,2,0,No hay menores,No,0,No,,No,,No,,Sí,Sí,No,,,,,,No,No,No,,No,No residen niños en el hogar,No,,Sí,No,4,,,,,,,,
Las Quintas,GS-B-01598,16/4/2025 10:35:36,,blan.lunag@gmail.com,Pje obregon 409,,,,Raul,,,,,2,0,No hay menores,Sí,,Sí,No,Sí,,No,,Sí,No,No,,,,,,Sí,Sí,,No,No,No,No,,No,No,2,,,,,,,,
Las Quintas,GS-B-01599,16/4/2025 10:38:15,,agustinalmada02@gmail.com,Tejerina Norte 623,,,,Belén Flores,,,,,3,1,Sí,No,0,No,,No,,No,,Sí,Sí,Sí,"Discapacidad física: Incluye limitaciones en la movilidad y funciones físicas, como la paraplejia, amputaciones y trastornos del movimiento.",Sí,No,,Porque su discapacidad no dificulfa su desdnvolvimiento social,No,,,,No,Sí,Sí,,Sí,No,4,,,,,,,,
Las Quintas,GS-B-01600,16/4/2025 10:39:02,,melmiel28@gmail.com,Estrada norte 388 pje,,,,Mercedes ribonettto,,,3584394809,,5,2,Sí,No,0,No,,No,,No,,Sí,Sí,No,,,,,,No,Sí,No,,No,Sí,No,,No,No,4,,,,,,,,
Las Quintas,GS-B-01601,16/4/2025 10:39:03,,subse.nafriocuarto@gmail.com,Estrada norte 235,,,,Jose,,,,,6,1,Sí,Sí,0,No,,No,,No,,Sí,Sí,No,,,,,,Sí,Sí,No,,No,Sí,Sí,Centro Periférico 6,Sí,No,4,,,,,,,,
Las Quintas,GS-B-01602,16/4/2025 10:42:52,,melmiel28@gmail.com,Estrada norte 368,,,,Barreda María,,,,,3,1,Sí,Sí,0,No,,No,,No,,Sí,Sí,No,,,,,,No,No,No,,No,Sí,No,,No,No,4,,,,,,,,
Las Quintas,GS-B-01603,16/4/2025 10:49:04,,melmiel28@gmail.com,Estrada norte 380,,,,Lucia norma arce,,,,,6,2,Sí,Sí,0,No,,No,,No,,Sí,Sí,No,,,,,,Sí,Sí,No,,No,Sí,No,,No,No,4,,,,,,,,
Las Quintas,GS-B-01604,16/4/2025 11:00:47,,melmiel28@gmail.com,Estrada norte 456,,,,Tuset cabrera vanesa,,,3585171346,,8,2,No,Sí,0,No,,No,,No,,Sí,Sí,No,,,,,,No,No,No,,No,Sí,Sí,Centro Periférico 6,Sí,No,1,,,,,,,,
Las Quintas,GS-B-01605,16/4/2025 11:03:12,,blan.lunag@gmail.com,Estrada norte 419,,,,Miguel,,,,,3,0,No,Sí,,No,,No,,No,,Sí,Sí,Sí,"Discapacidad física: Incluye limitaciones en la movilidad y funciones físicas, como la paraplejia, amputaciones y trastornos del movimiento.",Sí,No,,,Sí,Sí,No,,No,Sí,No,,Sí,No,4,,,,,,,,
Las Quintas,GS-B-01606,16/4/2025 11:03:51,,subse.nafriocuarto@gmail.com,Estrada norte 497,,,,Cecilia,,,3585172476,,2,1,Sí,Sí,0,No,,Sí,,No,,Sí,Sí,No,,,,,,No,No,,,No,Sí,Sí,Centro Periférico 13,No,No,2,,,,,,,,
Las Quintas,GS-B-01607,16/4/2025 11:04:41,,melmiel28@gmail.com,Estrada norte 455,,,,David,,,Randymatango013@gmail.com,,5,1,Sí,Sí,0,No,,No,,No,,Sí,Sí,No,,,,,,No,No,No,,No,Sí,No,,No,No,4,,,,,,,,
Las Quintas,GS-B-01608,16/4/2025 11:13:43,,blan.lunag@gmail.com,Entrada norte 431,,,,Laura,,,,,2,0,No,No,,No,,No,,No,,Sí,Sí,No,,,,,,Sí,Sí,,,No,No residen niños en el hogar,No,,No,No,2,,,,,,,,
Las Quintas,GS-B-01609,16/4/2025 11:15:58,,subse.nafriocuarto@gmail.com,11 de noviembre 1128,,,,Maria esther,,,3585701477,,2,0,No hay menores,Sí,0,No,,Sí,,No,,Sí,Sí,Sí,Discapacidad sensorial: Agrupa la pérdida de capacidades auditivas (sordera) y visuales (ceguera y baja visión).,No,No,,No tiene cud,Sí,Sí,No,,No,No residen niños en el hogar,No,,Sí,No,2,,,,,,,,
Las Quintas,GS-B-01610,16/4/2025 11:17:45,,melmiel28@gmail.com,11 de noviembre 1225,,,,Julia lejonagoitia,,,,,1,0,No,No,0,No,,No,,No,,No,No,No,,,,,,Sí,Sí,No,,No,No residen niños en el hogar,No,Centro Periférico 6,No,No,1,,,,,,,,
Las Quintas,GS-B-01611,16/4/2025 11:26:45,,melmiel28@gmail.com,Goudard norte 651,,,,Julio,,,,,3,0,No,No,0,No,,No,,No,,Sí,Sí,No,,,,,,Sí,Sí,No,,No,No residen niños en el hogar,Sí,"Hospital Regional ""San Antonio de Padua""",No,No,3,,,,,,,,
Las Quintas,GS-B-01612,16/4/2025 11:31:53,,melmiel28@gmail.com,Río segundo 1128,,,,Zusana damiani,,,,,2,0,No hay menores,No,0,No,,No,,No,,Sí,No,No,,,,,,Sí,Sí,No,,No,No residen niños en el hogar,No,,Sí,No,2,,,,,,,,
Las Quintas,GS-B-01613,16/4/2025 11:35:57,,melmiel28@gmail.com,Río segundo 1120,,,,Rosas german,,,3.59E+09,,4,2,Sí,Sí,0,No,,No,,No,,Sí,Sí,No,,,,,,No,No,No,,No,Sí,Sí,Centro Periférico 6,No,No,2,,,,,,,,
Las Quintas,GS-B-01614,16/4/2025 11:38:39,,subse.nafriocuarto@gmail.com,Pje rio gallegos 393,,,,Mirta,,,,,6,3,Sí,No,0,Sí,No,No,,No,,Sí,Sí,No,,,,,,Sí,Sí,No,,No,Sí,Sí,Centro Periférico 6,Sí,No,3,,,,,,,,
Las Quintas,GS-B-01615,16/4/2025 11:41:34,,melmiel28@gmail.com,Pje río gallegos 366,,,,Quiroga gladys,,,,,6,1,No,Sí,0,No,,No,,No,,No,No,Sí,"Discapacidad intelectual: Comprende condiciones que afectan el funcionamiento cognitivo y la capacidad de aprendizaje, como el síndrome de Down y otros trastornos del desarrollo intelectual.",Sí,No,,,No,No,No,,No,Sí,Sí,Centro Periférico 6,No,No,2,,,,,,,,
Las Quintas,GS-B-01616,16/4/2025 11:44:22,,subse.nafriocuarto@gmail.com,Pje gallegos 373,,,,Jeremias,,,,,11,5,Sí,No,0,No,,Sí,,No,,Sí,Sí,No,,,,,,No,,,,No,Sí,Sí,Centro Periférico 6,No,No,4,,,,,,,,
Las Quintas,GS-B-01617,16/4/2025 11:48:01,,fernandocha156@gmail.com,Pje rio gallegos 366,,,,Claudia lucia quiroga,,,358 4325708,,4,2,Sí,No,0,Sí,No,Sí,,No,,Sí,Sí,Sí,"Discapacidad intelectual: Comprende condiciones que afectan el funcionamiento cognitivo y la capacidad de aprendizaje, como el síndrome de Down y otros trastornos del desarrollo intelectual.",Sí,No,No asiste,Nunca asistio a ningun lado,No,No,No,No asisten,No,Sí,No,,No,No,1,,,,,,,,
Las Quintas,GS-B-01618,23/4/2025 12:12:37,,jesiceballospomiglio30@gmail.com,Oregon 417,,,,Gabriela,,,3584252435,,5,2,Sí,Sí,0,No,,No,,No,,Sí,Sí,No,,,,,,No,,,,No,Sí,Sí,Centro Periférico 6,No,No,4,,,,,,,,
Las Quintas,GS-B-01619,23/4/2025 12:22:10,,jesiceballospomiglio30@gmail.com,Oregon 426,,,,Manuel,,,3585700791,,5,0,No,Sí,0,Sí,No,No,,No,,Sí,Sí,No,,,,,,Sí,Sí,No,,Sí,Sí,Sí,Centro Periférico 15,Sí,No,4,,,,,,,,
Las Quintas,GS-B-01620,29/4/2025 11:07:28,,jesiceballospomiglio30@gmail.com,Tejería norte 1350,,,,Albana Scotta,,,3585186733,,6,4,Sí,Sí,1,No,,No,,No,,Sí,Sí,No,,,,,,No,,,,No,Sí,No,,No,No,4,,,,,,,,
Las Quintas,GS-B-01621,29/4/2025 11:24:04,,jesiceballospomiglio30@gmail.com,Tejería norte 1400 casa 87,,,,Jonathan Gomez,,,3584381121,,5,3,Sí,No,0,No,,Sí,,No,,Sí,Sí,No,,,,,,No,,,,No,Sí,Sí,Centro Periférico 5,No,No,4,,,,,,,,
Las Quintas,GS-B-01622,29/4/2025 11:45:11,,jesiceballospomiglio30@gmail.com,Tejería norte 1420 casa,,,,Barrionuevo yamila,,,3586544489,,9,5,Sí,Sí,0,No,,No,,No,,Sí,No,No,,,,,,No,,,,No,Sí,No,,No,No,2,,,,,,,,
Valacco,GS-B-01623,16/5/2025 9:14:03,,josefinaandres88@gmail.com,,,,,,,,,,2,0,No hay menores,No,0,No,,No,,No,,Sí,Sí,No,,,,,,Sí,Sí,Sí,Peam abriendo surcoS,No,No residen niños en el hogar,Sí,S24 Banda Norte,Sí,No,3,,,,,,,,
Valacco,GS-B-01624,16/5/2025 9:14:25,,kirara.kyuden@gmail.com,Lorenzo sanchez 1279,,,,,,,,,4,1,Sí,No,0,No,,No,,No,,Sí,Sí,No,,,,,,Sí,Sí,No,,No,Sí,Sí,Centro Periférico 16,Sí,No,4,,,,,,,,
Valacco,GS-B-01625,16/5/2025 9:14:59,,lucaspinfer15@gmail.com,Achalay 1660,,,,Guillermo Quiroga,,,3584180053,,3,3,Sí,No,3,Sí,No,No lo sé,,No,,No,Sí,Sí,"Discapacidad física: Incluye limitaciones en la movilidad y funciones físicas, como la paraplejia, amputaciones y trastornos del movimiento.",Sí,No,,No lo ayudan,Sí,No,No,,No,Sí,No,Centro Periférico 16,No,No,2,,,,,,,,
Valacco,GS-B-01626,16/5/2025 9:15:37,,nani.83chaves@gmail.com,Bariloche 1624,,,,Leonela Marquez,,,3584905166,,5,3,Sí,No,0,No,,Sí,,No,,Sí,Sí,Sí,"Discapacidad física: Incluye limitaciones en la movilidad y funciones físicas, como la paraplejia, amputaciones y trastornos del movimiento.",No,No,,,No,No,No,,No,Sí,Sí,Centro Periférico 16,No,No,4,,,,,,,,
Valacco,GS-B-01627,16/5/2025 9:17:33,,maxibuch87@gmail.com,Cuba 917,,,,Monica Gutiérrez,,,3584221206,,2,0,No hay menores,No,0,No,,No,,No,,Sí,No,Sí,"Discapacidad múltiple: Se refiere a personas que presentan combinaciones de dos o más tipos de discapacidad, afectando diversas áreas de su vida.",No,No,,Padece ACV sin rehabilitación cognitiva,Sí,Sí,No,,No,No residen niños en el hogar,Sí,Centro Periférico 16,Sí,No,4,,,,,,,,
Valacco,GS-B-01628,16/5/2025 9:20:30,,subsecretariadeninez@riocuarto.gov.ar,,,,,,,,,,3,0,No,Sí,,No,,No,,No,,Sí,Sí,Sí,"Discapacidad física: Incluye limitaciones en la movilidad y funciones físicas, como la paraplejia, amputaciones y trastornos del movimiento.",No,No,,,Sí,Sí,No,,No,Sí,No,,No,No,2,,,,,,,,
Valacco,GS-B-01629,16/5/2025 9:21:43,,atomofran@gmail.com,,,,,,,,,,3,0,No hay menores,No,0,No,,No,,No,,Sí,Sí,No,,,,,,Sí,No,No,,No,No residen niños en el hogar,No,,No,No,4,,,,,,,,
Valacco,GS-B-01630,16/5/2025 9:22:50,,vivipomiglio@gmail.com,Muñiz 1415,,,,,,,,,1,0,No hay menores,No,0,No,,No,,No,,Sí,Sí,No,,,,,,No,,,,No,No residen niños en el hogar,No,,No,No,4,,,,,,,,
Valacco,GS-B-01631,16/5/2025 9:23:04,,gferrer214@gmail.com,,,,,Gonzalo Peralta,,,,,3,2,Sí,No,0,No,,No,,No,,Sí,Sí,No,,,,,,No,,,,No,Sí,No,,No,No,4,,,,,,,,
Valacco,GS-B-01632,16/5/2025 9:23:30,,nani.83chaves@gmail.com,Bariloche 1632,,,,Nora Rubiolo,,,,,4,1,Sí,No,0,No,,Sí,,Sí,,No,Sí,No,,,,,,No,No,No,,No,Sí,Sí,Centro Periférico 16,No,No,2,,,,,,,,
Valacco,GS-B-01633,16/5/2025 9:25:15,,riquelmesergio965@gmail.com,Cubo 1085,,,,Cuneo adela,,,,,5,0,No hay menores,No,0,No,,Sí,,No,,Sí,Sí,No,,,,,,Sí,Sí,No,Ninguno,No,No residen niños en el hogar,Sí,Centro Periférico 16,Sí,No,2,,,,,,,,
Valacco,GS-B-01634,16/5/2025 9:26:43,,josefinaandres88@gmail.com,,,,,,,,,,8,3,Sí,No,0,No,,No,,Sí,,No,No,No,,,,,,No,,,,No,Sí,Sí,Centro Periférico 16,Sí,No,2,,,,,,,,
Valacco,GS-B-01635,16/5/2025 9:26:54,,kirara.kyuden@gmail.com,,,,,,,,,,4,1,Sí,No,0,No,,No,,No,,Sí,Sí,No,,,,,,No,,,,No,Sí,No,,No,No,4,,,,,,,,
Valacco,GS-B-01636,16/5/2025 9:28:10,,flacomuguerza@gmail.com,Florentino sanches 1561,,,,Maria ceballos,,,,,2,1,Sí,No,,No,,No,,No,,Sí,No,No,,,,,,Sí,Sí,No,,No,Sí,No,,Sí,No,4,,,,,,,,
Valacco,GS-B-01637,16/5/2025 9:28:14,,maxibuch87@gmail.com,Pje los alerse 1657,,,,Anahi Asquineyer,,,,,3,0,No hay menores,No,0,No,,No,,No,,Sí,Sí,No,,,,,,No,No,No,,No,No residen niños en el hogar,No,,No,No,4,,,,,,,,
Valacco,GS-B-01638,16/5/2025 9:28:26,,melinacretton@gmail.com,Venezuela 623,,,,Cristina,,,3584817793,,2,0,No hay menores,No,0,No,,No,,No,,Sí,Sí,No,,,,,,Sí,Sí,Sí,Vecinal la Agustina,No,No residen niños en el hogar,No,,No,No,4,,,,,,,,
Valacco,GS-B-01639,16/5/2025 9:29:01,,subsecretariadeninez@riocuarto.gov.ar,,,,,Jose,,,,,3,1,No,Sí,,No,,No,,No,,Sí,Sí,Sí,"Discapacidad múltiple: Se refiere a personas que presentan combinaciones de dos o más tipos de discapacidad, afectando diversas áreas de su vida.",No,No,,,Sí,Sí,Sí,,No,Sí,No,,No,No,3,,,,,,,,
Valacco,GS-B-01640,16/5/2025 9:29:05,,kg9793067@gmail.com,Pasaje los alerce y costa rica,,,,Eduardo Rios,,,,,1,0,No hay menores,Sí,0,No,,No,,No,,No,No,No,,,,,,Sí,No,,,No,No residen niños en el hogar,Sí,Centro Periférico 16,Sí,No,1,,,,,,,,
Valacco,GS-B-01641,16/5/2025 9:30:25,,valenpereletegui@gmail.com,Laguna blanca 1645,,,,,,,,,2,0,No hay menores,No,0,No,,No,,No,,Sí,Sí,No,,,,,,Sí,Sí,No,,No,No residen niños en el hogar,No,,No lo sé,No,4,,,,,,,,
Valacco,GS-B-01642,16/5/2025 9:31:46,,lucaspinfer15@gmail.com,Costa Rica 930,,,,Oscar Rivarola,,,,,2,0,No,Sí,0,Sí,No,No,,No,,Sí,Sí,No,,,,,,Sí,Sí,Sí,,No,Sí,Sí,Centro Periférico 16,No,No lo sé,3,,,,,,,,
Valacco,GS-B-01643,16/5/2025 9:33:00,,vivipomiglio@gmail.com,Foco. Muñiz 1533,,,,Natali,,,,,2,0,No hay menores,No,0,No,,No,,No,,Sí,Sí,No,,,,,,No,,,,No,No residen niños en el hogar,No,,No,No,4,,,,,,,,
Valacco,GS-B-01644,16/5/2025 9:34:29,,josefinaandres88@gmail.com,,,,,,,,,,1,0,No hay menores,No,0,No,,No,,Sí,,No,No,No,,,,,,Sí,Sí,No,,No,No residen niños en el hogar,No,,Sí,No,3,,,,,,,,
Valacco,GS-B-01645,16/5/2025 9:35:42,,riquelmesergio965@gmail.com,Laguna blanca 1647,,,,Lasarte,,,,,2,0,No,No,0,No,,No,,No,,Sí,Sí,No,,,,,,Sí,Sí,No,,No,No residen niños en el hogar,Sí,Centro Periférico 16,No,No,3,,,,,,,,
Valacco,GS-B-01646,16/5/2025 9:36:41,,nani.83chaves@gmail.com,El Salvador 1028,,,,Natalia,,,,,5,3,Sí,No,0,No,,No,,No,,Sí,Sí,No,,,,,,No,No,No,,No,Sí,No,,No,No,4,,,,,,,,
Valacco,GS-B-01647,16/5/2025 9:36:49,,latidosrio4@gmail.com,Tompshon 1446,,,,Daniela,,,3584314239,,5,0,No hay menores,No,0,No,,No,,Sí,,Sí,Sí,No,,,,,,Sí,Sí,Sí,Santa Rita,No,No residen niños en el hogar,Sí,Centro Periférico 16,Sí,No,3,,,,,,,,
Valacco,GS-B-01648,16/5/2025 9:37:01,,valenpereletegui@gmail.com,Laguna blanca 1661,,,,,,,,,9,2,Sí,Sí,0,No,,Sí,,No,,Sí,Sí,No,,,,,,Sí,Sí,No,,No,Sí,Sí,Centro Periférico 16,Sí,No,1,,,,,,,,
Valacco,GS-B-01649,16/5/2025 9:39:43,,atomofran@gmail.com,Los Alerces 1754,,,,Pablo Ledheros,,,3584291104,,2,0,No,No,0,No,,No,,No,,Sí,Sí,No,,,,,,Sí,Sí,No,,No,No residen niños en el hogar,No,,Sí,No,4,,,,,,,,
Valacco,GS-B-01650,16/5/2025 9:40:20,,flacomuguerza@gmail.com,Floreció sanchez 1635,,,,,,,,,2,0,Sí,No,0,No,,No,,No,,Sí,No,No,,,,,,Sí,Sí,No,,No,No residen niños en el hogar,Sí,Centro Periférico 16,No,No,4,,,,,,,,
Valacco,GS-B-01651,16/5/2025 9:40:36,,lucaspinfer15@gmail.com,Costa Rica 948,,,,Laura Olguin,,,,,2,0,No,Sí,0,Sí,No,No,,No,,Sí,No,No,,,,,,Sí,Sí,No lo sé,,No,Sí,Sí,Centro Periférico 16,No,No,4,,,,,,,,
Valacco,GS-B-01652,16/5/2025 9:40:53,,gferrer214@gmail.com,,,,,Tere,,,,,2,2,No,Sí,0,No,,No,,No,,Sí,No,Sí,"Discapacidad física: Incluye limitaciones en la movilidad y funciones físicas, como la paraplejia, amputaciones y trastornos del movimiento.",Sí,No,,Porque no,Sí,Sí,No,,No,No,No,,No,No,4,,,,,,,,
Valacco,GS-B-01653,16/5/2025 9:41:36,,melinacretton@gmail.com,Mariquita Sánchez de Thompson 1484,,,,Milagros,,,Milif2011@gmail.com,,3,0,No hay menores,Sí,0,No,,No,,No,,Sí,Sí,No,,,,,,No,No,No,,No,No residen niños en el hogar,Sí,Centro Periférico 16,No,No,4,,,,,,,,
Valacco,GS-B-01654,16/5/2025 9:42:24,,subsecretariadeninez@riocuarto.gov.ar,Francisco muñiz 1680,,,,Carla romero,,,,,4,2,Sí,No,,No,,Sí,,No,,Sí,Sí,No,,,,,,No,No,No,,No,Sí,Sí,Centro Periférico 16,No,No,4,,,,,,,,
Valacco,GS-B-01655,16/5/2025 9:42:25,,vivipomiglio@gmail.com,Fco Muñiz  1627,,,,Melina,,,,,2,1,Sí,No,0,No,,Sí,,No,,Sí,Sí,Sí,"Discapacidad física: Incluye limitaciones en la movilidad y funciones físicas, como la paraplejia, amputaciones y trastornos del movimiento.",Sí,No,,Va a terapia privada,No,No,No,,No,Sí,Sí,S24 Banda Norte,Sí,No,3,,,,,,,,
Valacco,GS-B-01656,16/5/2025 9:43:24,,jaelrolon1@gmail.com,Mariquita sanchez de thompson 1635,,,,Lorena,,,3584024575,,3,2,Sí,No,,No,,No,,No,,Sí,Sí,No,,,,,,Sí,Sí,No,,No,Sí,Sí,S24 Banda Norte,No,No,4,,,,,,,,
Valacco,GS-B-01657,16/5/2025 9:43:58,,maxibuch87@gmail.com,Pje los alerce 1695,,,,Anabella Ferreira,,,3585100249,,2,0,No hay menores,No,0,No,,No,,No,,Sí,Sí,No,,,,,,No,No,No,,No,No residen niños en el hogar,Sí,Centro Periférico 16,No,No,4,,,,,,,,
Valacco,GS-B-01658,16/5/2025 9:44:25,,kirara.kyuden@gmail.com,Ecuador 828,,,,,,,,,4,2,Sí,No,0,No,,No,,No,,Sí,Sí,No,,,,,,No,,,,No,Sí,No,,No,No,4,,,,,,,,
Valacco,GS-B-01659,16/5/2025 9:45:03,,josefinaandres88@gmail.com,Pje brochero 820,,,,Nadia,,,3586010381,,5,3,Sí,No,0,No,,No,,No,,Sí,Sí,No,,,,,,No,,,,No,Sí,Sí,Centro Periférico 16,No,No,4,,,,,,,,
Valacco,GS-B-01660,16/5/2025 9:47:58,,nani.83chaves@gmail.com,Castigo 1766,,,,Maria Elisabeth Briantz,,,,,4,1,Sí,No,0,No,,No,,No,,Sí,Sí,No,,,,,,Sí,No,No,,No,Sí,No,,No,No,4,,,,,,,,
Valacco,GS-B-01661,16/5/2025 9:49:09,,gferrer214@gmail.com,,,,,Ricardo Terra,,,,,1,1,No,No,0,No,,No,,No,,Sí,Sí,No,,,,,,No,,,,No,No residen niños en el hogar,No,,No,No,4,,,,,,,,
Valacco,GS-B-01662,16/5/2025 9:51:08,,flacomuguerza@gmail.com,Floreció sanchez 1677,,,,Marcela,,,,,2,0,No hay menores,No,,No,,No,,No,,Sí,Sí,No,,,,,,No,,,,No,No residen niños en el hogar,No,,No,No,4,,,,,,,,
Valacco,GS-B-01663,16/5/2025 9:51:38,,lucaspinfer15@gmail.com,Pasaje los alerces,,,,Claudio Hernández,,,,,4,0,No hay menores,Sí,0,No,,No,,No,,Sí,Sí,No,,,,,,No,No,No,,No,Sí,Sí,Centro Periférico 16,Sí,Prefiero no decirlo,4,,,,,,,,
Valacco,GS-B-01664,16/5/2025 9:51:50,,melinacretton@gmail.com,Mariquita Sánchez de Thompson 1529,,,,Maria Alejandra,,,Alejandracoppo@gmail.com,,5,0,No hay menores,Sí,0,No,,No,,No,,Sí,Sí,No,,,,,,Sí,Sí,No,,No,No residen niños en el hogar,No,,Sí,No,4,,,,,,,,
Valacco,GS-B-01665,16/5/2025 9:52:15,,vivipomiglio@gmail.com,,,,,Ruben,,,,,2,0,No hay menores,No,0,No,,No,,No,,Sí,Sí,No,,,,,,No,No,No,,No,No residen niños en el hogar,No,,No,No,2,,,,,,,,
Valacco,GS-B-01666,16/5/2025 9:52:49,,riquelmesergio965@gmail.com,Laguna blanca 1739,,,,Monica,,,,,5,1,Sí,Sí,0,No,,No,,No,,Sí,Sí,No,,,,,,Sí,Sí,No,,No,No residen niños en el hogar,Sí,Centro Periférico 16,Sí,No,4,,,,,,,,
Valacco,GS-B-01667,16/5/2025 9:53:04,,latidosrio4@gmail.com,Tompshon 1542,,,,Cintia,,,3512452573,,5,1,No,No,,No,,Sí,,No,,Sí,Sí,No,,,,,,No,,,,No,Sí,Sí,Centro Periférico 16,No,No,4,,,,,,,,
Valacco,GS-B-01668,16/5/2025 9:53:16,,mariacristinaalonso68@gmail.com,,,,,Lurdes Castro,,,3585169849,,4,2,Sí,No,0,No,,No,,No,,Sí,Sí,No,,,,,,No,,,,No,Sí,Sí,Centro Periférico 16,No,No,3,,,,,,,,
Valacco,GS-B-01669,16/5/2025 9:55:08,,subsecretariadeninez@riocuarto.gov.ar,FRANCISCO MUÑIZ 1966,,,,Hugo sosa,,,3584269715,,2,0,No,No,0,No,,Sí,,No,,Sí,Sí,No,,,,,,No,No,No,,No,Sí,Sí,Centro Periférico 16,No,No,4,,,,,,,,
Valacco,GS-B-01670,16/5/2025 9:55:13,,nani.83chaves@gmail.com,Castigo 1752,,,,Vilma Miguez,,,,,1,0,No hay menores,No,0,No,,No,,No,,Sí,Sí,Sí,"Discapacidad física: Incluye limitaciones en la movilidad y funciones físicas, como la paraplejia, amputaciones y trastornos del movimiento.",No,No,,,Sí,Sí,Sí,Colonia San Francisco,No,No residen niños en el hogar,No,,Sí,No,1,,,,,,,,
Valacco,GS-B-01671,16/5/2025 9:55:21,,gferrer214@gmail.com,El Salvador,,,,Maria Pierri,,,,,5,3,Sí,No,0,No,,No,,No,,Sí,Sí,No,,,,,,No,No,,,No,Sí,No,,No,No,4,,,,,,,,
Valacco,GS-B-01672,16/5/2025 9:55:31,,josefinaandres88@gmail.com,,,,,Paola,,,3584394132,,5,1,Sí,No,0,No,,No,,No,,Sí,Sí,No,,,,,,No,,,,No,Sí,No,,Sí,No,4,,,,,,,,
Valacco,GS-B-01673,16/5/2025 9:56:08,,valenpereletegui@gmail.com,Laguna Blanca 1745,,,,,,,,,6,3,Sí,Sí,0,No,,No,,No,,Sí,Sí,No,,,,,,Sí,Sí,No,,No,Sí,No,,Sí,No,1,,,,,,,,
Valacco,GS-B-01674,16/5/2025 9:58:28,,atomofran@gmail.com,,,,,,,,,,4,0,No hay menores,No,0,No,,Sí,,No,,Sí,Sí,No,,,,,,Sí,Sí,No,,No,No residen niños en el hogar,No,,No,No,4,,,,,,,,
Valacco,GS-B-01675,16/5/2025 9:59:47,,mariacristinaalonso68@gmail.com,Pasaje Brochero 836,,,,,,,,,5,2,Sí,No,,No,,Sí,,No,,Sí,Sí,No,,,,,,No,,,,No,Sí,Sí,Centro Periférico 16,No,No,4,,,,,,,,
Valacco,GS-B-01676,16/5/2025 9:59:50,,josefinaandres88@gmail.com,,,,,Sabrina,,,3585123622,,3,0,No hay menores,No,0,No,,Sí,,No,,Sí,Sí,No,,,,,,No,,,,No,No residen niños en el hogar,Sí,Centro Periférico 16,No,No,3,,,,,,,,
Valacco,GS-B-01677,16/5/2025 10:01:33,,nani.83chaves@gmail.com,Castigo 1751,,,,Bernardino Jose,,,,,1,0,No hay menores,No,0,No,,No,,No,,Sí,Sí,No,,,,,,Sí,Sí,No,,No,No residen niños en el hogar,No,,No,No,4,,,,,,,,
Valacco,GS-B-01678,16/5/2025 10:02:46,,kirara.kyuden@gmail.com,,,,,,,,,,2,0,No hay menores,No,0,No,,No,,No,,Sí,Sí,No,,,,,,Sí,Sí,No,,No,No residen niños en el hogar,Sí,Centro Periférico 16,Sí,No,4,,,,,,,,
Valacco,GS-B-01679,16/5/2025 10:03:36,,maxibuch87@gmail.com,El salvador 948,,,,,,,,,2,0,No hay menores,No,0,No,,No,,No,,Sí,Sí,No,,,,,,No,No,No,,No,No residen niños en el hogar,No,,No,No,4,,,,,,,,
Valacco,GS-B-01680,16/5/2025 10:03:41,,kg9793067@gmail.com,Bariloche 1703,,,,Carla Gallardo,,,3585109180,,6,2,Sí,Sí,0,No,,No,,No,,Sí,Sí,No,,,,,,Sí,Sí,No,,No,Sí,Sí,Centro Periférico 16,Sí,No,3,,,,,,,,
Valacco,GS-B-01681,16/5/2025 10:05:05,,riquelmesergio965@gmail.com,Laguna blanca 1797,,,,Santoago,,,,,2,0,No,No,0,No,,No,,No,,Sí,Sí,No,,,,,,No,No,No,,No,No residen niños en el hogar,Sí,S24 Banda Norte,No,No,4,,,,,,,,
Valacco,GS-B-01682,16/5/2025 10:05:16,,melinacretton@gmail.com,Mariquita Sánchez de Thompson 1608,,,,Marcela,,,,,2,0,No hay menores,Sí,0,No,,No,,No,,Sí,Sí,No,,,,,,Sí,Sí,Sí,Centro jubilados municipales,No,No residen niños en el hogar,No,,Sí,No,4,,,,,,,,
Valacco,GS-B-01683,16/5/2025 10:06:01,,jaelrolon1@gmail.com,Francisco muñiz 1719,,,,Maria,,,3586015832,,2,0,No hay menores,No,,No,,No,,No,,Sí,Sí,No,,,,,,Sí,Sí,No,,No,No residen niños en el hogar,Sí,Centro Periférico 12,Sí,No,4,,,,,,,,
Valacco,GS-B-01684,16/5/2025 10:07:27,,mariacristinaalonso68@gmail.com,,,,,Martin Heredia,,,,,1,0,No,No,0,No,,No,,No,,Sí,Sí,No,,,,,,Sí,Sí,No,,No,No residen niños en el hogar,No,,Sí,No,2,,,,,,,,
Valacco,GS-B-01685,16/5/2025 10:08:29,,flacomuguerza@gmail.com,El Salvador 790,,,,Alberto,,,,,2,0,No hay menores,No,,Sí,No,No,,No,,Sí,Sí,No,,,,,,Sí,Sí,No,,No,No residen niños en el hogar,Sí,S24 Banda Norte,Sí,No,4,,,,,,,,
Valacco,GS-B-01686,16/5/2025 10:10:08,,gferrer214@gmail.com,Salvador,,,,Aurelio,,,,,2,2,No,No,0,No,,No,,No,,Sí,Sí,No,,,,,,Sí,Sí,No,,No,No residen niños en el hogar,No,,No,No,4,,,,,,,,
Valacco,GS-B-01687,16/5/2025 10:11:03,,latidosrio4@gmail.com,Tompshon y cuba,,,,Jorge,,,3584389944,,1,0,No hay menores,No,,No,,No,,No,,Sí,Sí,No,,,,,,No,,,,No,No residen niños en el hogar,Sí,"Hospital Regional ""San Antonio de Padua""",Sí,No,4,,,,,,,,
Valacco,GS-B-01688,16/5/2025 10:12:35,,josefinaandres88@gmail.com,,,,,,,,,,2,0,No hay menores,No,0,No,,Sí,,Sí,,No,No,Sí,"Discapacidad psicosocial: Abarca trastornos mentales y emocionales que afectan la interacción social y la salud emocional, como la depresión, la ansiedad y la esquizofrenia.",Sí,No lo sé,,,Sí,No lo sé,,,No,No residen niños en el hogar,Sí,Centro Periférico 16,Sí,No,2,,,,,,,,
Valacco,GS-B-01689,16/5/2025 10:13:01,,melinacretton@gmail.com,Mariquita Sánchez de Thompson 1642,,,,Juana,,,,,4,0,No hay menores,Sí,0,No,,No,,No,,Sí,Sí,Sí,"Discapacidad física: Incluye limitaciones en la movilidad y funciones físicas, como la paraplejia, amputaciones y trastornos del movimiento.",No,No,,,Sí,No,No,,No,No residen niños en el hogar,No,,Sí,No,4,,,,,,,,
Valacco,GS-B-01690,16/5/2025 10:13:40,,atomofran@gmail.com,,,,,,,,,,2,0,No,No,0,No,,No,,No,,Sí,Sí,No,,,,,,Sí,Sí,No,,No,No residen niños en el hogar,No,,Sí,No,4,,,,,,,,
Valacco,GS-B-01691,16/5/2025 10:14:20,,maxibuch87@gmail.com,El salvador 930,,,,Pilar,,,3537678780,,1,0,No hay menores,No,0,No,,No,,No,,Sí,Sí,No,,,,,,No,No,No,,No,No residen niños en el hogar,No,Centro Periférico 16,No,No,4,,,,,,,,
Valacco,GS-B-01692,16/5/2025 10:15:25,,mariacristinaalonso68@gmail.com,,,,,Leonsio Ledesma,,,,,1,0,No hay menores,No,0,No,,No,,No,,Sí,No,No,,,,,,No,,,,No,No residen niños en el hogar,No,,No,No,4,,,,,,,,
Valacco,GS-B-01693,16/5/2025 10:18:36,,nani.83chaves@gmail.com,Natali0 Castagno 1633,,,,Mabel,,,,,8,4,Sí,No,0,No,,No,,No,,Sí,Sí,No,,,,,,No,No,No,,No,Sí,Sí,Centro Periférico 16,No,Sí,2,,,,,,,,
Valacco,GS-B-01694,16/5/2025 10:21:06,,vivipomiglio@gmail.com,,,,,,,,,,1,0,No hay menores,Sí,0,Sí,No,No,,No,,Sí,Sí,No,,,,,,Sí,Sí,No,,No,No residen niños en el hogar,No,,No,No,3,,,,,,,,
Valacco,GS-B-01695,16/5/2025 10:23:14,,jaelrolon1@gmail.com,,,,,,,,,,5,2,Sí,No,0,No,,No,,No,,Sí,Sí,No,,,,,,No,,,,No,Sí,No,,No,No,4,,,,,,,,
Valacco,GS-B-01696,16/5/2025 10:23:16,,josefinaandres88@gmail.com,,,,,,,,,,4,1,Sí,No,0,No,,No,,No,,Sí,Sí,No,,,,,,No,,,,No,Sí,No,,Sí,No,4,,,,,,,,
Valacco,GS-B-01697,16/5/2025 10:23:49,,nani.83chaves@gmail.com,Natación Costagno 1619,,,,Lucero Noelia,,,,,5,0,No hay menores,No,0,No,,No,,No,,Sí,Sí,No,,,,,,Sí,Sí,No,,No,No residen niños en el hogar,Sí,Centro Periférico 16,Sí,No,4,,,,,,,,
Valacco,GS-B-01698,16/5/2025 10:24:07,,gferrer214@gmail.com,Muñiz,,,,Isabel Sosa,,,,,2,0,No,Sí,0,No,,No,,No,,Sí,No,No,,,,,,Sí,Sí,No,,No,No residen niños en el hogar,No,,No,No,4,,,,,,,,
Valacco,GS-B-01699,16/5/2025 10:26:23,,subsecretariadeninez@riocuarto.gov.ar,,,,,,,,,,4,1,Sí,No,0,No,,Sí,,No,,Sí,Sí,No,,,,,,No,No,No,,No,No lo sé,Sí,Centro Periférico 2,No,Sí,4,,,,,,,,
Valacco,GS-B-01700,16/5/2025 10:29:43,,vivipomiglio@gmail.com,El Salvador 674,,,,Agustina,,,,,4,0,No hay menores,No,0,No,,No,,No,,Sí,Sí,No,,,,,,No,,,,No,No residen niños en el hogar,No,,No,No,4,,,,,,,,
Valacco,GS-B-01701,16/5/2025 10:29:44,,valenpereletegui@gmail.com,Lanín 1712,,,,,,,,,5,1,Sí,No,0,No,,Sí,,No,,Sí,Sí,No,,,,,,Sí,Sí,No,,No,Sí,Sí,Centro Periférico 16,No,No,4,,,,,,,,
Valacco,GS-B-01702,16/5/2025 10:33:09,,kirara.kyuden@gmail.com,,,,,,,,,,1,0,No hay menores,No,0,No,,No,,No,,Sí,Sí,No,,,,,,No,No,No,,No,No residen niños en el hogar,No,,No,No,4,,,,,,,,
Valacco,GS-B-01703,16/5/2025 10:34:25,,melinacretton@gmail.com,Mariquita Sánchez de Thompson 1886,,,,Karina,,,,,3,0,No hay menores,Sí,0,No,,No,,No,,Sí,Sí,No,,,,,,No,No,No,,No,No residen niños en el hogar,Sí,Centro Periférico 16,Sí,No,4,,,,,,,,
Valacco,GS-B-01704,16/5/2025 10:34:36,,gferrer214@gmail.com,,,,,Franco,,,,,4,0,No hay menores,No,0,No,,No,,No,,Sí,No,No,,,,,,No,,,,No,No residen niños en el hogar,No,,No,No,4,,,,,,,,
Valacco,GS-B-01705,16/5/2025 10:36:16,,josefinaandres88@gmail.com,,,,,,,,,,4,2,Sí,No,0,No,,No,,No,,Sí,Sí,No,,,,,,No,,,,No,Sí,Sí,Centro Periférico 2,No,No,4,,,,,,,,
Valacco,GS-B-01706,16/5/2025 10:36:44,,riquelmesergio965@gmail.com,Paje 1745,,,,Ale,,,,,4,2,Sí,No,0,No,,No,,No,,Sí,Sí,No,,,,,,No,No,No,,No,Sí,Sí,Centro Periférico 16,No,No,4,,,,,,,,
Valacco,GS-B-01707,16/5/2025 10:37:16,,vivipomiglio@gmail.com,El Salvador 626,,,,Paula,,,,,4,0,No hay menores,No,,No,,No,,No,,Sí,Sí,No,,,,,,No,,,,No lo sé,No residen niños en el hogar,No,,No,No,4,,,,,,,,
Valacco,GS-B-01708,16/5/2025 10:40:51,,melinacretton@gmail.com,Mariquita Sánchez de Thompson 1890,,,,Leticia,,,,,3,1,No,Sí,0,No,,No,,No,,Sí,Sí,No,,,,,,No,No,No,,No,Sí,Sí,Centro Periférico 16,No,No,4,,,,,,,,
Valacco,GS-B-01709,16/5/2025 10:43:22,,latidosrio4@gmail.com,Thompson 1832,,,,Adriana,,,3586027104,,2,0,No hay menores,No,,No,,No,,No,,Sí,Sí,No,,,,,,Sí,Sí,No,,No,No residen niños en el hogar,No,,No,No,4,,,,,,,,
Valacco,GS-B-01710,16/5/2025 10:43:36,,vivipomiglio@gmail.com,Salvador 620,,,,Cora,,,,,2,0,No hay menores,No,0,No,,No,,No,,Sí,Sí,No,,,,,,Sí,Sí,No lo sé,Son vecinos nuevos y no saben de lugares,No,No residen niños en el hogar,No,,No,No,4,,,,,,,,
Valacco,GS-B-01711,16/5/2025 10:53:15,,vivipomiglio@gmail.com,Costa Rica 634,,,,Vanesa,,,,,2,0,No hay menores,No,0,No,,No,,No,,Sí,Sí,No,,,,,,Sí,Sí,No,,No,No residen niños en el hogar,No,,No,No,4,,,,,,,,
Valacco,GS-B-01712,16/5/2025 10:53:22,,flacomuguerza@gmail.com,,,,,,,,,,3,0,No hay menores,No,,No,,No,,No,,Sí,Sí,No,,,,,,Sí,Sí,No,,No,No residen niños en el hogar,Sí,S24 Banda Norte,No,No,4,,,,,,,,
Valacco,GS-B-01713,16/5/2025 10:54:56,,melinacretton@gmail.com,Concejal de la barrera 1876,,,,Noemi,,,,,6,4,Sí,Sí,0,No,,Sí,,No,,Sí,Sí,No,,,,,,No,No,No,,No,Sí,No,,No,No,4,,,,,,,,
Valacco,GS-B-01714,16/5/2025 10:57:55,,latidosrio4@gmail.com,Paje sola de la barrera 1855,,,,Jeremías,,,,,4,2,Sí,No,,No,,No,,No,,Sí,Sí,No,,,,,,No,,,,No,Sí,Sí,Centro Periférico 16,No,No,4,,,,,,,,
Valacco,GS-B-01715,16/5/2025 10:58:55,,jaelrolon1@gmail.com,,,,,,,,,,4,1,Sí,No,0,No,,No,,No,,Sí,Sí,No,,,,,,Sí,No,No,,No,Sí,Sí,S24 Banda Norte,No,No,4,,,,,,,,
Valacco,GS-B-01716,16/5/2025 10:59:58,,vivipomiglio@gmail.com,Costa Rica 642,,,,Lucas,,,,,2,0,No hay menores,No,,No,,No,,No,,Sí,Sí,No,,,,,,Sí,Sí,No,,No,No residen niños en el hogar,No,,No,No,4,,,,,,,,
Valacco,GS-B-01717,16/5/2025 11:03:08,,subsecretariadeninez@riocuarto.gov.ar,,,,,,,,,,2,0,No,No,0,Sí,No,No,,No,,Sí,Sí,No,,,,,,No,No,No,,No,Sí,No,,No,No,2,,,,,,,,
Valacco,GS-B-01718,16/5/2025 11:03:21,,melinacretton@gmail.com,Concejal de la barrera 1852,,,,Silviana,,,,,3,0,No hay menores,No,0,No,,No,,No,,Sí,Sí,Sí,"Discapacidad intelectual: Comprende condiciones que afectan el funcionamiento cognitivo y la capacidad de aprendizaje, como el síndrome de Down y otros trastornos del desarrollo intelectual.",No lo sé,No,,,Sí,No,,,No,Sí,Sí,Centro de Salud Municipal,Sí,No,4,,,,,,,,
Valacco,GS-B-01719,16/5/2025 11:07:02,,melinacretton@gmail.com,Concejal de la barrera 1845,,,,Jesica,,,,,3,1,Sí,Sí,0,No,,No,,No,,Sí,Sí,No,,,,,,No,No,No,,No,Sí,Sí,Centro Periférico 16,No,No,4,,,,,,,,
Valacco,GS-B-01720,16/5/2025 11:13:41,,latidosrio4@gmail.com,Oje concejal de la barrera 1832,,,,Carlos,,,,,3,0,No hay menores,No,,No,,No,,No,,Sí,Sí,No,,,,,,Sí,Sí,No,,No,No residen niños en el hogar,No,,No,No,4,,,,,,,,
Valacco,GS-B-01721,16/5/2025 11:20:25,,vivipomiglio@gmail.com,Pje Concejales de la Barrera 1556,,,,Juan,,,,,1,0,No hay menores,No,0,No,,No,,No,,Sí,Sí,No,,,,,,Sí,,No,,No,No residen niños en el hogar,Sí,S24 Banda Norte,No,No,3,,,,,,,,
Valacco,GS-B-01722,16/5/2025 11:26:26,,jaelrolon1@gmail.com,Pje. Solange de la barrera 1534,,,,Lautaro,,,2584241056,,2,0,No hay menores,No,,No,,No,,No,,Sí,Sí,No,,,,,,No,No,No,,No,Sí,No,,No,No,4,,,,,,,,
Valacco,GS-B-01723,16/5/2025 11:33:56,,vivipomiglio@gmail.com,Cuál dela Barrera 1414,,,,Rocio,,,,,3,0,No hay menores,No,,No,,No,,No,,Sí,Sí,No,,,,,,Sí,Sí,No,PEAM,No,No residen niños en el hogar,No,,No,No,3,,,,,,,,
Pueblo Alberdi (Obrero),GS-B-01724,6/6/2025 9:21:51,,ferrero892@gmail.com,,,,,Roxana,,,3585730597,,5,3,Sí,No,0,No,,Sí,,No,,Sí,Sí,Sí,"Discapacidad física: Incluye limitaciones en la movilidad y funciones físicas, como la paraplejia, amputaciones y trastornos del movimiento.",Sí,No,,Participa en cursos de la provincia,No,No,No,,No,Sí,Sí,Centro Periférico 11,Sí,No,4,,,,,,,,
Pueblo Alberdi (Obrero),GS-B-01725,6/6/2025 9:23:16,,maxibuch87@gmail.com,Yapeyu 883,,,,Ojeda Javier,,,3585617973,,4,1,Sí,No,0,No,,No,,No,,Sí,Sí,No,,,,,,Sí,Sí,No,,No,No residen niños en el hogar,Sí,Centro Periférico 1,Sí,No,4,,,,,,,,
Pueblo Alberdi (Obrero),GS-B-01726,6/6/2025 9:23:39,,atomofran@gmail.com,Sarratea 788,,,,Sergio flores,,,3584021743,,3,1,Sí,No,0,No,,No,,No,,Sí,Sí,No,,,,,,Sí,Sí,No,,No,Sí,Sí,S24 Alberdi,No,No,4,,,,,,,,
Pueblo Alberdi (Obrero),GS-B-01727,6/6/2025 9:33:35,,gnesuttamarcelo10@gmail.com,Adelia Maria 990,,,,Leonardo,,,3584321251,,5,3,Sí,No,0,No,,Sí,,Sí,,Sí,Sí,No,,,,,,No,,,,No,Sí,Sí,Centro Periférico 11,No,No,2,,,,,,,,
Pueblo Alberdi (Obrero),GS-B-01728,6/6/2025 9:33:57,,ferrero892@gmail.com,Yapeyu 846,,,,Luis,,,3584923124,,6,5,Sí,No,0,No,,Sí,,No,,Sí,No,No,,,,,,No,No,No,,No,Sí,Sí,Centro Periférico 1,No,No,2,,,,,,,,
Pueblo Alberdi (Obrero),GS-B-01729,6/6/2025 9:34:31,,latidosrio4@gmail.com,Serratea 721,,,,Sandra raquel lopez,,,3586006377,,5,1,Sí,No,,No,,No,,No,,Sí,Sí,Sí,"Discapacidad física: Incluye limitaciones en la movilidad y funciones físicas, como la paraplejia, amputaciones y trastornos del movimiento.",No,No,,,Sí,No,No,,No,Sí,Sí,Centro Periférico 1,Sí,No,4,,,,,,,,
Pueblo Alberdi (Obrero),GS-B-01730,6/6/2025 9:37:24,,flacomuguerza@gmail.com,Adelante Maria 906,,,,Gaspar,,,,,3,1,No,No,,No,,No,,No,,Sí,Sí,No,,,,,,No,,,,No,Sí,Sí,S24 Alberdi,No,No,4,,,,,,,,
Pueblo Alberdi (Obrero),GS-B-01731,6/6/2025 9:38:47,,mariacristinaalonso68@gmail.com,Intendente Daguerre1076,,,,Marins,,,,,7,5,Sí,No,,No,,Sí,,Sí,,Sí,Sí,No,,,,,,No,,,,No,Sí,Sí,Centro Periférico 11,No,No,4,,,,,,,,
Pueblo Alberdi (Obrero),GS-B-01732,6/6/2025 9:38:58,,atomofran@gmail.com,Sarratea 777,,,,Gaston,,,3585106869,,2,0,No,No,0,No,,No,,No,,Sí,Sí,Sí,"Discapacidad física: Incluye limitaciones en la movilidad y funciones físicas, como la paraplejia, amputaciones y trastornos del movimiento.",Sí,No,,"Desconoce el yerno. Aparentemente por los dolores, la señora presenta secuelas de un ACV.",No,Sí,No,,No,No lo sé,Sí,"Hospital Regional ""San Antonio de Padua""",Sí,No,4,,,,,,,,
Pueblo Alberdi (Obrero),GS-B-01733,6/6/2025 9:45:11,,sole3dades@gmail.com,Intendente Daguerre 1068,,,,Alejandro,,,3586540615,,4,1,Sí,No,0,No,,No,,No,,Sí,Sí,No,,,,,,Sí,Sí,No,,No,Sí,Sí,S24 Alberdi,Sí,No,4,,,,,,,,
Pueblo Alberdi (Obrero),GS-B-01734,6/6/2025 9:46:21,,moyanofacundo88@gmail.com,Yapeyu 835,,,,Maria jose iriarte,,,,,2,0,No,Sí,0,No,,No,,No,,Sí,Sí,No,,,,,,No,No,No,,No,No,Sí,"Hospital Regional ""San Antonio de Padua""",No,No,4,,,,,,,,
Pueblo Alberdi (Obrero),GS-B-01735,6/6/2025 9:47:04,,flacomuguerza@gmail.com,,,,,,,,,,5,3,Sí,Sí,,No,,No,,Sí,,Sí,Sí,No,,,,,,No,,,,No,Sí,Sí,Centro Periférico 11,No,No,2,,,,,,,,
Pueblo Alberdi (Obrero),GS-B-01736,6/6/2025 9:47:42,,mariacristinaalonso68@gmail.com,,,,,Lara gianmarco,,,,,4,2,Sí,No,,No,,No,,No,,Sí,Sí,No,,,,,,No,,,,No,Sí,Sí,Centro Periférico 11,No,No,4,,,,,,,,
Pueblo Alberdi (Obrero),GS-B-01737,6/6/2025 9:48:58,,kg9793067@gmail.com,Santa Maria de oro 1078,,,,Rosa,,,3584382816,,2,0,No hay menores,Sí,0,No,,No,,No,,Sí,Sí,Sí,"Discapacidad física: Incluye limitaciones en la movilidad y funciones físicas, como la paraplejia, amputaciones y trastornos del movimiento.",No,No,,No tiene vehículo para movilizarce,Sí,Sí,No,,No,No residen niños en el hogar,No,,Sí,No,2,,,,,,,,
Pueblo Alberdi (Obrero),GS-B-01738,6/6/2025 9:49:36,,latidosrio4@gmail.com,Serratea 848,,,,Alejandra,,,,,1,0,No hay menores,No,,No,,Sí,,No,,Sí,Sí,No,,,,,,No,,,,No,No residen niños en el hogar,Sí,Centro Periférico 11,No,No,4,,,,,,,,
Pueblo Alberdi (Obrero),GS-B-01739,6/6/2025 9:51:27,,natyvgomez2011@gmail.com,J. D solis 1196,,,,Miguel,,,J. Diaz de solis 1196,,2,0,No hay menores,No,0,No,,No,,No,,Sí,Sí,Sí,"Discapacidad múltiple: Se refiere a personas que presentan combinaciones de dos o más tipos de discapacidad, afectando diversas áreas de su vida.",No,No,,,Sí,Sí,No,,No,No residen niños en el hogar,No,,Sí,No,3,,,,,,,,
Pueblo Alberdi (Obrero),GS-B-01740,6/6/2025 9:57:09,,florenncia.ortiz@gmail.com,Sarratea 861,,,,Osmar vargas,,,No tiene,,1,0,No hay menores,No,0,No,,No,,Sí,,No,No,Sí,"Discapacidad física: Incluye limitaciones en la movilidad y funciones físicas, como la paraplejia, amputaciones y trastornos del movimiento.",No lo sé,No,,No tiene conocimiento,Sí,Sí,No,,No,No residen niños en el hogar,Sí,S24 Alberdi,Sí,No,1,,,,,,,,
Pueblo Alberdi (Obrero),GS-B-01741,6/6/2025 9:57:49,,gnesuttamarcelo10@gmail.com,Adelia Maria 860,,,,Eva,,,3585013788,,2,0,No,No,0,No,,Sí,,No,,Sí,Sí,Sí,"Discapacidad psicosocial: Abarca trastornos mentales y emocionales que afectan la interacción social y la salud emocional, como la depresión, la ansiedad y la esquizofrenia.",Sí,No,,,Sí,Sí,No,,No,Sí,Sí,Centro Periférico 11,Sí,No,2,,,,,,,,
Pueblo Alberdi (Obrero),GS-B-01742,6/6/2025 9:58:12,,mariacristinaalonso68@gmail.com,,,,,Clarisa,,,,,4,2,Sí,No,0,No,,Sí,,No,,Sí,Sí,No,,,,,,No,No,,,No,Sí,No,Centro Periférico 11,No,No,4,,,,,,,,
Pueblo Alberdi (Obrero),GS-B-01743,6/6/2025 9:58:23,,atomofran@gmail.com,Sarratea 867,,,,Susana Angelica López,,,3584245263,,2,0,No,No,0,No,,Sí,,No,,Sí,Sí,No,,,,,,Sí,Sí,No,,No,No residen niños en el hogar,Sí,S24 Alberdi,Sí,No,4,,,,,,,,
Pueblo Alberdi (Obrero),GS-B-01744,6/6/2025 9:58:58,,sole3dades@gmail.com,Daguerre 1044,,,,Florencia,,,3585073300,,4,2,Sí,No,0,No,,No,,No,,Sí,Sí,No,,,,,,No,,,,No,Sí,Sí,Centro de Salud Municipal,No,No,4,,,,,,,,
Pueblo Alberdi (Obrero),GS-B-01745,6/6/2025 10:00:19,,kg9793067@gmail.com,Santa maría de oro 1054,,,,Rosa Alejandra tisera,,,3586012228,,4,10,No hay menores,No,0,No,,No,,No,,Sí,Sí,No,,,,,,No,,,,No,No residen niños en el hogar,No,,Sí,No,4,,,,,,,,
Pueblo Alberdi (Obrero),GS-B-01746,6/6/2025 10:00:50,,moyanofacundo88@gmail.com,Adelia maria 815,,,,Noriega paulina,,,,,3,1,Sí,No,0,No,,Sí,,No,,Sí,Sí,No,,,,,,No,No,No,,No,Sí,Sí,Centro Periférico 1,Sí,No,4,,,,,,,,
Pueblo Alberdi (Obrero),GS-B-01747,6/6/2025 10:03:43,,maxibuch87@gmail.com,Yapeyu 1050,,,,Arabel Rosana,,,,,6,2,Sí,No,0,No,,Sí,,No,,Sí,No,No,,,,,,No,No,No,,No,Sí,Sí,Centro Periférico 11,No,No,2,,,,,,,,
Pueblo Alberdi (Obrero),GS-B-01748,6/6/2025 10:07:05,,lucaspinfer15@gmail.com,,,,,Lidia,,,,,2,0,No hay menores,Sí,0,Sí,No,No,,No,,Sí,Sí,No,,,,,,Sí,Sí,Sí,,No lo sé,No,No,,Sí,No,2,,,,,,,,
Pueblo Alberdi (Obrero),GS-B-01749,6/6/2025 10:07:22,,mariacristinaalonso68@gmail.com,,,,,Belen,,,,,4,2,Sí,No,,No,,No,,No,,Sí,Sí,No,,,,,,No,,No,,No,No,Sí,Centro Periférico 1,No,No,4,,,,,,,,
Pueblo Alberdi (Obrero),GS-B-01750,6/6/2025 10:07:52,,florenncia.ortiz@gmail.com,Sarraceno 970,,,,Brisa,,,3584180562,,4,2,Sí,No,0,No,,No,,No,,Sí,Sí,No,,,,,,No,,,,No,Sí,Sí,S24 Alberdi,No,No,4,,,,,,,,
Pueblo Alberdi (Obrero),GS-B-01751,6/6/2025 10:08:54,,moyanofacundo88@gmail.com,adelia maria 845,,,,Cuello lautaro,,,,,1,0,No,Sí,0,No,,No,,No,,Sí,Sí,No,,,,,,No,No,No,,No,No,No,,No,No,4,,,,,,,,
Pueblo Alberdi (Obrero),GS-B-01752,6/6/2025 10:08:55,,latidosrio4@gmail.com,Serratea 958,,,,Claudia,,,3584924700,,4,1,Sí,No,,No,,Sí,,No,,Sí,Sí,No,,,,,,Sí,Sí,No,Hace poco reside en rio cuarto,No,Sí,Sí,Centro Periférico 1,Sí,No,4,,,,,,,,
Pueblo Alberdi (Obrero),GS-B-01753,6/6/2025 10:10:57,,flacomuguerza@gmail.com,Adelante Maria 810 casa interna,,,,Ilma ortega,,,3585700507,,4,0,Sí,Sí,,Sí,No,No,,Sí,,Sí,Sí,No,,,,,,No,,,,No,Sí,Sí,Centro Periférico 11,No,No,2,,,,,,,,
Pueblo Alberdi (Obrero),GS-B-01754,6/6/2025 10:12:34,,kg9793067@gmail.com,Santa maría de oro 980,,,,Vanesa luna,,,3571599965,,2,1,Sí,No,0,No,,No,,No,,Sí,Sí,No,,,,,,No,,,,No,Sí,Sí,Centro Periférico 11,Sí,No,4,,,,,,,,
Pueblo Alberdi (Obrero),GS-B-01755,6/6/2025 10:13:37,,maxibuch87@gmail.com,Yapeyu 1076,,,,Lopez Yoana,,,3585149108,,6,2,Sí,No,,No,,No,,No,,Sí,Sí,Sí,"Discapacidad física: Incluye limitaciones en la movilidad y funciones físicas, como la paraplejia, amputaciones y trastornos del movimiento.",Sí,Sí,Centro 11,,Sí,Sí,No,,No,Sí,Sí,Centro Periférico 11,No,No,4,,,,,,,,
Pueblo Alberdi (Obrero),GS-B-01756,6/6/2025 10:15:38,,atomofran@gmail.com,Sarratea 992,,,,Ulises Barroso,,,,,6,2,Sí,Sí,0,No,,Sí,,Sí,,Sí,Sí,No,,,,,,No,No,No,,Sí,Sí,Sí,S24 Alberdi,Sí,No lo sé,2,,,,,,,,
Pueblo Alberdi (Obrero),GS-B-01757,6/6/2025 10:16:42,,natyvgomez2011@gmail.com,S .M de Oro 958,,,,Domingo,,,3584229372,,2,0,No hay menores,No,0,No,,No,,No,,Sí,No,No,,,,,,Sí,Sí,No,,No,No residen niños en el hogar,No,,Sí,No,4,,,,,,,,
Pueblo Alberdi (Obrero),GS-B-01758,6/6/2025 10:17:01,,mariacristinaalonso68@gmail.com,,,,,,,,,,4,2,Sí,No,,No,,No,,No,,Sí,Sí,No,,,,,,No,,,,No,Sí,Sí,Centro Periférico 11,No,No,4,,,,,,,,
Pueblo Alberdi (Obrero),GS-B-01759,6/6/2025 10:20:05,,kg9793067@gmail.com,Santa maría de oro 978,,,,Pamela,,,358317053,,6,4,Sí,No,0,No,,No,,No,,Sí,Sí,No,,,,,,No,,,,No,No,Sí,Centro Periférico 11,No,No,4,,,,,,,,
Pueblo Alberdi (Obrero),GS-B-01760,6/6/2025 10:20:42,,gnesuttamarcelo10@gmail.com,Adelia Maria 885,,,,Miguel,,,3585729567,,5,1,No,No,0,No,,Sí,,No,,Sí,Sí,No,,,,,,No,,,,No,Sí,Sí,Centro Periférico 14,No,No,3,,,,,,,,
Pueblo Alberdi (Obrero),GS-B-01761,6/6/2025 10:23:22,,latidosrio4@gmail.com,Serratea 1034,,,,Rosa,,,3584836674,,7,3,Sí,Sí,,No,,Sí,,No,,Sí,Sí,Sí,"Discapacidad física: Incluye limitaciones en la movilidad y funciones físicas, como la paraplejia, amputaciones y trastornos del movimiento.",Sí,No,,No tienen información,No,,,,No,Sí,Sí,Centro de Salud Oncativo,Sí,No,2,,,,,,,,
Pueblo Alberdi (Obrero),GS-B-01762,6/6/2025 10:24:59,,florenncia.ortiz@gmail.com,Sarraceno 1057,,,,Rocio Gallardo,,,3584819537,,7,3,Sí,No,0,No,,No,,No,,Sí,Sí,No,,,,,,No,,,,No,Sí,Sí,Centro Periférico 11,No,No,4,,,,,,,,
Pueblo Alberdi (Obrero),GS-B-01763,6/6/2025 10:25:00,,maxibuch87@gmail.com,Yapeyu 1137,,,,Fernandez emanuel,,,3584321391,,4,2,No hay menores,No,0,No,,Sí,,No,,Sí,Sí,No,,,,,,No,No,No,,No,Sí,Sí,Centro Periférico 11,No,No,4,,,,,,,,
Pueblo Alberdi (Obrero),GS-B-01764,6/6/2025 10:26:52,,flacomuguerza@gmail.com,Adelante maria961,,,,Maria gladis cuello,,,3586105310,,6,3,Sí,No,,No,,No,,Sí,,Sí,Sí,Sí,"Discapacidad intelectual: Comprende condiciones que afectan el funcionamiento cognitivo y la capacidad de aprendizaje, como el síndrome de Down y otros trastornos del desarrollo intelectual.",No,No,,Por vergüenza bulling,No,,,,No,Sí,Sí,Centro Periférico 11,Sí,No,3,,,,,,,,
Pueblo Alberdi (Obrero),GS-B-01765,6/6/2025 10:29:51,,atomofran@gmail.com,Sarratea 1053,,,,Héctor Romoldo González,,,3585743297,,1,0,No,Sí,0,No,,No,,No,,Sí,Sí,Sí,"Discapacidad física: Incluye limitaciones en la movilidad y funciones físicas, como la paraplejia, amputaciones y trastornos del movimiento.",No,No,,Por el momento no. Debido a que recién sale de estar privado de su libertad. El mismo presenta dedos amputados y hernias de discos en la columna. Está por empezar sus tramites para la pensión.,No,No,No,,No,No residen niños en el hogar,No,,No,No,4,,,,,,,,
Pueblo Alberdi (Obrero),GS-B-01766,6/6/2025 10:30:30,,mariacristinaalonso68@gmail.com,,,,,Elva Moreno,,,,,3,1,Sí,Sí,,No,,No,,No,,Sí,Sí,No,,,,,,Sí,Sí,No,,No,Sí,Sí,Centro Periférico 11,Sí,No,2,,,,,,,,
Pueblo Alberdi (Obrero),GS-B-01767,6/6/2025 10:31:18,,moyanofacundo88@gmail.com,Adelia maria 1030,,,,Dominguez miguel,,,,,5,3,Sí,Sí,0,No,,Sí,,No,,Sí,Sí,No,,,,,,No,No,No,,No,No,Sí,Centro Periférico 11,No,No,4,,,,,,,,
Pueblo Alberdi (Obrero),GS-B-01768,6/6/2025 10:31:20,,kg9793067@gmail.com,Santa maría se oro 118,,,,Angela,,,358 5626229,,4,1,Sí,Sí,0,No,,No,,No,,Sí,Sí,No,,,,,,Sí,Sí,No,,No,Sí,Sí,Centro Periférico 11,Sí,No,2,,,,,,,,
Pueblo Alberdi (Obrero),GS-B-01769,6/6/2025 10:34:29,,florenncia.ortiz@gmail.com,Sarratea 1112,,,,Ester carrizo,,,3585162085,,1,0,No hay menores,Sí,,No,,No,,No,,Sí,Sí,No,,,,,,Sí,Sí,No,,No,No residen niños en el hogar,No,,Sí,No,3,,,,,,,,
Pueblo Alberdi (Obrero),GS-B-01770,6/6/2025 10:37:23,,mariacristinaalonso68@gmail.com,,,,,Sergio Albornoz,,,3585131749,,7,5,Sí,No,,No,,No,,No,,Sí,Sí,No,,,,,,No,,,,No,Sí,Sí,Centro Periférico 11,No,No,4,,,,,,,,
Pueblo Alberdi (Obrero),GS-B-01771,6/6/2025 10:38:12,,maxibuch87@gmail.com,Yapeyu 989,,,,Silvia Garay de Nuñez,,,,,4,1,No,No,0,No,,No,,No,,Sí,Sí,No,,,,,,Sí,Sí,No,,No,Sí,No,,Sí,No,4,,,,,,,,
Pueblo Alberdi (Obrero),GS-B-01772,6/6/2025 10:40:49,,latidosrio4@gmail.com,Serratea 1100,,,,Martin,,,3584318497,,4,2,Sí,No,,No,,Sí,,No,,Sí,Sí,No,,,,,,No,,,,No,Sí,Sí,Centro Periférico 11,Sí,No,4,,,,,,,,
Pueblo Alberdi (Obrero),GS-B-01773,6/6/2025 10:41:21,,sole3dades@gmail.com,,,,,Alejandra,,,,,2,0,No hay menores,No,,No,,Sí,,No,,Sí,Sí,No,,,,,,No,,,,No,Sí,Sí,S24 Alberdi,Sí,No,4,,,,,,,,
Pueblo Alberdi (Obrero),GS-B-01774,6/6/2025 10:41:24,,gnesuttamarcelo10@gmail.com,Adelia Maria 1086,,,,Guillermo,,,34848914902,,5,3,Sí,No,0,No,,Sí,,No,,Sí,Sí,No,,,,,,No,,,,No,Sí,Sí,Centro Periférico 11,No,No,4,,,,,,,,
Pueblo Alberdi (Obrero),GS-B-01775,6/6/2025 10:41:30,,flacomuguerza@gmail.com,Adrian Maria 1054,,,,Gisell guardia,,,3585734186,,6,3,Sí,No,,Sí,No,No,,Sí,,Sí,Sí,Sí,"Discapacidad intelectual: Comprende condiciones que afectan el funcionamiento cognitivo y la capacidad de aprendizaje, como el síndrome de Down y otros trastornos del desarrollo intelectual.",No lo sé,No,,No le gusta,No,,,,No,Sí,Sí,Centro Periférico 11,No,No,3,,,,,,,,
Pueblo Alberdi (Obrero),GS-B-01776,6/6/2025 10:42:58,,natyvgomez2011@gmail.com,S .M de oro 889,,,,Leticia,,,3586544186,,2,0,No hay menores,No,0,No,,No,,No,,Sí,Sí,No,,,,,,No,No,No,,No,No residen niños en el hogar,No,,Sí,No,2,,,,,,,,
Pueblo Alberdi (Obrero),GS-B-01777,6/6/2025 10:43:50,,mariacristinaalonso68@gmail.com,,,,,Daniel Alberto pereyra,,,,,2,0,No hay menores,No,,No,,No,,No,,Sí,Sí,No,,,,,,Sí,Sí,No,,No,No residen niños en el hogar,Sí,Centro Periférico 11,No,No,4,,,,,,,,
Pueblo Alberdi (Obrero),GS-B-01778,6/6/2025 10:43:54,,kg9793067@gmail.com,Santa maría de oro 886,,,,Joana,,,3584395533,,9,6,Sí,No,0,No,,No,,No,,Sí,Sí,Sí,Discapacidad sensorial: Agrupa la pérdida de capacidades auditivas (sordera) y visuales (ceguera y baja visión).,Sí,No,,Porque no tiene movilidad y le hacen bullyng,No,,,,No,Sí,Sí,Centro Periférico 11,No,No,1,,,,,,,,
Pueblo Alberdi (Obrero),GS-B-01779,6/6/2025 10:48:32,,atomofran@gmail.com,Sarratea 1165,,,,Mariana,,,3584334376,,3,1,Sí,Sí,0,No,,Sí,,No,,Sí,Sí,No,,,,,,No,No,No,,No,Sí,Sí,S24 Alberdi,Sí,No,3,,,,,,,,
Pueblo Alberdi (Obrero),GS-B-01780,6/6/2025 10:48:38,,sole3dades@gmail.com,,,,,,,,,,2,2,No,Sí,,No,,No,,No,,Sí,Sí,No,,,,,,No,,,,No,Sí,Sí,S24 Alberdi,Sí,No,3,,,,,,,,
Pueblo Alberdi (Obrero),GS-B-01781,6/6/2025 10:51:25,,florenncia.ortiz@gmail.com,Sarratea 1134,,,,Maria,,,No tiene,,4,0,No hay menores,No,,No,,No,,No,,Sí,No,No,,,,,,Sí,Sí,No,,No,No residen niños en el hogar,No,,No,No,4,,,,,,,,
Pueblo Alberdi (Obrero),GS-B-01782,6/6/2025 10:53:53,,gnesuttamarcelo10@gmail.com,Adelia Maria 1054,,,,Raul,,,,,8,5,Sí,No,0,No,,Sí,,Sí,,Sí,Sí,Sí,"Discapacidad psicosocial: Abarca trastornos mentales y emocionales que afectan la interacción social y la salud emocional, como la depresión, la ansiedad y la esquizofrenia.",Sí,No,,,No,,,,Sí,Sí,Sí,Centro Periférico 11,No,No,3,,,,,,,,
Pueblo Alberdi (Obrero),GS-B-01783,6/6/2025 10:54:32,,mariacristinaalonso68@gmail.com,,,,,Indira brumbertoroto,,,,,2,1,Sí,No,,No,,No,,No,,Sí,Sí,No,,,,,,No,,,,No,Sí,Sí,Centro Periférico 1,No,No,4,,,,,,,,
Pueblo Alberdi (Obrero),GS-B-01784,6/6/2025 10:58:03,,latidosrio4@gmail.com,Serratea 1158,,,,Beatriz,,,3584023147,,1,0,No hay menores,No,,No,,No,,No,,Sí,Sí,No,,,,,,Sí,Sí,No,,No,No residen niños en el hogar,No,,Sí,No,4,,,,,,,,
Pueblo Alberdi (Obrero),GS-B-01785,6/6/2025 11:00:25,,sole3dades@gmail.com,,,,,,,,,,1,1,No hay menores,No,,No lo sé,,No,,No,,Sí,Sí,No,,,,,,Sí,Sí,No,,No,No residen niños en el hogar,No,,Sí,No,4,,,,,,,,
Pueblo Alberdi (Obrero),GS-B-01786,6/6/2025 11:02:45,,mariacristinaalonso68@gmail.com,Daguerre843,,,,Gabriela aguilera,,,,,2,0,No hay menores,No,0,No,,No,,No,,Sí,Sí,No,,,,,,No,,,,No,Sí,Sí,Centro Periférico 11,No,No,4,,,,,,,,
Pueblo Alberdi (Obrero),GS-B-01787,6/6/2025 11:08:43,,florenncia.ortiz@gmail.com,Sarratea 1230,,,,Juana,,,No usa,,2,0,No hay menores,No,,No,,No,,No,,Sí,No,No,,,,,,Sí,Sí,No,,No,No residen niños en el hogar,Sí,S24 Alberdi,Sí,No,Consumen alimentos ocasionalmente,,,,,,,,
Pueblo Alberdi (Obrero),GS-B-01788,6/6/2025 11:13:29,,sole3dades@gmail.com,,,,,Guillermo,,,,,2,0,No,Sí,0,No,,No,,No,,No,No,No,,,,,,Sí,No,No,,No,Sí,Sí,S24 Alberdi,No,Sí,2,,,,,,,,
Pueblo Alberdi (Obrero),GS-B-01789,6/6/2025 11:16:06,,atomofran@gmail.com,Sarratea 1260,,,,Julio Alberto,,,,,4,0,No hay menores,Sí,0,Sí,No,No,,No,,Sí,Sí,Sí,"Discapacidad física: Incluye limitaciones en la movilidad y funciones físicas, como la paraplejia, amputaciones y trastornos del movimiento.",No lo sé,No lo sé,,El masculino es padre y dice que su hija presenta algún tipo de discapacidad física que le complica moverse. No sabe si requiere asistencia de la municipalidad,Sí,Sí,No,,No,No residen niños en el hogar,No,,No,No lo sé,4,,,,,,,,
Pueblo Alberdi (Obrero),GS-B-01790,6/6/2025 11:16:37,,latidosrio4@gmail.com,Serratea 1249,,,,María,,,3584124271,,1,0,No hay menores,No,,No,,No,,No,,Sí,Sí,No,,,,,,No,,,,No,No residen niños en el hogar,Sí,"Hospital Regional ""San Antonio de Padua""",Sí,No,3,,,,,,,,
Pueblo Alberdi (Obrero),GS-B-01791,6/6/2025 11:17:56,,florenncia.ortiz@gmail.com,Sarratea 1281,,,,Milagros,,,,,6,0,No hay menores,No,,No,,Sí,,No,,Sí,Sí,No,,,,,,No,,,,No,No residen niños en el hogar,Sí,Centro Periférico 11,No,No,4,,,,,,,,
Pueblo Alberdi (Obrero),GS-B-01792,6/6/2025 11:24:28,,florenncia.ortiz@gmail.com,Sarratea 1321,,,,Karen,,,3585727177,,7,5,Sí,No,,No,,No,,No,,Sí,No,No,,,,,,No,,,,No,Sí,Sí,Centro Periférico 11,No,No,4,,,,,,,,
Pueblo Alberdi (Obrero),GS-B-01793,6/6/2025 11:26:57,,atomofran@gmail.com,,,,,,,,,,3,2,Sí,Sí,0,No,,No,,No,,Sí,Sí,No,,,,,,No,No,No,,No,Sí,Sí,Centro Periférico 11,No,No,4,,,,,,,,
Pueblo Alberdi (Obrero),GS-B-01794,6/6/2025 11:27:33,,latidosrio4@gmail.com,Serratea 1333,,,,Mara,,,3584018151,,3,1,Sí,No,,No,,No,,No,,Sí,Sí,No,,,,,,No,,,,No,Sí,Sí,Centro Periférico 1,No,No,4,,,,,,,,
Pueblo Alberdi (Obrero),GS-B-01795,6/6/2025 11:34:25,,florenncia.ortiz@gmail.com,Sarratea 1384,,,,Johana,,,,,4,2,Sí,No,,No,,No,,No,,Sí,Sí,No,,,,,,No,,,,No,No,Sí,S24 Alberdi,No,No,4,,,,,,,,
Pueblo Alberdi (Obrero),GS-B-01796,6/6/2025 11:42:49,,atomofran@gmail.com,Sarratea 1425,,,,María Rosana,,,3584195250,,5,0,No hay menores,Sí,0,No,,No,,No,,Sí,Sí,No,,,,,,No,No,No,,No,No residen niños en el hogar,Sí,S24 Alberdi,Sí,No,4,,,,,,,,
Pueblo Alberdi (Obrero),GS-B-01797,6/6/2025 11:55:52,,atomofran@gmail.com,Montevideo 1195,,,,Emanuel Enrique orotezkii,,,3584261461,,4,2,No,Sí,0,No,,No,,No,,Sí,Sí,No,,,,,,No,No,No,,No,Sí,Sí,Centro Periférico 1,No,No,3,,,,,,,,
Pueblo Alberdi (Obrero),GS-B-01798,10/6/2025 11:03:25,,jesiceballospomiglio30@gmail.com,Pje Juncos 1548,,,,Mutual angela,,,,,7,2,Sí,Sí,,No,,No,,No,,Sí,Sí,Sí,"Discapacidad física: Incluye limitaciones en la movilidad y funciones físicas, como la paraplejia, amputaciones y trastornos del movimiento.",Sí,No,,,Sí,Sí,Sí,,No,Sí,Sí,S24 Alberdi,Sí,No,4,,,,,,,,
Pueblo Alberdi (Obrero),GS-B-01799,10/6/2025 11:08:55,,jesiceballospomiglio30@gmail.com,Felipe del Junco 1455,,,,Jesica Daniela Funez,,,,,4,3,Sí,No,,No,,Sí,,No,,Sí,Sí,No,,,,,,No,,,,No,Sí,Sí,Centro Periférico 7,No,No,1,,,,,,,,
Pueblo Alberdi (Obrero),GS-B-01800,11/6/2025 11:30:41,,jesiceballospomiglio30@gmail.com,Juncos 1420,,,,Nombre no,,,3585177080,,2,2,No,Sí,0,No,,No,,No,,No,No,No,,,,,,No,No,No,,No,Sí,No,,No,No,4,,,,,,,,
Pueblo Alberdi (Obrero),GS-B-01801,11/6/2025 11:34:05,,kg9793067@gmail.com,Joakin v Gonzalez 352,,,,Alan,,,3586022906,,7,5,Sí,No,,No,,No,,Sí,,Sí,Sí,No,,,,,,No,,,,No,Sí,Sí,Centro Periférico 14,No,No,4,,,,,,,,
Pueblo Alberdi (Obrero),GS-B-01802,11/6/2025 11:38:26,,jesiceballospomiglio30@gmail.com,,,,,,,,,,2,2,Sí,No,0,No,,No,,Sí,,No,No,No,,,,,,Sí,No,,,No,No residen niños en el hogar,No,,No,No,4,,,,,,,,
Pueblo Alberdi (Obrero),GS-B-01803,11/6/2025 11:42:33,,jesiceballospomiglio30@gmail.com,Juan de Dios López 950,,,,Nilda lopez,,,No,,6,3,Sí,No,0,Sí,No,Sí,,No,,Sí,Sí,No,,,,,,Sí,Sí,Sí,,No,Sí,Sí,S24 Alberdi,Sí,No,4,,,,,,,,
Pueblo Alberdi (Obrero),GS-B-01804,11/6/2025 11:46:19,,kg9793067@gmail.com,Juan Días de solis 1055,,,,Nora,,,,,4,2,Sí,No,,No,,No,,No,,Sí,No,Sí,Discapacidad sensorial: Agrupa la pérdida de capacidades auditivas (sordera) y visuales (ceguera y baja visión).,Sí,No,,,No,,,,No,Sí,Sí,Centro Periférico 15,Sí,No,2,,,,,,,,
Pueblo Alberdi (Obrero),GS-B-01805,11/6/2025 11:58:05,,jesiceballospomiglio30@gmail.com,,,,,,,,,,4,1,Sí,No,0,No,,Sí,,No,,Sí,Sí,No,,,,,,No,,,,No,Sí,Sí,,No,No,4,,,,,,,,
Ing. Manuel Pizarro,GS-B-01806,26/6/2025 10:41:38,,kg9793067@gmail.com,Paso de los Andes 1293,,,,Olga Escobar,,,3584292348,,1,0,No hay menores,No,0,No,,No,,No,,Sí,Sí,No,,,,,,Sí,Sí,Sí,San Martin,No,No residen niños en el hogar,Sí,Centro Periférico 7,No,No,2,,,,,,,,
Ing. Manuel Pizarro,GS-B-01807,26/6/2025 10:47:50,,kg9793067@gmail.com,General busto 2823,,,,Ofelia,,,,,1,0,No hay menores,No,0,No,,No,,No,,Sí,Sí,No,,,,,,Sí,No,No,,No,No residen niños en el hogar,No,,No,No,4,,,,,,,,
Ing. Manuel Pizarro,GS-B-01808,26/6/2025 10:54:54,,kg9793067@gmail.com,Pasaje bálsamo 2780,,,,Eduardo quevedo,,,3586021433,,3,0,No hay menores,No,0,No,,No,,No,,Sí,Sí,No,,,,,,Sí,Sí,No,,No,No residen niños en el hogar,Sí,Centro Periférico 7,No,No,2,,,,,,,,
Ing. Manuel Pizarro,GS-B-01809,26/6/2025 11:04:50,,kg9793067@gmail.com,General busto 2957,,,,Juan coria,,,3585174657,,2,0,No hay menores,No,0,No,,No,,No,,Sí,No,No,,,,,,Sí,No,,,No,No residen niños en el hogar,No,,No,No,4,,,,,,,,
Ing. Manuel Pizarro,GS-B-01810,26/6/2025 11:11:37,,kg9793067@gmail.com,General busto 3020,,,,Javier altamirano,,,3584291680,,2,0,No hay menores,No,0,No,,No,,No,,Sí,Sí,No,,,,,,No,,,,No,No residen niños en el hogar,Sí,Centro Periférico 7,No,No,2,,,,,,,,
Ing. Manuel Pizarro,GS-B-01811,26/6/2025 11:23:45,,kg9793067@gmail.com,General busto 2979,,,,Monica,,,3585074561,,4,0,No hay menores,No,0,No,,No,,No,,Sí,Sí,Sí,"Discapacidad física: Incluye limitaciones en la movilidad y funciones físicas, como la paraplejia, amputaciones y trastornos del movimiento.",Sí,No,,No sabia de los programas de la muni para las personas con discapacidad,Sí,No,,,No,No residen niños en el hogar,Sí,Centro Periférico 7,No,No,4,,,,,,,,
Ing. Manuel Pizarro,GS-B-01812,26/6/2025 11:44:46,,kg9793067@gmail.com,General busto 3065,,,,Raul,,,,,2,0,No hay menores,No,0,No,,No,,No,,Sí,Sí,No,,,,,,Sí,Sí,No,,No,No residen niños en el hogar,No,,Sí,No,4,,,,,,,,
Ing. Manuel Pizarro,GS-B-01813,26/6/2025 11:51:00,,kg9793067@gmail.com,Gracias busto 3071,,,,Juan gomez,,,,,2,0,No hay menores,No,,No,,No,,No,,Sí,Sí,Sí,Discapacidad sensorial: Agrupa la pérdida de capacidades auditivas (sordera) y visuales (ceguera y baja visión).,No,No,,No le interesa,Sí,Sí,No,,No,No residen niños en el hogar,No,,No,No,4,,,,,,,,
Ing. Manuel Pizarro,GS-B-01814,27/6/2025 10:18:19,,gferrer214@gmail.com,,,,,,,,,,3,2,Sí,No,0,No,,No,,No,,Sí,No,No,,,,,,No,No,No,,No,Sí,No,,No,No,4,,,,,,,,
Ing. Manuel Pizarro,GS-B-01815,27/6/2025 10:18:33,,florenncia.ortiz@gmail.com,Maipu 2859,,,,Hugi,,,,,3,0,No hay menores,No,0,No,,No,,No,,Sí,Sí,No,,,,,,Sí,Sí,No,,No,No residen niños en el hogar,Sí,S24 Sur,No,No,4,,,,,,,,
Ing. Manuel Pizarro,GS-B-01816,27/6/2025 10:18:51,,noeliaben89@gmail.com,Santa Rosa 550,,,,,,,,,2,0,No hay menores,No,0,No,,No,,No,,Sí,Sí,No,,,,,,No,No,No,,No,No residen niños en el hogar,No,,No,No,4,,,,,,,,
Ing. Manuel Pizarro,GS-B-01817,27/6/2025 10:22:36,,lauradonetto@gmail.com,,,,,Mariela,,,,,5,1,Sí,No,0,No,,No,,No,,Sí,Sí,No,,,,,,No,No,No,,No,Sí,No,,No,No,4,,,,,,,,
Ing. Manuel Pizarro,GS-B-01818,27/6/2025 10:22:45,,pato_estudio@hotmail.com,Santa Rosa 597,,,,Hugo Asurmendi,,,3584308355,,2,0,No,No,0,No,,No,,No,,Sí,No,Sí,"Discapacidad física: Incluye limitaciones en la movilidad y funciones físicas, como la paraplejia, amputaciones y trastornos del movimiento.",Sí,No,,Tiene obra social Sancor y el viernes directora primaria,No,No,No,,No,No residen niños en el hogar,No,,Sí,No,4,,,,,,,,
Ing. Manuel Pizarro,GS-B-01819,27/6/2025 10:23:08,,kg9793067@gmail.com,Pues aconquija 2815,,,,Gricelda,,,3585173895,,4,2,No,No,0,No,,No,,No,,Sí,Sí,Sí,"Discapacidad psicosocial: Abarca trastornos mentales y emocionales que afectan la interacción social y la salud emocional, como la depresión, la ansiedad y la esquizofrenia.",Sí,No,,Xq no tiene movilidad,No,,,,No,Sí,Sí,Centro Periférico 7,No,Sí,4,,,,,,,,
Ing. Manuel Pizarro,GS-B-01820,27/6/2025 10:24:54,,noeliaben89@gmail.com,santa Rosa 571,,,,,,,,,3,1,Sí,No,0,No,,No,,No,,Sí,Sí,No,,,,,,No,No,No,,No,Sí,No,,No,No,4,,,,,,,,
Ing. Manuel Pizarro,GS-B-01821,27/6/2025 10:25:28,,gferrer214@gmail.com,,,,,,,,,,2,0,No hay menores,No,0,No,,No,,No,,Sí,No,No,,,,,,No,No lo sé,No,,No,No residen niños en el hogar,No,,No,No,4,,,,,,,,
Ing. Manuel Pizarro,GS-B-01822,27/6/2025 10:25:30,,mariacristinaalonso68@gmail.com,,,,,Leandro Aguirre,,,,,4,0,No hay menores,No,0,No,,Sí,,No,,Sí,Sí,No,,,,,,No,,No lo sé,,No,No residen niños en el hogar,No,,No,No,4,,,,,,,,
Ing. Manuel Pizarro,GS-B-01823,27/6/2025 10:26:00,,flacomuguerza@gmail.com,Olmedo 2842,,,,Erika carrizo,,,,,2,0,No hay menores,No,,No,,No,,No,,Sí,Sí,No,,,,,,No,,,,No,No residen niños en el hogar,Sí,Centro de Salud Municipal,Sí,No,4,,,,,,,,
Ing. Manuel Pizarro,GS-B-01824,27/6/2025 10:26:00,,valenpereletegui@gmail.com,G. Del Barco 3147,,,,,,,,,3,1,Sí,Sí,1,No,,No,,No,,Sí,Sí,No,,,,,,No,No,No,,No,Sí,No lo sé,,No,No,4,,,,,,,,
Ing. Manuel Pizarro,GS-B-01825,27/6/2025 10:26:30,,subse.nafriocuarto@gmail.com,Maipu 2941,,,,Jeremias,,,,,2,0,No hay menores,No,0,No,,No,,No,,Sí,Sí,No,,,,,,No,No,No,,No,No residen niños en el hogar,No,,No,No lo sé,4,,,,,,,,
Ing. Manuel Pizarro,GS-B-01826,27/6/2025 10:27:52,,maxibuch87@gmail.com,Pasaje aconquija 2750,,,,,,,,,5,2,Sí,No,0,No,,No lo sé,,No,,Sí,Sí,Sí,"Discapacidad intelectual: Comprende condiciones que afectan el funcionamiento cognitivo y la capacidad de aprendizaje, como el síndrome de Down y otros trastornos del desarrollo intelectual.",Sí,No,,,No,,,,No,Sí,No,,No,No,4,,,,,,,,
Ing. Manuel Pizarro,GS-B-01827,27/6/2025 10:29:19,,subse.nafriocuarto@gmail.com,,,,,,,,,,2,0,No hay menores,No,0,No,,No,,No,,Sí,Sí,No,,,,,,Sí,No lo sé,No,,No,No residen niños en el hogar,No,,No,No,4,,,,,,,,
Ing. Manuel Pizarro,GS-B-01828,27/6/2025 10:29:20,,jaelrolon1@gmail.com,Doctor Carlos Goudard 2851,,,,,,,,,5,2,Sí,No,0,No,,No,,No,,Sí,Sí,No,,,,,,No,,,,No,Sí,No,,No,No,4,,,,,,,,
Ing. Manuel Pizarro,GS-B-01829,27/6/2025 10:31:18,,amayapaz728@gmail.com,San cayetano 2528,,,,,,,,,4,2,Sí,No,0,No,,Sí,,No,,Sí,Sí,No,,,,,,Sí,Sí,No,,No,Sí,No,,Sí,No,3,,,,,,,,
Ing. Manuel Pizarro,GS-B-01830,27/6/2025 10:31:26,,subsecretariadelasmujeresrio4@gmail.com,Vertiz 650,,,,Garcia maria soledad,,,3585048482,,7,2,Sí,No,0,No,,Sí,,No,,Sí,Sí,No,,,,,,Sí,Sí,No,,No,Sí,Sí,Centro de Salud Municipal,Sí,No,3,,,,,,,,
Ing. Manuel Pizarro,GS-B-01831,27/6/2025 10:31:34,,florenncia.ortiz@gmail.com,Maipu 2931,,,,Maria elena,,,,,1,0,No hay menores,Sí,0,No,,No,,No,,Sí,Sí,No,,,,,,Sí,Sí,No,,No,No residen niños en el hogar,No,,No,No,2,,,,,,,,
Ing. Manuel Pizarro,GS-B-01832,27/6/2025 10:31:41,,noeliaben89@gmail.com,Santa rosa609,,,,Jesica,,,,,6,3,Sí,No,0,No,,No,,No,,Sí,Sí,No,,,,,,No,No,,,No,Sí,Sí,Centro Periférico 7,Sí,No,4,,,,,,,,
Ing. Manuel Pizarro,GS-B-01833,27/6/2025 10:31:54,,delfinadehaes@gmail.com,,,,,Juan,,,,,2,0,No,No,,No,,No,,No,,Sí,Sí,No,,,,,,No,,,,No,Sí,No,,No,No,4,,,,,,,,
Ing. Manuel Pizarro,GS-B-01834,27/6/2025 10:32:14,,subsecretariadeninez@riocuarto.gov.ar,,,,,Mura teresa beatriz,,,Pje aconquija 2850,,1,0,No hay menores,Sí,0,No,,No,,No,,No,Sí,No,,,,,,Sí,Sí,No,,No,No residen niños en el hogar,No,,No,No,4,,,,,,,,
Ing. Manuel Pizarro,GS-B-01835,27/6/2025 10:32:26,,mariacristinaalonso68@gmail.com,Virrey vertis664,,,,Gabriel,,,,,4,1,Sí,No,,No,,No,,No,,Sí,Sí,No,,,,,,No,,,,No,Sí,Sí,Centro Periférico 7,Sí,No,2,,,,,,,,
Ing. Manuel Pizarro,GS-B-01836,27/6/2025 10:32:43,,melmiel28@gmail.com,,,,,,,,,,4,1,Sí,Sí,0,No,,No,,No,,Sí,Sí,No,,,,,,No,No,No,,No,Sí,No,,No,No,3,,,,,,,,
Ing. Manuel Pizarro,GS-B-01837,27/6/2025 10:32:54,,lauradonetto@gmail.com,,,,,Verónica,,,,,5,0,No hay menores,Sí,0,No,,No,,No,,Sí,Sí,No,,,,,,No,No,No,,No,No residen niños en el hogar,Sí,Centro Periférico 12,No,No,4,,,,,,,,
Ing. Manuel Pizarro,GS-B-01838,27/6/2025 10:33:07,,gferrer214@gmail.com,,,,,Ramiro,,,,,4,2,Sí,No,0,No,,No,,No,,Sí,No,No,,,,,,No,No,No,,No,Sí,No,,No,No,3,,,,,,,,
Ing. Manuel Pizarro,GS-B-01839,27/6/2025 10:34:27,,kg9793067@gmail.com,Pues aconquija 2889,,,,Maria rivero,,,,,2,0,No hay menores,Sí,0,Sí,No,No,,No,,Sí,No,No,,,,,,Sí,Sí,No,,No,No residen niños en el hogar,Sí,Centro Periférico 7,No,No,3,,,,,,,,
Ing. Manuel Pizarro,GS-B-01840,27/6/2025 10:35:33,,valenpereletegui@gmail.com,G. Del Barco 3131,,,,,,,,,4,1,Sí,No,0,No,,Sí,,No,,Sí,Sí,No,,,,,,No,No,No,,No,Sí,Sí,Centro Periférico 12,No lo sé,No,4,,,,,,,,
Ing. Manuel Pizarro,GS-B-01841,27/6/2025 10:35:34,,flacomuguerza@gmail.com,Olmedo 2910,,,,Jorge castro,,,,,2,0,No hay menores,No,,No,,No,,No,,Sí,Sí,No,,,,,,Sí,Sí,No,,No,No residen niños en el hogar,No,,No,No,4,,,,,,,,
Ing. Manuel Pizarro,GS-B-01842,27/6/2025 10:36:36,,noeliaben89@gmail.com,Santa rosa 603,,,,Noelia,,,,,4,2,Sí,No,0,No,,No,,No,,No,Sí,No,,,,,,No,No,,,No,Sí,No,,No,No,4,,,,,,,,
Ing. Manuel Pizarro,GS-B-01843,27/6/2025 10:36:40,,amayapaz728@gmail.com,,,,,,,,,,1,0,No,No,0,No,,No,,No,,Sí,Sí,No,,,,,,Sí,Sí,No,,No,No residen niños en el hogar,No,,No,No,2,,,,,,,,
Ing. Manuel Pizarro,GS-B-01844,27/6/2025 10:38:44,,maxibuch87@gmail.com,Aconquija 2713,,,,Norma,,,,,2,0,No hay menores,No,0,No,,No,,No,,Sí,Sí,No,,,,,,Sí,Sí,No,,No,No residen niños en el hogar,No,,No,No,4,,,,,,,,
Ing. Manuel Pizarro,GS-B-01845,27/6/2025 10:39:01,,gferrer214@gmail.com,,,,,,,,,,1,0,No hay menores,No,0,No,,No,,No,,Sí,Sí,No,,,,,,No,No,No,,No,Sí,No,,No,No,4,,,,,,,,
Ing. Manuel Pizarro,GS-B-01846,27/6/2025 10:39:07,,subse.nafriocuarto@gmail.com,Maipi 2987,,,,Maria Rosa,,,,,3,0,No hay menores,No,0,No,,No,,No,,Sí,Sí,No,,,,,,Sí,No,Sí,Ilia,No,No residen niños en el hogar,No,,Sí,No,4,,,,,,,,
Ing. Manuel Pizarro,GS-B-01847,27/6/2025 10:40:06,,subsecretariadeninezr4@gmail.com,Gaudard 2856,,,,Raquel Gonzales,,,,,5,2,Sí,Sí,0,No,,No,,No,,Sí,Sí,No,,,,,,No,No,No,,No,Sí,No,,No,No,4,,,,,,,,
Ing. Manuel Pizarro,GS-B-01848,27/6/2025 10:40:31,,melmiel28@gmail.com,Pizarro 648,,,,Julián,,,No,,3,1,Sí,Sí,0,No,,No,,No,,Sí,Sí,No,,,,,,No,No,No,,No,Sí,Sí,"Hospital Regional ""San Antonio de Padua""",No,No,4,,,,,,,,
Ing. Manuel Pizarro,GS-B-01849,27/6/2025 10:40:55,,lauradonetto@gmail.com,,,,,Nicolas,,,,,4,2,Sí,No,0,No,,No,,No,,Sí,Sí,No,,,,,,Sí,Sí,No,,No,Sí,No,,No,No,4,,,,,,,,
Ing. Manuel Pizarro,GS-B-01850,27/6/2025 10:41:10,,noeliaben89@gmail.com,Santa rosa 665,,,,Norberto,,,,,5,3,Sí,No,0,No,,No,,No,,Sí,Sí,No,,,,,,No,,,,No,Sí,No,Centro Periférico 7,No,No,4,,,,,,,,
Ing. Manuel Pizarro,GS-B-01851,27/6/2025 10:41:19,,pato_estudio@hotmail.com,Santa Rosa 685,,,,Paola,,,,,3,1,Sí,No,0,No,,Sí,,No,,Sí,Sí,No,,,,,,No,,,,No,Sí,Sí,Centro Periférico 7,Sí,No,4,,,,,,,,
Ing. Manuel Pizarro,GS-B-01852,27/6/2025 10:41:52,,marcelamastrangelo358@gmail.com,Pizarro 620,,,,,,,,,4,0,No,No,0,No,,No,,No,,Sí,Sí,No,,,,,,Sí,No,No,,No,No residen niños en el hogar,No,,No,No,4,,,,,,,,
Ing. Manuel Pizarro,GS-B-01853,27/6/2025 10:42:26,,subse.nafriocuarto@gmail.com,,,,,,,,,,3,2,Sí,No,0,No,,Sí,,Sí,,Sí,Sí,No,,,,,,No,,,,No,Sí,Sí,Centro Periférico 7,No,No,4,,,,,,,,
Ing. Manuel Pizarro,GS-B-01854,27/6/2025 10:44:49,,kg9793067@gmail.com,Pues aconquija 2907,,,,Jesica,,,3585088511,,5,4,Sí,No,0,No,,No,,No,,Sí,Sí,Sí,"Discapacidad del aprendizaje: Incluye dificultades específicas de aprendizaje, como la dislexia y el trastorno por déficit de atención e hiperactividad (TDAH).",Sí,No,,No xq es su momento tenia profe,No,,,,No,Sí,Sí,Centro Periférico 7,Sí,No,4,,,,,,,,
Ing. Manuel Pizarro,GS-B-01855,27/6/2025 10:46:36,,jaelrolon1@gmail.com,Doctor Carlos Gaudard 2874,,,,,,,,,7,4,Sí,Sí,0,No,,Sí,,No,,Sí,Sí,No,,,,,,No,,,,No,Sí,Sí,Centro Periférico 7,No,Sí,4,,,,,,,,
Ing. Manuel Pizarro,GS-B-01856,27/6/2025 10:46:58,,gferrer214@gmail.com,Olmedo 3020,,,,Enrique,,,3585172705,,2,0,No hay menores,No,0,No,,No,,No,,Sí,Sí,No,,,,,,Sí,Sí,No,,No,No residen niños en el hogar,No,,No,Sí,4,,,,,,,,
Ing. Manuel Pizarro,GS-B-01857,27/6/2025 10:47:01,,mariacristinaalonso68@gmail.com,,,,,Tamara,,,3584241378,,5,2,Sí,No,,No,,No,,No,,Sí,Sí,No,,,,,,Sí,No,No,,Sí,Sí,Sí,Centro Periférico 12,No,No,4,,,,,,,,
Ing. Manuel Pizarro,GS-B-01858,27/6/2025 10:47:16,,maxibuch87@gmail.com,Aconquija 2683,,,,Danesa trombotti,,,3571539799,,4,1,No,No,0,No,,No,,No,,Sí,Sí,No,,,,,,No,,,,No,Sí,No,,No,No,4,,,,,,,,
Ing. Manuel Pizarro,GS-B-01859,27/6/2025 10:47:59,,flacomuguerza@gmail.com,Olmedo 3030,,,,Gabriela,,,3584324571,,3,1,Sí,No,,No,,No,,No,,Sí,Sí,No,,,,,,No,,,,No,Sí,No,,No,No,4,,,,,,,,
Ing. Manuel Pizarro,GS-B-01860,27/6/2025 10:48:56,,subsecretariadelasmujeresrio4@gmail.com,Virrey vertiz 918,,,,Macarena,,,3584635837,,6,4,Sí,No,0,No,,Sí,,No,,Sí,Sí,No,,,,,,No,No,No,,No,Sí,Sí,Centro Periférico 7,Sí,No,1,,,,,,,,
Ing. Manuel Pizarro,GS-B-01861,27/6/2025 10:49:12,,francopardo115@gmail.com,Virrey verte 629,,,,Cristian Moron,,,,,2,0,Sí,No,0,No,,No,,No,,Sí,Sí,No,,,,,,No,No,No,,No,Sí,Sí,S24 Sur,No,No,4,,,,,,,,
Ing. Manuel Pizarro,GS-B-01862,27/6/2025 10:49:20,,florenncia.ortiz@gmail.com,Maipu 3278,,,,Susana,,,,,3,0,No hay menores,No,0,No,,No,,No,,Sí,Sí,No,,,,,,Sí,Sí,No,,No,No residen niños en el hogar,No,,Sí,No,4,,,,,,,,
Ing. Manuel Pizarro,GS-B-01863,27/6/2025 10:49:32,,noeliaben89@gmail.com,santa Rosa 793,,,,Alicia,,,,,2,0,No hay menores,No,0,No,,No,,No,,Sí,Sí,No,,,,,,Sí,,,,No,No residen niños en el hogar,No,,No,No,4,,,,,,,,
Ing. Manuel Pizarro,GS-B-01864,27/6/2025 10:50:17,,pato_estudio@hotmail.com,Santa Rosa 750,,,,Alex,,,alexIV299@gmail.com,,3,0,No,No,0,No,,No,,No,,Sí,Sí,No,,,,,,Sí,No,No,,No,Sí,No,,No,No,4,,,,,,,,
Ing. Manuel Pizarro,GS-B-01865,27/6/2025 10:50:31,,marcelamastrangelo358@gmail.com,Pizarrón 625,,,,,,,,,3,1,Sí,No,0,No,,No,,No,,Sí,Sí,No,,,,,,Sí,Sí,No,,No,No residen niños en el hogar,No,,No,No,3,,,,,,,,
Ing. Manuel Pizarro,GS-B-01866,27/6/2025 10:51:29,,subsecretariadeninez@riocuarto.gov.ar,Pje aconquija 2946,,,,Amelia pis,,,,,2,0,No hay menores,No,0,No,,Sí,,No,,No,No,No,,,,,,Sí,Sí,No,,No,No residen niños en el hogar,No,,No,No,4,,,,,,,,
Ing. Manuel Pizarro,GS-B-01867,27/6/2025 10:52:54,,melmiel28@gmail.com,Pizarro 631,,,,Gladys Cristina,,,,,2,0,No,No,0,No,,No,,No,,Sí,Sí,No,,,,,,No,No,No,,No,No residen niños en el hogar,No,"Hospital Regional ""San Antonio de Padua""",No,No,4,,,,,,,,
Ing. Manuel Pizarro,GS-B-01868,27/6/2025 10:55:08,,flacomuguerza@gmail.com,Olmedo 3054,,,,Guterrez ramona,,,4634169 fijo,,1,0,No hay menores,No,,No,,No,,No,,Sí,Sí,No,,,,,,Sí,Sí,No,,No,Sí,No,,No,No,4,,,,,,,,
Ing. Manuel Pizarro,GS-B-01869,27/6/2025 10:55:13,,msoledadfrattari@gmail.com,Estrada 2959,,,,Bruno,,,3585147365,,5,3,Sí,Sí,0,No,,Sí,,No,,Sí,Sí,No,,,,,,No,No,No,,No,Sí,Sí,Centro Periférico 7,No,No,4,,,,,,,,
Ing. Manuel Pizarro,GS-B-01870,27/6/2025 10:55:20,,subsecretariadelasmujeresrio4@gmail.com,Aguado 968,,,,Torres osvaldo,,,,,2,0,No hay menores,No,0,No,,No,,No,,Sí,Sí,No,,,,,,Sí,No,No,,No,No residen niños en el hogar,No,Centro Periférico 1,No,No,4,,,,,,,,
Ing. Manuel Pizarro,GS-B-01871,27/6/2025 10:56:20,,noeliaben89@gmail.com,Santa rosa 827,,,,Alicia,,,,,2,0,No hay menores,No,0,No,,No,,No,,Sí,Sí,No,,,,,,Sí,No,,,No,Sí,No,,No,No,4,,,,,,,,
Ing. Manuel Pizarro,GS-B-01872,27/6/2025 10:56:33,,consultoriosalud23@gmail.com,,,,,Marta,,,,,1,0,No hay menores,Sí,0,No,,No,,No,,Sí,Sí,No,,,,,,Sí,Sí,Sí,Illia,No,No residen niños en el hogar,No,,No,No,4,,,,,,,,
Ing. Manuel Pizarro,GS-B-01873,27/6/2025 10:56:53,,mariacristinaalonso68@gmail.com,,,,,,,,,,2,0,Sí,No,,No,,No,,No,,Sí,Sí,No,,,,,,Sí,Sí,,,No,No residen niños en el hogar,No,,No,No,3,,,,,,,,
Ing. Manuel Pizarro,GS-B-01874,27/6/2025 10:57:03,,jaelrolon1@gmail.com,Doctor Carlos Gaudard 2866,,,,Morena Constanza De Agreda,,,3585002414,,5,1,Sí,Sí,0,No,,Sí,,No,,Sí,Sí,Sí,"Discapacidad física: Incluye limitaciones en la movilidad y funciones físicas, como la paraplejia, amputaciones y trastornos del movimiento.",No,No,,"Porque se ocupa del hogar, no tiene tiempo",No,,,,No,Sí,Sí,Centro Periférico 7,No,No,3,,,,,,,,
Ing. Manuel Pizarro,GS-B-01875,27/6/2025 10:58:35,,gferrer214@gmail.com,Olmedo 397,,,,Juana Clara,,,,,1,0,No hay menores,Sí,0,No,,No,,No,,No,No,No,,,,,,Sí,Sí,No,,No,No residen niños en el hogar,No,,Sí,No,4,,,,,,,,
Ing. Manuel Pizarro,GS-B-01876,27/6/2025 11:03:56,,noeliaben89@gmail.com,Santa Rosa 951,,,,Ramon,,,,,3,0,No hay menores,No,0,No,,No,,No,,Sí,Sí,No,,,,,,Sí,No,,No hay cerca,No,No residen niños en el hogar,No,,Sí,No,4,,,,,,,,
Ing. Manuel Pizarro,GS-B-01877,27/6/2025 11:04:00,,florenncia.ortiz@gmail.com,Maipu 3720,,,,Camila,,,,,6,1,Sí,No,0,No,,No,,No,,Sí,Sí,No,,,,,,No,No,No,,No,Sí,No,,No,No,3,,,,,,,,
Ing. Manuel Pizarro,GS-B-01878,27/6/2025 11:04:21,,gferrer214@gmail.com,,,,,,,,,,6,2,Sí,No,0,No,,No,,No,,Sí,No,No,,,,,,Sí,Sí,No,,No,Sí,No,,No,No,4,,,,,,,,
Ing. Manuel Pizarro,GS-B-01879,27/6/2025 11:04:35,,pato_estudio@hotmail.com,Santa Rosa 983,,,,Noemi,,,3584188997,,1,0,No,No,0,No,,No,,No,,Sí,Sí,No,,,,,,Sí,Sí,No,,No,No residen niños en el hogar,No,,Sí,No,2,,,,,,,,
Ing. Manuel Pizarro,GS-B-01880,27/6/2025 11:05:03,,flacomuguerza@gmail.com,Ólmedo 3118,,,,Riega yanina,,,3585160988,,9,4,Sí,No,,No,,No,,No,,Sí,Sí,Sí,Discapacidad sensorial: Agrupa la pérdida de capacidades auditivas (sordera) y visuales (ceguera y baja visión).,Sí,No,,Desconocimiento,No,,,,No,Sí,Sí,Centro Periférico 12,Sí,Sí,4,,,,,,,,
Ing. Manuel Pizarro,GS-B-01881,27/6/2025 11:06:16,,mariacristinaalonso68@gmail.com,Alejandro aguado 1966,,,,Gaspatoti miriam,,,,,3,0,No hay menores,No,,No,,No,,No,,Sí,Sí,No,,,,,,No,,,,No,No residen niños en el hogar,No,,Sí,No,3,,,,,,,,
Ing. Manuel Pizarro,GS-B-01882,27/6/2025 11:06:20,,subsecretariadeninezr4@gmail.com,Goudard 2909,,,,Pedro herrera,,,,,5,3,Sí,No,0,No,,No,,No,,Sí,Sí,No,,,,,,No,No,No,,No,Sí,No,,No,No,4,,,,,,,,
Ing. Manuel Pizarro,GS-B-01883,27/6/2025 11:07:10,,nani.83chaves@gmail.com,Stepensin 2627,,,,Norma ceballos,,,,,4,0,No hay menores,No,0,No,,No,,No,,Sí,Sí,No,,,,,,Sí,Sí,No,,No,No residen niños en el hogar,No,,Sí,No,4,,,,,,,,
Ing. Manuel Pizarro,GS-B-01884,27/6/2025 11:07:15,,subsecretariadelasmujeresrio4@gmail.com,Aguado 1132,,,,Lucero rita,,,,,4,1,Sí,No,0,No,,Sí,,No,,Sí,Sí,No,,,,,,Sí,Sí,No,,No,Sí,Sí,Centro Periférico 7,No,No,2,,,,,,,,
Ing. Manuel Pizarro,GS-B-01885,27/6/2025 11:07:19,,subse.nafriocuarto@gmail.com,Maipu 3155,,,,,,,,,2,0,No hay menores,Sí,0,No,,No lo sé,,No,,No,Sí,Sí,"Discapacidad psicosocial: Abarca trastornos mentales y emocionales que afectan la interacción social y la salud emocional, como la depresión, la ansiedad y la esquizofrenia.",Sí,No,,,Sí,No lo sé,No,,No,No residen niños en el hogar,No,,No,No,4,,,,,,,,
Ing. Manuel Pizarro,GS-B-01886,27/6/2025 11:07:20,,msoledadfrattari@gmail.com,,,,,,,,,,3,1,Sí,Sí,0,No,,Sí,,No,,Sí,Sí,No,,,,,,Sí,Sí,No,,No,Sí,Sí,Centro Periférico 7,No,No,4,,,,,,,,
Ing. Manuel Pizarro,GS-B-01887,27/6/2025 11:07:51,,marcelamastrangelo358@gmail.com,Pizarrón 793,,,,,,,,,4,2,No hay menores,No,,No,,No,,No,,Sí,Sí,No,,,,,,No,,,,No,Sí,Sí,Centro Periférico 12,No,No,4,,,,,,,,
Ing. Manuel Pizarro,GS-B-01888,27/6/2025 11:08:28,,francopardo115@gmail.com,Virrey Vertiz 665,,,,Enrique Castro,,,,,2,0,No hay menores,No,0,No,,No,,No,,No,No,No,,,,,,Sí,Sí,No,,No,No residen niños en el hogar,No,,Sí,No,4,,,,,,,,
Ing. Manuel Pizarro,GS-B-01889,27/6/2025 11:09:18,,jaelrolon1@gmail.com,,,,,,,,,,3,1,No hay menores,Sí,0,No,,No,,No,,Sí,Sí,No,,,,,,No,,,,No,Sí,No,,No,No,4,,,,,,,,
Ing. Manuel Pizarro,GS-B-01890,27/6/2025 11:11:08,,noeliaben89@gmail.com,Santa rosa 827,,,,Nelso,,,,,2,0,No hay menores,No,0,No,,No,,No,,Sí,Sí,No,,,,,,Sí,No,,,No,Sí,No,,Sí,No,4,,,,,,,,
Ing. Manuel Pizarro,GS-B-01891,27/6/2025 11:11:40,,pato_estudio@hotmail.com,Santa Rosa 1017,,,,Manuel,,,3584248306,,1,0,No,No,0,No,,No,,No,,No,No,No,,,,,,Sí,Sí,No,,No,No residen niños en el hogar,No,,No,No,2,,,,,,,,
Ing. Manuel Pizarro,GS-B-01892,27/6/2025 11:11:53,,subsecretariadeninezr4@gmail.com,Goudard 2919,,,,Mercedes,,,,,5,0,No hay menores,Sí,0,No,,No,,No,,Sí,No,No,,,,,,Sí,Sí,No,,No,No residen niños en el hogar,No,,Sí,No,3,,,,,,,,
Ing. Manuel Pizarro,GS-B-01893,27/6/2025 11:13:07,,flacomuguerza@gmail.com,Olmedo 3053,,,,Elsa,,,,,2,0,No hay menores,No,,No,,No,,No,,Sí,Sí,No,,,,,,Sí,Sí,No,,No,No residen niños en el hogar,No,,No,No,4,,,,,,,,
Ing. Manuel Pizarro,GS-B-01894,27/6/2025 11:13:24,,gferrer214@gmail.com,,,,,,,,,,2,0,No hay menores,No,0,No,,No,,No,,Sí,Sí,No,,,,,,No,,,,No,No residen niños en el hogar,No,,No,No,4,,,,,,,,
Ing. Manuel Pizarro,GS-B-01895,27/6/2025 11:13:43,,florenncia.ortiz@gmail.com,Maipu 3252,,,,Eva,,,,,2,0,No hay menores,No,0,No,,No,,No,,Sí,Sí,No,,,,,,Sí,Sí,No,,No,No residen niños en el hogar,No,,No,No,1,,,,,,,,
Ing. Manuel Pizarro,GS-B-01896,27/6/2025 11:13:48,,melmiel28@gmail.com,Biassi 857,,,,Eduardo,,,,,3,0,No hay menores,No,0,No,,No,,No,,Sí,Sí,No,,,,,,Sí,Sí,No,,No,No residen niños en el hogar,No,S24 Sur,No,No,4,,,,,,,,
Ing. Manuel Pizarro,GS-B-01897,27/6/2025 11:15:37,,subse.nafriocuarto@gmail.com,Maipu 3269,,,,Liliana,,,3584289176,,6,1,Sí,Sí,,Sí,No,Sí,,Sí,,Sí,Sí,No,,,,,,No,,,,No,Sí,Sí,Centro Periférico 12,Sí,No,4,,,,,,,,
Ing. Manuel Pizarro,GS-B-01898,27/6/2025 11:16:51,,pato_estudio@hotmail.com,Santa Rosa 1037,,,,Anabella Bildoza,,,3586029237,,1,0,No hay menores,No,0,No,,No,,No,,Sí,Sí,No,,,,,,Sí,No,,,No,No residen niños en el hogar,Sí,Centro Periférico 7,Sí,No,3,,,,,,,,
Ing. Manuel Pizarro,GS-B-01899,27/6/2025 11:17:20,,mariacristinaalonso68@gmail.com,,,,,Eliana,,,3584280038,,7,1,Sí,No,0,No,,Sí,,No,,Sí,Sí,Sí,"Discapacidad física: Incluye limitaciones en la movilidad y funciones físicas, como la paraplejia, amputaciones y trastornos del movimiento.",No,No,,,Sí,Sí,No,,No,Sí,Sí,Centro Periférico 7,No,No,4,,,,,,,,
Ing. Manuel Pizarro,GS-B-01900,27/6/2025 11:18:57,,consultoriosalud23@gmail.com,,,,,,,,,,4,0,No hay menores,No,0,No,,No,,No,,Sí,Sí,No,,,,,,No,No,No,,No,No residen niños en el hogar,No,,No,No,4,,,,,,,,
Ing. Manuel Pizarro,GS-B-01901,27/6/2025 11:20:30,,valenpereletegui@gmail.com,G. Del Barco 2925,,,,,,,,,1,0,No hay menores,No,0,No,,Sí,,No,,Sí,Sí,Sí,"Discapacidad física: Incluye limitaciones en la movilidad y funciones físicas, como la paraplejia, amputaciones y trastornos del movimiento.",No,No,,,No,Sí,,,No,Sí,No,,No,No,4,,,,,,,,
Ing. Manuel Pizarro,GS-B-01902,27/6/2025 11:21:26,,subse.nafriocuarto@gmail.com,Maipu 3225,,,,Geronimo,,,3585144920,,3,0,No hay menores,Sí,,No,,No,,No,,Sí,Sí,No,,,,,,No,,,,No,No residen niños en el hogar,No,,No,No,4,,,,,,,,
Ing. Manuel Pizarro,GS-B-01903,27/6/2025 11:23:41,,florenncia.ortiz@gmail.com,Maipu 3170,,,,Ana,,,,,3,1,Sí,Sí,,No,,No,,No,,Sí,Sí,No,,,,,,No,,,,No,Sí,Sí,Centro Periférico 14,No,No,4,,,,,,,,
Ing. Manuel Pizarro,GS-B-01904,27/6/2025 11:24:04,,subsecretariadelasmujeresrio4@gmail.com,Aguado 1041,,,,Micaela,,,,,5,3,Sí,No,0,No,,Sí,,No,,Sí,Sí,No,,,,,,No,No,No,,No,Sí,Sí,Centro Periférico 7,No,No,2,,,,,,,,
Ing. Manuel Pizarro,GS-B-01905,27/6/2025 11:24:42,,noeliaben89@gmail.com,Santa rosa 1069,,,,María eva,,,,,1,0,No hay menores,No,0,No,,No,,No,,Sí,No,No,,,,,,Sí,No,,,No,No residen niños en el hogar,Sí,Centro Periférico 7,Sí,No,4,,,,,,,,
Ing. Manuel Pizarro,GS-B-01906,27/6/2025 11:25:23,,jaelrolon1@gmail.com,Doctor Carlos Gaudard 2952,,,,Jesica,,,3584376340,,5,2,Sí,Sí,0,No,,No,,Sí,,Sí,Sí,Sí,"Discapacidad física: Incluye limitaciones en la movilidad y funciones físicas, como la paraplejia, amputaciones y trastornos del movimiento.",No,No,,No puede,No,,,,No,No,No,,Sí,No,4,,,,,,,,
Ing. Manuel Pizarro,GS-B-01907,27/6/2025 11:26:24,,gferrer214@gmail.com,Olmedo 2949,,,,Angel Altamiran9,,,3584247493,,3,0,No hay menores,Sí,0,No,,No,,No,,Sí,Sí,No,,,,,,No,,,,No,Sí,No,,No,No,4,,,,,,,,
Ing. Manuel Pizarro,GS-B-01908,27/6/2025 11:27:01,,francopardo115@gmail.com,,,,,Gabriela Natalia Cabañez,,,3585131657,,4,2,Sí,No,0,No,,Sí,,No,,Sí,Sí,Sí,"Discapacidad del aprendizaje: Incluye dificultades específicas de aprendizaje, como la dislexia y el trastorno por déficit de atención e hiperactividad (TDAH).",Sí,Sí,Terapia,,No,,,,No,Sí,Sí,Centro Periférico 7,Sí,No,4,,,,,,,,
Ing. Manuel Pizarro,GS-B-01909,27/6/2025 11:28:07,,marcelamastrangelo358@gmail.com,José biasi 927,,,,Juan,,,,,6,3,Sí,Sí,0,Sí,No,Sí,,No,,Sí,Sí,No,,,,,,No,No,No,,No,Sí,Sí,Centro Periférico 12,No,No,2,,,,,,,,
Ing. Manuel Pizarro,GS-B-01910,27/6/2025 11:28:29,,msoledadfrattari@gmail.com,3584114242,,,,,,,Liliana,,5,2,Sí,Sí,0,No,,No,,No,,Sí,Sí,Sí,"Discapacidad intelectual: Comprende condiciones que afectan el funcionamiento cognitivo y la capacidad de aprendizaje, como el síndrome de Down y otros trastornos del desarrollo intelectual.",Sí,No,,Por miedo a los robos,No,No,No,,No,Sí,Sí,Centro Periférico 12,No,No,4,,,,,,,,
Ing. Manuel Pizarro,GS-B-01911,27/6/2025 11:28:39,,pato_estudio@hotmail.com,Santa Rosa 1124,,,,Melina,,,3585615926,,3,2,Sí,Sí,3,No,,No,,No,,Sí,Sí,No,,,,,,No,No lo sé,No,,No,Sí,Sí,Centro Periférico 7,No,No,3,,,,,,,,
Ing. Manuel Pizarro,GS-B-01912,27/6/2025 11:29:34,,mariacristinaalonso68@gmail.com,,,,,Fabiana,,,,,2,1,Sí,No,,No,,No,,No,,Sí,Sí,No,,,,,,No,,,,No,Sí,Sí,Centro Periférico 7,No,No,4,,,,,,,,
Ing. Manuel Pizarro,GS-B-01913,27/6/2025 11:30:00,,subsecretariadelasmujeresrio4@gmail.com,Aguado 1083,,,,Laautaro bracamonte,,,,,5,1,Sí,No,0,No,,No,,No,,Sí,Sí,No,,,,,,No,No,No,,No,Sí,Sí,Centro Periférico 7,Sí,No,4,,,,,,,,
Ing. Manuel Pizarro,GS-B-01914,27/6/2025 11:30:04,,subse.nafriocuarto@gmail.com,Maipu 3124,,,,Beatriz,,,,,4,0,No hay menores,No,,No,,No,,No,,Sí,Sí,No,,,,,,Sí,Sí,No,,No,No residen niños en el hogar,No,,No,No,4,,,,,,,,
Ing. Manuel Pizarro,GS-B-01915,27/6/2025 11:33:17,,melmiel28@gmail.com,Biassi 998,,,,Iris mercado,,,,,4,2,Sí,No,0,No,,No,,No,,Sí,Sí,No,,,,,,No,No,No,,No,Sí,Sí,S24 Sur,No,No,4,,,,,,,,
Ing. Manuel Pizarro,GS-B-01916,27/6/2025 11:34:04,,lauradonetto@gmail.com,Gerónimo de Barco 2877,,,,Ester,,,,,3,1,Sí,No,0,No,,No,,No,,Sí,Sí,No,,,,,,No,No,No,,No,Sí,No,,No,No,4,,,,,,,,
Ing. Manuel Pizarro,GS-B-01917,27/6/2025 11:34:39,,noeliaben89@gmail.com,Santa rosa 1091,,,,Rocio,,,,,4,1,No,Sí,0,No,,No,,No,,Sí,Sí,No,,,,,,No,,,,No,Sí,Sí,Centro Periférico 7,No,No,4,,,,,,,,
Ing. Manuel Pizarro,GS-B-01918,27/6/2025 11:36:18,,melmiel28@gmail.com,Biassi 988,,,,Ayelen,,,,,5,3,Sí,No,0,No,,Sí,,No,,Sí,No,No,,,,,,No,No,No,,No,Sí,Sí,S24 Sur,No,No lo sé,3,,,,,,,,
Ing. Manuel Pizarro,GS-B-01919,27/6/2025 11:37:00,,francopardo115@gmail.com,Pje Stephenson 3098,,,,Macarena Peña,,,,,3,1,Sí,No,0,No,,Sí,,No,,Sí,Sí,No,,,,,,No,,,,No,Sí,Sí,Centro Periférico 12,No,No,4,,,,,,,,
Ing. Manuel Pizarro,GS-B-01920,27/6/2025 11:37:02,,mariacristinaalonso68@gmail.com,,,,,Oscar florio,,,,,2,0,No hay menores,No,,No,,No,,No,,Sí,Sí,Sí,"Discapacidad del aprendizaje: Incluye dificultades específicas de aprendizaje, como la dislexia y el trastorno por déficit de atención e hiperactividad (TDAH).",No,No,,,Sí,No,No,,No,No residen niños en el hogar,No,,No,No,2,,,,,,,,
Ing. Manuel Pizarro,GS-B-01921,27/6/2025 11:38:21,,florenncia.ortiz@gmail.com,Maipu 2974,,,,Paula,,,,,4,1,Sí,No,,No,,No,,No,,Sí,Sí,No,,,,,,No,,,,No,Sí,Sí,Centro Periférico 12,No,No,4,,,,,,,,
Ing. Manuel Pizarro,GS-B-01922,27/6/2025 11:38:30,,subse.nafriocuarto@gmail.com,Maipu 2980,,,,Marcela,,,,,7,3,Sí,Sí,,No,,No,,No,,Sí,Sí,No,,,,,,No,,,,No,Sí,Sí,Centro Periférico 12,No,No,4,,,,,,,,
Ing. Manuel Pizarro,GS-B-01923,27/6/2025 11:38:51,,msoledadfrattari@gmail.com,Pues San Cayetano 2979,,,,Mariela,,,3585185283,,6,4,Sí,No,0,No,,Sí,,Sí,,Sí,Sí,No,,,,,,No,No,No,,No,Sí,Sí,Centro Periférico 12,Sí,No,2,,,,,,,,
Ing. Manuel Pizarro,GS-B-01924,27/6/2025 11:40:32,,marcelamastrangelo358@gmail.com,Estrada 3104,,,,,,,,,2,0,No,No,0,No,,No,,No,,Sí,Sí,No,,,,,,No,No,No,,No,No,No,Centro Periférico 12,No,No,3,,,,,,,,
Ing. Manuel Pizarro,GS-B-01925,27/6/2025 11:42:13,,subsecretariadelasmujeresrio4@gmail.com,,,,,Rafael,,,,,3,0,No hay menores,No,0,No,,No,,No,,Sí,Sí,No,,,,,,No,No,No,,No,No residen niños en el hogar,No,,No,No,3,,,,,,,,
Ing. Manuel Pizarro,GS-B-01926,27/6/2025 11:42:51,,melmiel28@gmail.com,Biassi 1020,,,,Diego gallardo,,,,,5,4,Sí,Sí,0,No,,No,,No,,Sí,No,No,,,,,,Sí,No,No,,No,Sí,No,,No,No,4,,,,,,,,
Ing. Manuel Pizarro,GS-B-01927,27/6/2025 11:43:58,,florenncia.ortiz@gmail.com,Maipu 2944,,,,Ariadna,,,,,3,1,No hay menores,No,,No,,Sí,,No,,Sí,Sí,No,,,,,,No,,,,No,Sí,Sí,Centro de Salud Municipal,No,No,2,,,,,,,,
Ing. Manuel Pizarro,GS-B-01928,27/6/2025 11:45:56,,subse.nafriocuarto@gmail.com,,,,,Dahiana,,,,,7,3,Sí,Sí,,Sí,No,Sí,,No,,Sí,Sí,No,,,,,,Sí,No,No,,No,Sí,Sí,Centro Periférico 7,Sí,No,4,,,,,,,,
Ing. Manuel Pizarro,GS-B-01929,27/6/2025 11:48:15,,msoledadfrattari@gmail.com,,,,,Maria,,,3585615127,,4,3,Sí,No,0,No,,Sí,,No,,Sí,Sí,Sí,"Discapacidad del aprendizaje: Incluye dificultades específicas de aprendizaje, como la dislexia y el trastorno por déficit de atención e hiperactividad (TDAH).",Sí,Sí,Apoyo escolar,,No,No,No,,No,Sí,Sí,Centro Periférico 12,Sí,No,2,,,,,,,,
Ing. Manuel Pizarro,GS-B-01930,27/6/2025 11:48:24,,florenncia.ortiz@gmail.com,Maipu 2928,,,,Claudia,,,,,4,0,No hay menores,No,,No,,No,,No,,Sí,Sí,No,,,,,,No,,,,No,No residen niños en el hogar,No,,No,No,4,,,,,,,,
Ing. Manuel Pizarro,GS-B-01931,27/6/2025 11:49:30,,melmiel28@gmail.com,Biassi 1019,,,,Marina ruarte,,,,,3,1,Sí,Sí,0,No,,Sí,,No,,Sí,Sí,No,,,,,,No,No,No,,No,Sí,Sí,Centro Periférico 12,No,No,4,,,,,,,,
Ing. Manuel Pizarro,GS-B-01932,27/6/2025 11:50:58,,subse.nafriocuarto@gmail.com,Maipu 2912,,,,Miriam,,,,,1,0,No hay menores,No,,No,,No,,No,,Sí,Sí,No,,,,,,Sí,Sí,No,,No,No residen niños en el hogar,No,,Sí,No,4,,,,,,,,
Ing. Manuel Pizarro,GS-B-01933,27/6/2025 11:56:18,,francopardo115@gmail.com,Julio Borda 775,,,,Luciana Belen Espindola,,,,,6,1,Sí,No,0,No,,Sí,,No,,Sí,Sí,Sí,"Discapacidad del aprendizaje: Incluye dificultades específicas de aprendizaje, como la dislexia y el trastorno por déficit de atención e hiperactividad (TDAH).",Sí,No,,,No,,,,No,Sí,Sí,Centro Periférico 12,Sí,No,3,,,,,,,,
Ing. Manuel Pizarro,GS-B-01934,27/6/2025 11:57:05,,florenncia.ortiz@gmail.com,Maipu 2880,,,,Raul,,,,,5,1,No hay menores,No,,No,,No,,No,,Sí,Sí,No,,,,,,Sí,Sí,No,,No,No residen niños en el hogar,No,,No,No,2,,,,,,,,
Ing. Manuel Pizarro,GS-B-01935,27/6/2025 12:01:26,,francopardo115@gmail.com,,,,,Torradi,,,,,3,0,No hay menores,No,0,No,,No lo sé,,No,,Sí,Sí,No,,,,,,No,,,,No,Sí,Sí,S24 Sur,No,No,4,,,,,,,,
Ing. Manuel Pizarro,GS-B-01936,27/6/2025 12:01:50,,subsecretariadelasmujeresrio4@gmail.com,Virrey vertiz 673,,,,Pedro Fernández,,,,,1,0,No hay menores,No,0,No,,No,,No,,Sí,No,No,,,,,,No,No,No,,No,No residen niños en el hogar,Sí,Centro de Salud Municipal,Sí,No,3,,,,,,,,
Ing. Manuel Pizarro,GS-B-01937,27/6/2025 12:30:45,,mariacristinaalonso68@gmail.com,Alejandro aguado 1965,,,,Nanci miranda,,,35841245,,3,0,No hay menores,No,0,No,,No,,No,,Sí,Sí,Sí,"Discapacidad múltiple: Se refiere a personas que presentan combinaciones de dos o más tipos de discapacidad, afectando diversas áreas de su vida.",Sí,No,,Nunca se llego nadie,No,Sí,No,,No,No residen niños en el hogar,No,,Sí,No,2,,,,,,,,
San Pablo,GS-B-01938,17/7/2025 9:59:43,,mariaeugeniasuarez861@gmail.com,A005 950,,,,Graciela Mansilla,,,,,2,0,No hay menores,No,0,Sí,Sí,No,,No,,Sí,Sí,No,,,,,,Sí,Sí,No,,No,No residen niños en el hogar,No,"Hospital Regional ""San Antonio de Padua""",Sí,No,4,,,,,,,,
San Pablo,GS-B-01939,17/7/2025 10:01:46,,mcrosetto224@gmail.com,Juan de Garay 986,,,,,,,,,3,1,Sí,No,0,No,,No,,No,,Sí,Sí,No,,,,,,No,No,No,,No,Sí,No,,No,No,4,,,,,,,,
San Pablo,GS-B-01940,17/7/2025 10:04:58,,solangetorres959@gmail.com,Juan de garay 750,,,,Alberto,,,,,3,0,No hay menores,No,,No,,No,,No,,Sí,Sí,No,,,,,,Sí,Sí,No,,No,No residen niños en el hogar,No,,No,No,4,,,,,,,,
San Pablo,GS-B-01941,17/7/2025 10:06:47,,riquelmesergio965@gmail.com,Juan garsy 762,,,,Becerra maria silvia,,,,,2,0,No hay menores,No,0,No,,No,,No,,Sí,No,No,,,,,,Sí,Sí,No,,No,No residen niños en el hogar,Sí,Centro Periférico 3,Sí,No,1,,,,,,,,
San Pablo,GS-B-01942,17/7/2025 10:09:28,,josefinaandres88@gmail.com,,,,,,,,,,5,3,Sí,No,0,No,,No,,No,,Sí,Sí,No,,,,,,No,,,,No,Sí,Sí,Centro Periférico 3,No,No,4,,,,,,,,
San Pablo,GS-B-01943,17/7/2025 10:10:40,,kg9793067@gmail.com,Victor guillen 1185,,,,Carina,,,3585603673,,2,0,No hay menores,No,,No,,No,,No,,Sí,Sí,No,,,,,,No,,,,No,No residen niños en el hogar,No,,Sí,No,4,,,,,,,,
San Pablo,GS-B-01944,17/7/2025 10:11:59,,mcrosetto224@gmail.com,Juan de garantías 1106,,,,,,,,,2,0,No,No,0,No,,No,,No,,No,No,No,,,,,,No,No,No,,No,No residen niños en el hogar,Sí,Centro Periférico 3,No,No,4,,,,,,,,
San Pablo,GS-B-01945,17/7/2025 10:12:32,,subsecretariadeninez@riocuarto.gov.ar,Arturo m bastante 2580,,,,Evange,,,,,2,0,No hay menores,No,0,Sí,No,No,,No,,No,No,No,,,,,,Sí,Sí,No,,No,No residen niños en el hogar,No,,No,No,4,,,,,,,,
San Pablo,GS-B-01946,17/7/2025 10:13:35,,latidosrio4@gmail.com,Juan de Garay 925,,,,Alberto,,,3586004506,,2,0,No hay menores,No,,No,,Sí,,No,,Sí,No,No,,,,,,Sí,Sí,No,,No,No residen niños en el hogar,No,,No,No,3,,,,,,,,
San Pablo,GS-B-01947,17/7/2025 10:15:25,,lic.erigomez@gmail.com,Moreno 2308,,,,Juan escudero,,,,,2,0,No,No,0,Sí,No,No,,No,,Sí,Sí,No,,,,,,No,No lo sé,No lo sé,,No,No residen niños en el hogar,No lo sé,,No,No,4,,,,,,,,
San Pablo,GS-B-01948,17/7/2025 10:17:50,,rosana.ochoa.8a@gmail.com,,,,,Javier,,,3584856351,,4,2,Sí,No,0,No,,Sí,,No,,Sí,Sí,No,,,,,,No,,,,No,Sí,Sí,Centro Periférico 5,No,No,4,,,,,,,,
San Pablo,GS-B-01949,17/7/2025 10:17:56,,mariaeugeniasuarez861@gmail.com,Pje Victor Guillet 973,,,,MARIA OFELIA,,,3584312652,,2,0,No hay menores,No,0,No,,No,,No,,Sí,Sí,Sí,"Discapacidad psicosocial: Abarca trastornos mentales y emocionales que afectan la interacción social y la salud emocional, como la depresión, la ansiedad y la esquizofrenia.",No,No,,,Sí,Sí,No,,No,No residen niños en el hogar,No,,No,No,4,,,,,,,,
San Pablo,GS-B-01950,17/7/2025 10:18:45,,florenncia.ortiz@gmail.com,Juan de garantías 1142,,,,,,,,,3,0,No hay menores,No,0,No,,No,,No,,Sí,Sí,No,,,,,,Sí,Sí,No,,No,No residen niños en el hogar,No,,Sí,No,4,,,,,,,,
San Pablo,GS-B-01951,17/7/2025 10:18:58,,lauchavelez79@gmail.com,,,,,,,,,,5,2,Sí,No,0,No,,No lo sé,,No,,Sí,Sí,No,,,,,,No,No,No,,No,Sí,Sí,Centro Periférico 3,No,No,4,,,,,,,,
San Pablo,GS-B-01952,17/7/2025 10:19:26,,yanitrombotto5266@gmail.com,Victor  Guille 986 casi esquina Moreno,,,,Jorge Irusta,,,3585040639,,2,0,No hay menores,Sí,0,No,,No,,No,,Sí,No,Sí,"Discapacidad física: Incluye limitaciones en la movilidad y funciones físicas, como la paraplejia, amputaciones y trastornos del movimiento.",No,No,,,Sí,Sí,No,,No,No residen niños en el hogar,Sí,Centro Periférico 8,Sí,No,4,,,,,,,,
San Pablo,GS-B-01953,17/7/2025 10:22:30,,lic.erigomez@gmail.com,Agente Duarte 974,,,,Merquiade,,,3586013071,,3,0,No hay menores,No,0,No,,No,,No,,Sí,Sí,No,,,,,,Sí,Sí,No,,No,Sí,Sí,S24 Sur,No,No,4,,,,,,,,
San Pablo,GS-B-01954,17/7/2025 10:25:20,,solangetorres959@gmail.com,Víctor Guillet 741,,,,Romina,,,,,4,0,No hay menores,No,,No,,No,,No,,Sí,Sí,No,,,,,,Sí,Sí,No,No asiste por falta de cupo al centro de jubilado,No,No residen niños en el hogar,No,,No,No,4,,,,,,,,
San Pablo,GS-B-01955,17/7/2025 10:26:52,,subse.nafriocuarto@gmail.com,,,,,Haydeé,,,,,2,0,No hay menores,No,0,No,,No,,No,,Sí,Sí,Sí,"Discapacidad física: Incluye limitaciones en la movilidad y funciones físicas, como la paraplejia, amputaciones y trastornos del movimiento.",Sí,No,,No le interesa,Sí,Sí,No,,No,No residen niños en el hogar,No,,No,No,4,,,,,,,,
San Pablo,GS-B-01956,17/7/2025 10:28:48,,josefinaandres88@gmail.com,,,,,,,,,,5,2,Sí,No,,No,,No,,No,,Sí,Sí,No,,,,,,No,,,,No,Sí,Sí,Centro Periférico 3,No,No,4,,,,,,,,
San Pablo,GS-B-01957,17/7/2025 10:29:05,,natyvgomez2011@gmail.com,,,,,Leonor,,,3584909207( hija) 3584227080,,1,0,No hay menores,No,0,No,,No,,No,,Sí,Sí,Sí,"Discapacidad física: Incluye limitaciones en la movilidad y funciones físicas, como la paraplejia, amputaciones y trastornos del movimiento.",Sí,No,,,Sí,Sí,No,,No,No residen niños en el hogar,No,,Sí,No,3,,,,,,,,
San Pablo,GS-B-01958,17/7/2025 10:31:29,,florenncia.ortiz@gmail.com,Villavicencio 1175,,,,Miguel silveira,,,,,2,0,No hay menores,No,0,Sí,Sí,No,,No,,No,No,No,,,,,,Sí,Sí,No,,No,No residen niños en el hogar,No,,No,No,2,,,,,,,,
San Pablo,GS-B-01959,17/7/2025 10:31:38,,mcrosetto224@gmail.com,Villavicencio 1179.dpto C,,,,,,,,,1,0,No hay menores,No,0,No,,No,,No,,No,Sí,No,,,,,,Sí,Sí,No,,No,No residen niños en el hogar,No,,Sí,No,4,,,,,,,,
San Pablo,GS-B-01960,17/7/2025 10:32:03,,rosana.ochoa.8a@gmail.com,,,,,,,,,,3,1,Sí,Sí,,No,,Sí,,No,,Sí,Sí,Sí,Discapacidad sensorial: Agrupa la pérdida de capacidades auditivas (sordera) y visuales (ceguera y baja visión).,No lo sé,No,,No tiene movilidad,No,,,,No,No lo sé,No,,No lo sé,No lo sé,2,,,,,,,,
San Pablo,GS-B-01961,17/7/2025 10:33:19,,lic.erigomez@gmail.com,Gente Duarte 970,,,,Gustavo salinas,,,2585766046,,4,1,No,No,0,No,,Sí,,No,,Sí,Sí,No,,,,,,No,No lo sé,No lo sé,,No,Sí,Sí,Centro Periférico 3,Sí,No,4,,,,,,,,
San Pablo,GS-B-01962,17/7/2025 10:35:00,,solangetorres959@gmail.com,Potrerillos 786,,,,Mabel Olguin,,,,,5,1,Sí,No,,No,,Sí,,No,,Sí,Sí,No,,,,,,Sí,Sí,No,,No,Sí,No,Centro Periférico 3,No,No,4,,,,,,,,
San Pablo,GS-B-01963,17/7/2025 10:35:42,,josefinaandres88@gmail.com,,,,,,,,,,3,0,No hay menores,No,,No,,No,,No,,Sí,Sí,No,,,,,,No,,,,No,No residen niños en el hogar,Sí,Centro Periférico 3,No,No,4,,,,,,,,
San Pablo,GS-B-01964,17/7/2025 10:36:14,,gastonodella89@gmail.com,,,,,Irma,,,,,4,1,Sí,No,0,No,,No,,No,,Sí,Sí,No,,,,,,No,No,No,,No,Sí,No,,No,No,4,,,,,,,,
San Pablo,GS-B-01965,17/7/2025 10:36:29,,germanrio444@gmail.com,Alcalde Acosta 1072,,,,Fabre Osvaldo,,,3584300112,,3,1,Sí,No,0,No,,No,,No,,Sí,Sí,No,,,,,,No,,,,No,Sí,No,,Sí,No,4,,,,,,,,
San Pablo,GS-B-01966,17/7/2025 10:37:10,,mcrosetto224@gmail.com,Villavicencio 1163,,,,,,,,,2,0,No hay menores,No,0,No,,No,,No,,No,Sí,No,,,,,,Sí,Sí,No,,No,No residen niños en el hogar,No,,Sí,No,4,,,,,,,,
San Pablo,GS-B-01967,17/7/2025 10:37:16,,lucaspinfer15@gmail.com,,,,,,,,,,10,3,No,Sí,1,Sí,Sí,No,,Sí,,Sí,Sí,Sí,"Discapacidad psicosocial: Abarca trastornos mentales y emocionales que afectan la interacción social y la salud emocional, como la depresión, la ansiedad y la esquizofrenia.",No,No,,,No,No,No,,No lo sé,No residen niños en el hogar,Sí,,No lo sé,Sí,3,,,,,,,,
San Pablo,GS-B-01968,17/7/2025 10:38:12,,florenncia.ortiz@gmail.com,Villavicencio 1153,,,,Romina,,,3585093173,,4,1,No,No,,No,,No,,No,,Sí,Sí,No,,,,,,Sí,Sí,No,,No,Sí,No,,No,No,4,,,,,,,,
San Pablo,GS-B-01969,17/7/2025 10:41:27,,mariaeugeniasuarez861@gmail.com,Rioja 2668,,,,JOSEFINA,,,,,2,0,No hay menores,No,0,No,,No,,No,,Sí,Sí,No,,,,,,Sí,Sí,No,,No,No residen niños en el hogar,No,,Sí,No,4,,,,,,,,
San Pablo,GS-B-01970,17/7/2025 10:42:00,,fernandocha156@gmail.com,,,,,Florencia,,,358 4180528,,2,0,No hay menores,No,2,No,,No,,No,,Sí,Sí,No,,,,,,No,No,No,No viven adultos mayores,No,No residen niños en el hogar,No,,No,No,4,,,,,,,,
San Pablo,GS-B-01971,17/7/2025 10:42:09,,lic.erigomez@gmail.com,Agente Duarte 958,,,,Susana,,,,,1,0,No hay menores,No,0,No,,No,,No,,Sí,Sí,No,,,,,,Sí,Sí,No,,No,No residen niños en el hogar,No lo sé,,No,No,4,,,,,,,,
San Pablo,GS-B-01972,17/7/2025 10:42:15,,riquelmesergio965@gmail.com,Potrerillo 730,,,,,,,,,3,0,No hay menores,No,0,No,,No,,No,,Sí,Sí,No,,,,,,No,No,No,,No,No residen niños en el hogar,No,,No,No,4,,,,,,,,
San Pablo,GS-B-01973,17/7/2025 10:43:01,,josefinaandres88@gmail.com,Agente José darte 953,,,,Brunela sosa,,,3584202118,,5,2,Sí,Sí,,No,,No,,No,,Sí,Sí,No,,,,,,No,,,,No,Sí,Sí,Centro Periférico 3,Sí,Sí,4,,,,,,,,
San Pablo,GS-B-01974,17/7/2025 10:43:31,,rosana.ochoa.8a@gmail.com,,,,,María alejandra,,,3585627331,,5,1,Sí,Sí,1,No,,No,,No,,Sí,Sí,No,,,,,,No,,,,No,Sí,Sí,Centro Periférico 3,No,Sí,3,,,,,,,,
San Pablo,GS-B-01975,17/7/2025 10:45:08,,florenncia.ortiz@gmail.com,Villavicencio 1131,,,,Rosa,,,,,1,0,No hay menores,No,,No,,No,,No,,No,No,No,,,,,,Sí,Sí,No,,No,No residen niños en el hogar,No,,No,No,4,,,,,,,,
San Pablo,GS-B-01976,17/7/2025 10:47:08,,mcrosetto224@gmail.com,Villavicencia 1133,,,,,,,,,2,0,No,No,0,No,,No,,No,,No,Sí,No,,,,,,No,No,No,,No,No residen niños en el hogar,No,Centro Periférico 9,No,No,4,,,,,,,,
San Pablo,GS-B-01977,17/7/2025 10:47:46,,kg9793067@gmail.com,Ruta A005,,,,Vanesa,,,3584844984,,4,2,Sí,No,0,No,,No,,No,,Sí,Sí,No,,,,,,No,,,,No,Sí,No,,Sí,No,4,,,,,,,,
San Pablo,GS-B-01978,17/7/2025 10:48:09,,josefinaandres88@gmail.com,,,,,,,,,,3,0,No hay menores,No,,No,,No,,No,,Sí,Sí,No,,,,,,No,,,,No,No residen niños en el hogar,No,,No,No,3,,,,,,,,
San Pablo,GS-B-01979,17/7/2025 10:50:56,,lic.erigomez@gmail.com,Agente Duarte 928,,,,Analia,,,,,4,1,Sí,No,0,No,,No,,No,,Sí,Sí,No,,,,,,Sí,Sí,No,,No,Sí,Sí,Centro de Salud Municipal,No,No,4,,,,,,,,
San Pablo,GS-B-01980,17/7/2025 10:51:33,,yanitrombotto5266@gmail.com,,,,,,,,,,1,0,No hay menores,Sí,0,No,,No,,No,,Sí,No,No,,,,,,Sí,Sí,No,,No,No residen niños en el hogar,No,,Sí,No,4,,,,,,,,
San Pablo,GS-B-01981,17/7/2025 10:52:49,,germanrio444@gmail.com,Rioja 2204,,,,Gremigger Vanesa,,,,,3,1,Sí,No,,No,,No,,No,,Sí,Sí,No,,,,,,No,,,,No,Sí,Sí,S24 Alberdi,No,No,4,,,,,,,,
San Pablo,GS-B-01982,17/7/2025 10:53:27,,lauchavelez79@gmail.com,Rioja 2585,,,,Juan Carlos,,,,,2,0,No hay menores,No,0,No,,No,,No,,Sí,Sí,No,,,,,,Sí,Sí,No,,No,No residen niños en el hogar,Sí,"Hospital Regional ""San Antonio de Padua""",Sí,No,4,,,,,,,,
San Pablo,GS-B-01983,17/7/2025 10:54:39,,riquelmesergio965@gmail.com,Simón gordo 775,,,,Maria garay,,,Simon girordo 775,,6,3,Sí,No,0,No,,No,,No,,Sí,Sí,Sí,Discapacidad sensorial: Agrupa la pérdida de capacidades auditivas (sordera) y visuales (ceguera y baja visión).,No,No,,Jubilada,Sí,Sí,No,,No,No lo sé,Sí,Centro Periférico 3,Sí,No,4,,,,,,,,
San Pablo,GS-B-01984,17/7/2025 10:56:09,,moyanofacundo88@gmail.com,La rioja 2214,,,,Pablina ortiz,,,3584168207,,2,0,No,No,0,No,,No,,No,,Sí,Sí,No,,,,,,Sí,Sí,No,,No,No,No,,Sí,No,4,,,,,,,,
San Pablo,GS-B-01985,17/7/2025 10:58:12,,florenncia.ortiz@gmail.com,Villavicencio 1063,,,,Gustavo óberto,,,3584018648,,4,1,Sí,No,,No,,No,,No,,Sí,Sí,No,,,,,,No,,,,No,Sí,Sí,Centro Periférico 3,No,No,2,,,,,,,,
San Pablo,GS-B-01986,17/7/2025 10:58:41,,mcrosetto224@gmail.com,Villavicencio 1077,,,,,,,,,3,1,No,No,0,No,,No,,No,,Sí,Sí,No,,,,,,No,No,No,,No,Sí,No,,Sí,No,4,,,,,,,,
San Pablo,GS-B-01987,17/7/2025 10:59:56,,fernandocha156@gmail.com,Alcalde acosta 1143,,,,Gomez leandro,,,358 5180758,,9,3,Sí,No,0,No,,Sí,,No,,Sí,Sí,Sí,"Discapacidad del aprendizaje: Incluye dificultades específicas de aprendizaje, como la dislexia y el trastorno por déficit de atención e hiperactividad (TDAH).",Sí,No,No participa de ninguna,Por ningun motivo,No,No,,No asisten,No,Sí,Sí,Centro Periférico 3,Sí,No,4,,,,,,,,
San Pablo,GS-B-01988,17/7/2025 11:01:09,,kg9793067@gmail.com,Doctor Victor guillet 993,,,,Micaela,,,3585048152,,2,1,No,No,0,No,,No,,No,,Sí,Sí,No,,,,,,No,,,,No,Sí,Sí,Centro Periférico 3,Sí,No,4,,,,,,,,
San Pablo,GS-B-01989,17/7/2025 11:02:12,,natyvgomez2011@gmail.com,Alcalde Acosta 1151,,,,Ana,,,3585772505,,5,1,Sí,No,0,No,,No,,No,,Sí,Sí,No,,,,,,Sí,Sí,No,,No,Sí,Sí,Centro Periférico 3,Sí,No,4,,,,,,,,
San Pablo,GS-B-01990,17/7/2025 11:03:25,,gastonodella89@gmail.com,,,,,Marina,,,,,1,0,No,Sí,0,No,,No,,No,,Sí,Sí,Sí,"Discapacidad física: Incluye limitaciones en la movilidad y funciones físicas, como la paraplejia, amputaciones y trastornos del movimiento.",Sí,No,,No le interesa,Sí,Sí,No,,No,No,No,,No,No,4,,,,,,,,
San Pablo,GS-B-01991,17/7/2025 11:04:19,,josefinaandres88@gmail.com,,,,,Raul,,,3584294194,,5,0,No hay menores,Sí,,No,,No,,No,,Sí,Sí,No,,,,,,No,,,,No,No residen niños en el hogar,Sí,Centro Periférico 3,Sí,No,4,,,,,,,,
San Pablo,GS-B-01992,17/7/2025 11:09:01,,sosaluisinaveronica@gmail.com,Pasaje don Bosco 956,,,,Monica,,,,,2,0,No hay menores,No,,No,,No,,No,,Sí,Sí,No,,,,,,No,,,,No,No residen niños en el hogar,No,,No,No,4,,,,,,,,
San Pablo,GS-B-01993,17/7/2025 11:10:51,,josefinaandres88@gmail.com,Pje don bosco 970,,,,Laura Diaz,,,3584379349,,5,3,Sí,No,,No,,Sí,,No,,Sí,Sí,Sí,"Discapacidad física: Incluye limitaciones en la movilidad y funciones físicas, como la paraplejia, amputaciones y trastornos del movimiento.",Sí,No,,,No,,,,No,Sí,No,,No,No,4,,,,,,,,
San Pablo,GS-B-01994,17/7/2025 11:11:05,,fernandocha156@gmail.com,Alcalde acosta 1159,,,,Nolberto carboneti,,,3584388068,,3,1,Sí,No,0,No,,No,,No,,Sí,Sí,No,,,,,,No,No,No,No hay personas mayores,No,Sí,Sí,Centro Periférico 4,No,No,3,,,,,,,,
San Pablo,GS-B-01995,17/7/2025 11:13:28,,rosana.ochoa.8a@gmail.com,,,,,Liliana,,,,,2,1,Sí,No,,No,,No,,No,,Sí,Sí,No,,,,,,Sí,Sí,No,,No,Sí,No,,Sí,No,4,,,,,,,,
San Pablo,GS-B-01996,17/7/2025 11:16:16,,moyanofacundo88@gmail.com,Moreno 2268,,,,Patricia ibañez,,,3586018995,,4,0,No,No,0,No,,No,,No,,Sí,Sí,No,,,,,,No,No,No,,No,No,No,,No,No,4,,,,,,,,
San Pablo,GS-B-01997,17/7/2025 11:21:00,,germanrio444@gmail.com,,,,,,,,,,3,0,No hay menores,No,,No,,No,,No,,Sí,Sí,No,,,,,,Sí,Sí,No,,No lo sé,No residen niños en el hogar,No,,No lo sé,Prefiero no decirlo,4,,,,,,,,
San Pablo,GS-B-01998,17/7/2025 11:24:23,,lic.erigomez@gmail.com,Moreno 2376,,,,Patricia luna,,,,,3,0,No hay menores,No,0,No,,No,,No,,Sí,Sí,No,,,,,,No,No lo sé,No lo sé,,No,Sí,No,,Sí,No,4,,,,,,,,
San Pablo,GS-B-01999,17/7/2025 11:28:48,,moyanofacundo88@gmail.com,Pje don bosco 1152,,,,Jesica calosso,,,3585133321,,4,2,Sí,No,0,No,,Sí,,No,,Sí,Sí,Sí,"Discapacidad múltiple: Se refiere a personas que presentan combinaciones de dos o más tipos de discapacidad, afectando diversas áreas de su vida.",Sí,No,,No estaba enterada,No,No,No,,No,Sí,Sí,Centro de Salud Municipal,Sí,No,4,,,,,,,,
San Pablo,GS-B-02000,17/7/2025 11:31:40,,germanrio444@gmail.com,,,,,,,,,,3,0,No,No,,No,,No,,No,,Sí,Sí,No,,,,,,Sí,Sí,No,,No,No,No,,No,No,4,,,,,,,,
Once De Noviembre,GS-B-02001,25/7/2025 10:05:25,,lic.amayapaz@gmail.com,Caracas 1325,,,,,,,,,2,0,No hay menores,No,0,No,,No,,No,,Sí,Sí,Sí,"Discapacidad física: Incluye limitaciones en la movilidad y funciones físicas, como la paraplejia, amputaciones y trastornos del movimiento.",No,No,,Es muy reciente su situación de discapacidad,Sí,Sí,No,,No,No residen niños en el hogar,Sí,Centro de Salud Municipal,Sí,No,4,,,,,,,,
Once De Noviembre,GS-B-02002,25/7/2025 10:06:15,,elrociocba@gmail.com,Caracas 1300 cuarpo a 4 amarillo,,,,Sofia,,,Sofiliam2017@hotmail.com,,5,3,Sí,No,0,No,,No,,No,,Sí,Sí,No,,,,,,No,No,,,No,Sí,No,,Sí,No,4,,,,,,,,
Once De Noviembre,GS-B-02003,25/7/2025 10:07:22,,ornedefilpo97@gmail.com,Depto 8 verde ipv,,,,Nicolas Lagos,,,,,3,0,No hay menores,No,0,No,,Sí,,No,,Sí,Sí,No,,,,,,No,No,No,,No,No residen niños en el hogar,Sí,S24 Alberdi,No,No,4,,,,,,,,
Once De Noviembre,GS-B-02004,25/7/2025 10:08:42,,andreagabrielaviloria@gmail.com,Caracas 1400,,,,Florencia Scheurer,,,,,4,2,Sí,Sí,0,No,,Sí,,Sí,,Sí,Sí,No,,,,,,No,,,,No,Sí,Sí,Centro Periférico 14,No,No,4,,,,,,,,
Once De Noviembre,GS-B-02005,25/7/2025 10:11:35,,agustinalmada02@gmail.com,,,,,,,,,,1,0,No hay menores,Sí,0,No,,No,,No,,Sí,Sí,No,,,,,,Sí,Sí,No,,No,No residen niños en el hogar,No,,No,No,4,,,,,,,,
Once De Noviembre,GS-B-02006,25/7/2025 10:13:23,,lic.amayapaz@gmail.com,,,,,,,,,,2,0,No,No,0,No,,No,,No,,No,No,No,,,,,,Sí,Sí,No,,No,No residen niños en el hogar,No,,Sí,No lo sé,3,,,,,,,,
Once De Noviembre,GS-B-02007,25/7/2025 10:13:56,,lauradonetto@gmail.com,B6 dpto 59 seg piso,,,,Lorena,,,3584258797,,6,3,Sí,No,0,No,,No,,No,,Sí,Sí,No,,,,,,No,No,No,,No,Sí,No,,No,No,4,,,,,,,,
Once De Noviembre,GS-B-02008,25/7/2025 10:15:22,,florenncia.ortiz@gmail.com,Caracas 1300 b10 19 planta baja sur,,,,Rosana,,,3586030689,,3,0,No hay menores,No,,No,,No,,No,,Sí,Sí,Sí,"Discapacidad física: Incluye limitaciones en la movilidad y funciones físicas, como la paraplejia, amputaciones y trastornos del movimiento.",No,No,,Desconocimiento,Sí,Sí,No,,No,No residen niños en el hogar,No,,Sí,No,2,,,,,,,,
Once De Noviembre,GS-B-02009,25/7/2025 10:15:52,,maxibuch87@gmail.com,Rene Salamanca y colombres 1400 monoblocks dpto 52,,,,Loana azcurra,,,3585737126,,2,0,No hay menores,No,0,No,,No,,No,,Sí,Sí,No,,,,,,No,No,,,No,No residen niños en el hogar,No,,No,No,4,,,,,,,,
Once De Noviembre,GS-B-02010,25/7/2025 10:17:03,,ornedefilpo97@gmail.com,Sector 1 cuerpo A2 depto 6 Planta Baja,,,,Hugo,,,,,1,0,No hay menores,Sí,0,No,,No,,No,,Sí,No,No,,,,,,Sí,Sí,No,,No,Sí,No,,No,No,4,,,,,,,,
Once De Noviembre,GS-B-02011,25/7/2025 10:17:47,,josefinaandres88@gmail.com,,,,,,,,,,1,0,No hay menores,Sí,0,No,,No,,No,,Sí,Sí,No,,,,,,Sí,Sí,No,,No,No residen niños en el hogar,No,,Sí,No,4,,,,,,,,
Once De Noviembre,GS-B-02012,25/7/2025 10:18:17,,andreagabrielaviloria@gmail.com,Caracas 1400 cuerpo b 10 segundo piso dpto 81,,,,Crespi Rosana Nelida,,,,,1,0,No hay menores,Sí,0,No,,No,,No,,Sí,Sí,No,,,,,,Sí,Sí,No,,No,No residen niños en el hogar,No,,No,No,4,,,,,,,,
Once De Noviembre,GS-B-02013,25/7/2025 10:19:50,,paula.soledad.morales@gmail.com,B1 96 ( amarrilo ) Colmbre 1300,,,,Marcelo,,,,,2,0,No,No,,No,,No,,No,,Sí,Sí,Sí,"Discapacidad intelectual: Comprende condiciones que afectan el funcionamiento cognitivo y la capacidad de aprendizaje, como el síndrome de Down y otros trastornos del desarrollo intelectual.",Sí,No,,,Sí,Sí,No,,No,No residen niños en el hogar,No,,Sí,No,4,,,,,,,,
Once De Noviembre,GS-B-02014,25/7/2025 10:19:53,,jaelrolon1@gmail.com,Pasaje caracas,,,,Jorge,,,3584830896,,8,6,Sí,No,0,Sí,No,Sí,,No,,Sí,Sí,Sí,"Discapacidad múltiple: Se refiere a personas que presentan combinaciones de dos o más tipos de discapacidad, afectando diversas áreas de su vida.",Sí,No,,,Sí,No,No,,No,Sí,No,,No,No lo sé,4,,,,,,,,
Once De Noviembre,GS-B-02015,25/7/2025 10:20:38,,moyanofacundo88@gmail.com,Caracas 1400,,,,Quiroga pamela,,,3584014145,,5,2,Sí,Sí,1,No,,No,,No,,Sí,Sí,No,,,,,,No,No,No,,No,Sí,Sí,Centro Periférico 1,No,No,4,,,,,,,,
Once De Noviembre,GS-B-02016,25/7/2025 10:21:46,,valenpereletegui@gmail.com,Caracas 1400 esq René salamanca dpto 28,,,,,,,,,4,2,Sí,No,0,No,,No,,No,,Sí,Sí,No,,,,,,No,No,No,,No,Sí,No,,No,No,3,,,,,,,,
Once De Noviembre,GS-B-02017,25/7/2025 10:22:16,,lic.amayapaz@gmail.com,,,,,,,,,,2,0,No hay menores,No,0,No,,No,,No,,Sí,Sí,No,,,,,,Sí,Sí,Sí,Espacio Ilia,No,No residen niños en el hogar,Sí,S24 Alberdi,No,No,4,,,,,,,,
Once De Noviembre,GS-B-02018,25/7/2025 10:24:24,,miasalasrioiv@gmail.com,C3 ROJO CARACAS 1400 . Depto. 6,,,,Graciela,,,,,1,0,No hay menores,Sí,0,No,,No,,No,,Sí,Sí,No,,,,,,Sí,Sí,Sí,Centro Ilia y Ex Matadero,No,No residen niños en el hogar,No,,Sí,No,4,,,,,,,,
Once De Noviembre,GS-B-02019,25/7/2025 10:25:30,,agustinalmada02@gmail.com,Colombres 1400,,,,Maximiliano,,,,,6,4,Sí,Sí,0,No,,Sí,,No,,Sí,Sí,No,,,,,,No,,,,No,Sí,Sí,Centro Periférico 14,No,No,4,,,,,,,,
Once De Noviembre,GS-B-02020,25/7/2025 10:25:39,,florenncia.ortiz@gmail.com,"Caracas 1300,, b9 datos 12 planta baja rojo",,,,Romina,,,154828628,,3,1,Sí,No,,No,,No,,No,,Sí,Sí,Sí,"Discapacidad intelectual: Comprende condiciones que afectan el funcionamiento cognitivo y la capacidad de aprendizaje, como el síndrome de Down y otros trastornos del desarrollo intelectual.",Sí,No,,Sin cupo,No,,,,No,Sí,Sí,Centro Periférico 14,No,No,4,,,,,,,,
Once De Noviembre,GS-B-02021,25/7/2025 10:25:42,,piaeceiza123@gmail.com,caracas 1400,,,,Adriana,,,3582430412,,2,0,No,No,0,No,,No,,No,,Sí,No,No,,,,,,No,No,No,,No,No residen niños en el hogar,No lo sé,Centro Periférico 1,No,No,3,,,,,,,,
Once De Noviembre,GS-B-02022,25/7/2025 10:25:44,,josefinaandres88@gmail.com,,,,,,,,,,1,0,No hay menores,Sí,0,No,,No,,No,,Sí,No,No,,,,,,Sí,Sí,No,,No,No residen niños en el hogar,No,,Sí,No,4,,,,,,,,
Once De Noviembre,GS-B-02023,25/7/2025 10:27:34,,paula.soledad.morales@gmail.com,B1 28,,,,Alberto,,,,,3,1,Sí,No,,No,,No,,No,,Sí,Sí,No,,,,,,Sí,Sí,No,,No,Sí,No,,Sí,No,4,,,,,,,,
Once De Noviembre,GS-B-02024,25/7/2025 10:30:04,,amayapaz728@gmail.com,,,,,,,,,,2,0,No hay menores,No,0,No,,No,,No,,Sí,Sí,No,,,,,,Sí,Sí,No,,No,No residen niños en el hogar,No,,Sí,No lo sé,4,,,,,,,,
Once De Noviembre,GS-B-02025,25/7/2025 10:30:16,,elrociocba@gmail.com,Psj gascón 2460,,,,Selene,,,3585187350,,3,1,Sí,No,0,No,,Sí,,No,,Sí,Sí,No,,,,,,No,,,,No,Sí,No,,No,No,4,,,,,,,,
Once De Noviembre,GS-B-02026,25/7/2025 10:32:33,,valenpereletegui@gmail.com,Colombres 1500 monoblock B4 dpto 56,,,,,,,,,3,1,Sí,No,0,No,,No,,No,,Sí,Sí,No,,,,,,Sí,Sí,No,,No,Sí,No,,Sí,No,4,,,,,,,,
Once De Noviembre,GS-B-02027,25/7/2025 10:32:46,,jaelrolon1@gmail.com,"Liniers 1490, depto C5, azul, número 19",,,,Maricel,,,3585093645,,5,3,Sí,No,0,No,,No,,No,,Sí,Sí,No,,,,,,No,,,,No,Sí,No,,No,No,4,,,,,,,,
Once De Noviembre,GS-B-02028,25/7/2025 10:33:11,,lauradonetto@gmail.com,B6 dpto 60,,,,Debora,,,3584832900,,6,4,Sí,No,,No,,No,,Sí,,Sí,Sí,No,,,,,,No,,,,No,Sí,Sí,Centro Periférico 14,No,No lo sé,4,,,,,,,,
Once De Noviembre,GS-B-02029,25/7/2025 10:34:18,,maxibuch87@gmail.com,Colombre 1400 dpto 25 planta baja,,,,Pedro Barrionuevo,,,3584375943,,2,0,No hay menores,No,0,No,,No,,No,,Sí,No,No,,,,,,Sí,Sí,Sí,Espacio Illia,No,No residen niños en el hogar,No,,No,No,4,,,,,,,,
Once De Noviembre,GS-B-02030,25/7/2025 10:34:20,,josefinaandres88@gmail.com,,,,,,,,,,3,2,Sí,Sí,0,No,,No,,No,,Sí,Sí,No,,,,,,No,,,,No,Sí,No,,Sí,No,4,,,,,,,,
Once De Noviembre,GS-B-02031,25/7/2025 10:35:38,,paula.soledad.morales@gmail.com,B1 29,,,,Libertad Cecilia Prina,,,3584646661,,2,0,No hay menores,No,,No,,No,,No,,Sí,Sí,No,,,,,,Sí,Sí,No,,No,No residen niños en el hogar,No,,Sí,No,4,,,,,,,,
Once De Noviembre,GS-B-02032,25/7/2025 10:36:17,,piaeceiza123@gmail.com,Alem al 1400,,,,Cristina,,,154336782,,2,0,No hay menores,No,0,No,,No,,No,,Sí,Sí,No,,,,,,Sí,Sí,No,,No,No residen niños en el hogar,No,,No,No,4,,,,,,,,
Once De Noviembre,GS-B-02033,25/7/2025 10:36:37,,miasalasrioiv@gmail.com,C3 depto 32 prmer piso Rojo Caracas 1400,,,,Edith,,,,,1,0,No hay menores,No,0,No,,No,,No,,Sí,Sí,No,,,,,,Sí,Sí,Sí,Asiste al Ilia,No,No residen niños en el hogar,No,,Sí,No,4,,,,,,,,
Once De Noviembre,GS-B-02034,25/7/2025 10:38:17,,fernandocha156@gmail.com,Caracas 1400 ipv alberd,,,,Alvares gloria,,,,,1,0,No hay menores,No,1,No,,No,,No,,Sí,No,No,,,,,,Sí,Sí,No,No asiste a ninguna,No,No residen niños en el hogar,No,,No,No,3,,,,,,,,
Once De Noviembre,GS-B-02035,25/7/2025 10:40:29,,lauradonetto@gmail.com,B6 dpto 3,,,,María Cristina,,,358,,2,0,No hay menores,No,0,No,,No,,No,,Sí,Sí,No,,,,,,Sí,Sí,No,,No,No residen niños en el hogar,No,,Sí,No,4,,,,,,,,
Once De Noviembre,GS-B-02036,25/7/2025 10:40:34,,josefinaandres88@gmail.com,,,,,,,,,,2,0,No hay menores,Sí,0,No,,No,,No,,Sí,Sí,No,,,,,,No,,,,No,No residen niños en el hogar,No,,Sí,No,4,,,,,,,,
Once De Noviembre,GS-B-02037,25/7/2025 10:41:38,,subsecretariadelasmujeresrio4@gmail.com,Limiers 1490,,,,Aguero Fabiana,,,3585175739,,3,0,Sí,No,0,No,,No,,No,,Sí,Sí,No,,,,,,Sí,No,,,No,Sí,Sí,Centro Periférico 14,Sí,No,4,,,,,,,,
Once De Noviembre,GS-B-02038,25/7/2025 10:41:47,,agustinalmada02@gmail.com,Colombres 1400 Sector A1 Depto 32,,,,Luis Lobeto,,,3584323433,,2,0,No hay menores,No,0,No,,Sí,,No,,Sí,Sí,No,,,,,,Sí,Sí,No,,No,No residen niños en el hogar,No,,Sí,No,3,,,,,,,,
Once De Noviembre,GS-B-02039,25/7/2025 10:42:12,,lic.amayapaz@gmail.com,,,,,,,,,,1,0,No hay menores,No,0,No,,No,,No,,Sí,Sí,No,,,,,,Sí,Sí,Sí,Espacio Ilia,No,No residen niños en el hogar,No,,No,No,4,,,,,,,,
Once De Noviembre,GS-B-02040,25/7/2025 10:42:52,,elrociocba@gmail.com,Caracas 1300,,,,Veronica,,,,,3,0,No hay menores,No,0,No,,No,,No,,Sí,Sí,No,,,,,,No,,,,No,No residen niños en el hogar,No,,Sí,No,4,,,,,,,,
Once De Noviembre,GS-B-02041,25/7/2025 10:43:31,,valenpereletegui@gmail.com,,,,,Patricia,,,3584923609,,1,0,No hay menores,No,0,No,,No,,No,,Sí,No,No,,,,,,No,No,No,,No,Sí,Sí,Centro de Salud Municipal,Sí,No,2,,,,,,,,
Once De Noviembre,GS-B-02042,25/7/2025 10:45:49,,andreagabrielaviloria@gmail.com,Caracas 1400 c 1 dpto 30,,,,Mariana Dominguez,,,,,2,1,Sí,Sí,0,No,,No,,No,,Sí,Sí,No,,,,,,No,Sí,No,,No,Sí,No,,No,No,4,,,,,,,,
Once De Noviembre,GS-B-02043,25/7/2025 10:46:12,,maxibuch87@gmail.com,Salamanca y colombres,,,,Gonzalez catherine,,,3584925813,,3,2,No hay menores,No,0,No,,No,,No,,Sí,Sí,No,,,,,,No,No,,,No,No lo sé,No,,No,No,4,,,,,,,,
Once De Noviembre,GS-B-02044,25/7/2025 10:47:22,,paula.soledad.morales@gmail.com,1b 62,,,,Valeria Salas,,,3584018607,,4,2,Sí,No,,No,,No,,Sí,,Sí,Sí,Sí,"Discapacidad física: Incluye limitaciones en la movilidad y funciones físicas, como la paraplejia, amputaciones y trastornos del movimiento.",Sí,No,,,No,,,,No,Sí,No,,No,Sí,3,,,,,,,,
Once De Noviembre,GS-B-02045,25/7/2025 10:48:07,,piaeceiza123@gmail.com,Alem 1400,,,,beatriz,,,35815512898,,2,0,No hay menores,No,0,Sí,No,Sí,,No,,Sí,Sí,Sí,"Discapacidad intelectual: Comprende condiciones que afectan el funcionamiento cognitivo y la capacidad de aprendizaje, como el síndrome de Down y otros trastornos del desarrollo intelectual.",Sí,Sí,fundemur,,Sí,Sí,No,,No,No residen niños en el hogar,No,,No lo sé,No,4,,,,,,,,
Once De Noviembre,GS-B-02046,25/7/2025 10:51:32,,subsecretariadelasmujeresrio4@gmail.com,Linier 1490,,,,,,,,,1,0,No hay menores,No,0,No,,No,,No,,Sí,Sí,No,,,,,,Sí,Sí,Sí,Anses,No,No residen niños en el hogar,No,,No,No,4,,,,,,,,
Once De Noviembre,GS-B-02047,25/7/2025 10:52:46,,paula.soledad.morales@gmail.com,1b 59,,,,Catalina,,,,,1,0,No hay menores,No,,No,,No,,No,,No,No,No,,,,,,Sí,Sí,No,,No,No residen niños en el hogar,No,,No,No,4,,,,,,,,
Once De Noviembre,GS-B-02048,25/7/2025 10:53:38,,elrociocba@gmail.com,Caracas 1300,,,,Marina,,,3585015477,,4,1,Sí,No,0,No,,No,,No,,Sí,Sí,No,,,,,,No,,,,No,No residen niños en el hogar,No,,No,No,4,,,,,,,,
Once De Noviembre,GS-B-02049,25/7/2025 10:55:41,,maxibuch87@gmail.com,Salamanca y colombres B6 2 piso dpto 61,,,,Gabriela urquiza,,,3584282947,,4,2,Sí,No,0,No,,No,,No,,Sí,Sí,No,,,,,,No,,,,No,Sí,Sí,Centro Periférico 11,No,No,4,,,,,,,,
Once De Noviembre,GS-B-02050,25/7/2025 10:56:35,,miasalasrioiv@gmail.com,Caracas 1400 planta baja C6 amarillo depto 26,,,,Cristina y Enrique,,,,,2,0,No hay menores,Sí,0,No,,No,,No,,Sí,Sí,No,,,,,,Sí,Sí,No,,No,No residen niños en el hogar,No,,Sí,No,4,,,,,,,,
Once De Noviembre,GS-B-02051,25/7/2025 10:56:45,,fernandocha156@gmail.com,Ipv alberdi caracas 1400,,,,Nelida mercedes sosa,,,,,1,0,No,No,0,No,,No,,No,,Sí,Sí,No,,,,,,Sí,Sí,No,No va a ninguno,No,No residen niños en el hogar,No,,No,No,4,,,,,,,,
Once De Noviembre,GS-B-02052,25/7/2025 10:57:33,,piaeceiza123@gmail.com,Caracas 1400 cuerpo C2 dpto 19,,,,Maria Del Carmen,,,3584825313,,2,0,No hay menores,No,0,No,,No,,No,,Sí,Sí,No,,,,,,No,,,,No,No residen niños en el hogar,No,,No,No,3,,,,,,,,
Once De Noviembre,GS-B-02053,25/7/2025 10:57:40,,lic.amayapaz@gmail.com,,,,,,,,,,2,0,No hay menores,No,0,No,,No,,No,,Sí,Sí,No,,,,,,Sí,Sí,No,,No,No residen niños en el hogar,No,,Sí,No,2,,,,,,,,
Once De Noviembre,GS-B-02054,25/7/2025 10:58:20,,florenncia.ortiz@gmail.com,Leandro alem 1500,,,,Rojo nahir andrea,,,3585102918,,4,2,Sí,No,,No,,Sí,,No,,Sí,Sí,No,,,,,,No,,,,No,Sí,Sí,Centro Periférico 14,No,No,4,,,,,,,,
Once De Noviembre,GS-B-02055,25/7/2025 10:59:45,,subsecretariadelasmujeresrio4@gmail.com,Caracas 1400 c4 dpto verde planta baja,,,,,,,,,3,0,No,No,0,No,,No,,No,,Sí,Sí,No,,,,,,No,,,,No,Sí,Sí,Centro Periférico 14,Sí,No,4,,,,,,,,
Once De Noviembre,GS-B-02056,25/7/2025 11:05:08,,lic.amayapaz@gmail.com,,,,,,,,,,4,1,Sí,No,0,No,,No,,No,,Sí,Sí,No,,,,,,No,,,,No,Sí,Sí,S24 Alberdi,No,Sí,Consumen alimentos ocasionalmente,,,,,,,,
Once De Noviembre,GS-B-02057,25/7/2025 11:07:14,,natyvgomez2011@gmail.com,Caracas 1400. C 2 verde,,,,Felix,,,,,1,0,No hay menores,Sí,,No,,No,,No,,No,No,Sí,Discapacidad sensorial: Agrupa la pérdida de capacidades auditivas (sordera) y visuales (ceguera y baja visión).,No,No,,Vivi solo .(88años)no tiene a nadie,Sí,Sí,No,,No,No residen niños en el hogar,Sí,Centro Periférico 1,No,No,4,,,,,,,,
Once De Noviembre,GS-B-02058,25/7/2025 11:09:42,,maxibuch87@gmail.com,Monoblock B6 dpto 35 caracas 1400,,,,Morales Norma,,,3584204566,,1,0,No hay menores,No,0,No,,No,,No,,Sí,Sí,No,,,,,,Sí,Sí,No,,No,No residen niños en el hogar,No,,Sí,No,4,,,,,,,,
Once De Noviembre,GS-B-02059,25/7/2025 11:10:35,,miasalasrioiv@gmail.com,Caracas 1400 planta baja C6 depto 24 amarillo,,,,Cesar,,,,,1,0,No hay menores,No,0,No,,No,,No,,Sí,No,No,,,,,,Sí,Sí,No,,No,No residen niños en el hogar,No,,Sí,No,4,,,,,,,,
Once De Noviembre,GS-B-02060,25/7/2025 11:11:33,,elrociocba@gmail.com,Colombia 1300,,,,Mabel,,,,,2,0,No hay menores,No,0,No,,No,,No,,Sí,Sí,No,,,,,,Sí,Sí,No,,No,No residen niños en el hogar,No lo sé,,Sí,No,4,,,,,,,,
Once De Noviembre,GS-B-02061,25/7/2025 11:12:24,,lic.amayapaz@gmail.com,Liniers 1381,,,,Silvia,,,358 5172530. Solicita asistencia para renovar Cud.,,5,1,No hay menores,No,0,No,,Sí,,No,,Sí,Sí,Sí,"Discapacidad del aprendizaje: Incluye dificultades específicas de aprendizaje, como la dislexia y el trastorno por déficit de atención e hiperactividad (TDAH).",Sí,No,,,Sí,Sí,No,,No,Sí,No,,Sí,No,3,,,,,,,,
Once De Noviembre,GS-B-02062,25/7/2025 11:15:50,,subsecretariadelasmujeresrio4@gmail.com,"Caracas 1306, torre verde C, depto 11",,,,,,,,,5,3,Sí,No,0,No,,No,,Sí,,Sí,Sí,No,,,,,,No,No,,,No,Sí,Sí,Centro Periférico 14,No,No,4,,,,,,,,
Once De Noviembre,GS-B-02063,25/7/2025 11:17:09,,paula.soledad.morales@gmail.com,B3 98,,,,Silvana,,,3584288362,,3,1,No,Sí,,No,,No,,No,,Sí,Sí,No,,,,,,No,,,,No,Sí,Sí,S24 Sur,No,No,4,,,,,,,,
Once De Noviembre,GS-B-02064,25/7/2025 11:20:01,,amayapaz728@gmail.com,,,,,,,,,,3,1,Sí,No,0,No,,No,,No,,Sí,Sí,No,,,,,,No,No,,,No,Sí,Sí,Centro Periférico 14,Sí,No,4,,,,,,,,
Once De Noviembre,GS-B-02065,25/7/2025 11:24:57,,paula.soledad.morales@gmail.com,,,,,Lidia,,,,,3,0,No hay menores,No,,No,,No,,No,,Sí,Sí,No,,,,,,Sí,Sí,No,,No,No,No,,Sí,No,4,,,,,,,,
Once De Noviembre,GS-B-02066,25/7/2025 11:30:34,,paula.soledad.morales@gmail.com,B2 35,,,,Valentina,,,,,5,1,Sí,Sí,,No,,No,,No,,Sí,Sí,No,,,,,,No,,,,Sí,Sí,Sí,S24 Alberdi,Sí,No,4,,,,,,,,
Once De Noviembre,GS-B-02067,25/7/2025 11:39:56,,paula.soledad.morales@gmail.com,B2 41,,,,Abigaíl,,,,,2,0,No hay menores,Sí,,No,,No,,No,,Sí,Sí,No,,,,,,No,,,,No,No residen niños en el hogar,No,,Sí,No,4,,,,,,,,
José De Calasanz,GS-B-02068,8/8/2025 9:40:07,,mariaeugeniasuarez861@gmail.com,Rio Segundo 546,,,,Fernando Quiroga,,,,,3,0,No hay menores,No,0,No,,Sí,,No,,Sí,Sí,Sí,Discapacidad sensorial: Agrupa la pérdida de capacidades auditivas (sordera) y visuales (ceguera y baja visión).,Sí,No,,,Sí,Sí,No,,No,No residen niños en el hogar,Sí,Centro Periférico 6,Sí,No,4,,,,,,,,
José De Calasanz,GS-B-02069,8/8/2025 9:43:24,,riquelmesergio965@gmail.com,Rio colorado 761,,,,Isabel avila,,,,,2,0,No hay menores,Sí,0,No,,No,,No,,Sí,Sí,Sí,"Discapacidad física: Incluye limitaciones en la movilidad y funciones físicas, como la paraplejia, amputaciones y trastornos del movimiento.",No,No,,Discapasidad,Sí,Sí,No,,No,No residen niños en el hogar,No,,Sí,No,3,,,,,,,,
José De Calasanz,GS-B-02070,8/8/2025 9:43:50,,kg9793067@gmail.com,11 de noviembre 675,,,,Aldo,,,,,2,0,No hay menores,No,,No,,No,,No,,Sí,Sí,No,,,,,,Sí,Sí,No,,No,No residen niños en el hogar,No,,No,No,4,,,,,,,,
José De Calasanz,GS-B-02071,8/8/2025 9:43:56,,mcrosetto224@gmail.com,Rio colorado 757,,,,,,,,,1,1,No,No,0,No,,No,,No,,Sí,Sí,No,,,,,,No,No,No,,No,No residen niños en el hogar,Sí,Centro Periférico 6,Sí,No,4,,,,,,,,
José De Calasanz,GS-B-02072,8/8/2025 9:44:54,,moyanofacundo88@gmail.com,Psj de los ponchos 660,,,,Carlos,,,,,2,0,No hay menores,Sí,0,No,,No,,No,,Sí,Sí,No,,,,,,No,No,No,,No,No residen niños en el hogar,Sí,"Hospital Regional ""San Antonio de Padua""",No,No,4,,,,,,,,
José De Calasanz,GS-B-02073,8/8/2025 9:48:37,,noeliaben89@gmail.com,Capitán Cesar 627,,,,Graciela,,,,,3,2,Sí,No,0,No,,No,,No,,Sí,Sí,No,,,,,,No,No lo sé,No lo sé,,No,Sí,Sí,Centro Periférico 6,No,No,4,,,,,,,,
José De Calasanz,GS-B-02074,8/8/2025 9:50:04,,carlaveronicarusso@gmail.com,Pasaje Los ponchos 677,,,,Carmen,,,3584825246,,2,0,No hay menores,No,0,No lo sé,,No,,No,,Sí,Sí,Sí,"Discapacidad física: Incluye limitaciones en la movilidad y funciones físicas, como la paraplejia, amputaciones y trastornos del movimiento.",No,No,,No puede por discapacidad,No,No,,,No,No residen niños en el hogar,Sí,Centro Periférico 5,Sí,No,3,,,,,,,,
José De Calasanz,GS-B-02075,8/8/2025 9:51:15,,mcrosetto224@gmail.com,Rio colorado 673,,,,,,,,,3,0,No hay menores,No,0,No,,No,,No,,Sí,Sí,No,,,,,,Sí,Sí,No,,No,No residen niños en el hogar,Sí,Centro Periférico 6,No,No,4,,,,,,,,
José De Calasanz,GS-B-02076,8/8/2025 9:55:51,,riquelmesergio965@gmail.com,Rio colorado 657,,,,PRISCILA PICOTTO,,,,,4,2,Sí,Sí,0,No,,No,,No,,Sí,Sí,No,,,,,,No,No,No,,No,Sí,Sí,Centro Periférico 6,No,No,4,,,,,,,,
José De Calasanz,GS-B-02077,8/8/2025 9:56:11,,moyanofacundo88@gmail.com,Rio colorado 613,,,,Rita,,,3584865556,,3,1,Sí,No,0,No,,No,,No,,Sí,Sí,No,,,,,,No,No,No,,No,Sí,No,,No,No,4,,,,,,,,
José De Calasanz,GS-B-02078,8/8/2025 9:56:47,,noeliaben89@gmail.com,Capitán Cesar 663,,,,Carlos,,,,,2,0,No hay menores,No,1,Sí,No,No,,Sí,,Sí,Sí,No,,,,,,Sí,No,No lo sé,,No,No residen niños en el hogar,Sí,Centro Periférico 6,No,Sí,2,,,,,,,,
José De Calasanz,GS-B-02079,8/8/2025 10:00:28,,msoledadfrattari@gmail.com,Rio Colorado y Gobernador Lopez,,,,,,,,,1,0,No hay menores,Sí,0,Sí,No,No,,No,,No,No,No,,,,,,Sí,Sí,No,No asiste,No,No residen niños en el hogar,Sí,Centro Periférico 6,Sí,No,4,,,,,,,,
José De Calasanz,GS-B-02080,8/8/2025 10:01:33,,mcrosetto224@gmail.com,Rio colorado 607,,,,,,,,,1,0,No hay menores,No,0,No,,No,,No,,Sí,Sí,No,,,,,,Sí,Sí,No,,No,No residen niños en el hogar,Sí,Centro Periférico 6,Sí,No,4,,,,,,,,
José De Calasanz,GS-B-02081,8/8/2025 10:02:02,,anaclarapissinis@gmail.com,Psje Mar Chiquita 746,,,,Jonatan,,,3584396873,,4,2,Sí,Sí,0,No,,No,,No,,Sí,Sí,Sí,"Discapacidad intelectual: Comprende condiciones que afectan el funcionamiento cognitivo y la capacidad de aprendizaje, como el síndrome de Down y otros trastornos del desarrollo intelectual.",Sí,No,,,No,,,,No,Sí,Sí,Centro Periférico 6,No,No lo sé,4,,,,,,,,
José De Calasanz,GS-B-02082,8/8/2025 10:02:45,,blan.lunag@gmail.com,Rio nihuil 759,,,,Victor Hugo Villarreal,,,,,4,0,No hay menores,No,0,No,,No,,No,,Sí,Sí,Sí,"Discapacidad física: Incluye limitaciones en la movilidad y funciones físicas, como la paraplejia, amputaciones y trastornos del movimiento.",No,No,,,Sí,Sí,No,,No,No residen niños en el hogar,Sí,"Hospital Regional ""San Antonio de Padua""",Sí,No lo sé,2,,,,,,,,
José De Calasanz,GS-B-02083,8/8/2025 10:03:06,,pascalagostina97@gmail.com,Mar chiquita 700,,,,,,,,,1,0,No,Sí,0,Sí,No,No,,No,,Sí,No,No,,,,,,Sí,Sí,No,,No,No residen niños en el hogar,No,,No,No,4,,,,,,,,
José De Calasanz,GS-B-02084,8/8/2025 10:04:03,,natyvgomez2011@gmail.com,,,,,Flavio,,,3584843982,,5,2,Sí,No,,No,,No,,No,,Sí,Sí,No,,,,,,Sí,Sí,No lo sé,,No,Sí,No,,Sí,No,4,,,,,,,,
José De Calasanz,GS-B-02085,8/8/2025 10:04:05,,kg9793067@gmail.com,11 de noviembre 825,,,,Sergio,,,3585091429,,3,1,Sí,No,0,No,,No,,No,,Sí,Sí,No,,,,,,No,,,,No,Sí,Sí,Centro Periférico 6,No,No,4,,,,,,,,
José De Calasanz,GS-B-02086,8/8/2025 10:05:25,,mariaeugeniasuarez861@gmail.com,Rio Segundo 861,,,,María Cristina,,,,,3,0,No hay menores,No,0,No,,No,,No,,Sí,Sí,No,,,,,,Sí,Sí,No,,No,No residen niños en el hogar,No,Centro Periférico 6,No,No,3,,,,,,,,
José De Calasanz,GS-B-02087,8/8/2025 10:05:51,,fernandocha156@gmail.com,,,,,,,,,,4,1,No,No,4,No,,No,,No,,Sí,Sí,No,,,,,,No,No,No,No asisten,No,Sí,Sí,Centro Periférico 1,No,No,2,,,,,,,,
José De Calasanz,GS-B-02088,8/8/2025 10:06:18,,noeliaben89@gmail.com,Capitán Cesar 713,,,,Naty,,,,,3,1,Sí,No,0,No,,Sí,,No,,Sí,Sí,No,,,,,,No,No lo sé,,,No,Sí,No,,No,No,4,,,,,,,,
José De Calasanz,GS-B-02089,8/8/2025 10:07:16,,flacomuguerza@gmail.com,Rio segundo 869,,,,Ahustin villarruel,,,3586540500,,4,1,Sí,No,,No,,No,,No,,Sí,Sí,No,,,,,,No,,,,No,Sí,Sí,,No,No,4,,,,,,,,
José De Calasanz,GS-B-02090,8/8/2025 10:10:26,,mcrosetto224@gmail.com,Rio Colorado 476,,,,,,,,,2,0,No hay menores,No,0,No,,No,,No,,Sí,Sí,No,,,,,,Sí,Sí,No,,No,No residen niños en el hogar,Sí,Centro Periférico 6,Sí,No,4,,,,,,,,
José De Calasanz,GS-B-02091,8/8/2025 10:10:57,,noeliaben89@gmail.com,Capitán Cesar 722,,,,Susana,,,,,3,0,No hay menores,No,0,No,,No,,No,,Sí,Sí,Sí,"Discapacidad física: Incluye limitaciones en la movilidad y funciones físicas, como la paraplejia, amputaciones y trastornos del movimiento.",Sí,Sí,,,Sí,No,,,No,No residen niños en el hogar,Sí,Centro Periférico 6,No,No,3,,,,,,,,
José De Calasanz,GS-B-02092,8/8/2025 10:12:16,,msoledadfrattari@gmail.com,Gobernador Lopez 761,,,,,,,,,3,1,Sí,Sí,0,No,,No,,No,,Sí,No,No,,,,,,Sí,No,No,,No,Sí,Sí,Centro Periférico 6,No,No,3,,,,,,,,
José De Calasanz,GS-B-02093,8/8/2025 10:13:44,,natyvgomez2011@gmail.com,,,,,Mirian,,,3584185689,,1,1,No hay menores,Sí,,No,,No,,No,,Sí,Sí,No,,,,,,Sí,Sí,No,,No,No residen niños en el hogar,No,,Sí,No,4,,,,,,,,
José De Calasanz,GS-B-02094,8/8/2025 10:14:46,,riquelmesergio965@gmail.com,Rio colorado 511,,,,Ana Pia,,,,,4,2,Sí,Sí,0,No,,No,,No,,Sí,Sí,No,,,,,,No,No,No,,No,Sí,No,,No,No,4,,,,,,,,
José De Calasanz,GS-B-02095,8/8/2025 10:14:55,,anaclarapissinis@gmail.com,Psje Mar Chiquita 658,,,,Noelia,,,3585144013,,6,4,Sí,No,,No,,Sí,,No,,Sí,Sí,No,,,,,,No,,,,No,Sí,No,,Sí,No,4,,,,,,,,
José De Calasanz,GS-B-02096,8/8/2025 10:15:47,,kg9793067@gmail.com,Rio tercero 798,,,,Silvia,,,3584267172,,1,0,No hay menores,No,0,No,,No,,No,,Sí,Sí,No,,,,,,No,,,,No,No residen niños en el hogar,Sí,Centro Periférico 6,No,No,4,,,,,,,,
José De Calasanz,GS-B-02097,8/8/2025 10:17:30,,mariaeugeniasuarez861@gmail.com,rio Segundo 811,,,,Juana Oviedo,,,,,2,0,No hay menores,No,0,No,,No,,No,,Sí,Sí,No,,,,,,Sí,Sí,No,,No,No residen niños en el hogar,Sí,Centro Periférico 6,Sí,No,4,,,,,,,,
José De Calasanz,GS-B-02098,8/8/2025 10:19:17,,blan.lunag@gmail.com,Rio nihilismo 766,,,,Fernandez Maria Angelica,,,,,13,5,Sí,Sí,5,Sí,No,Sí,,Sí,,Sí,Sí,No,,,,,,Sí,Sí,No,,No,Sí,Sí,Centro Periférico 6,No,Prefiero no decirlo,4,,,,,,,,
José De Calasanz,GS-B-02099,8/8/2025 10:21:23,,msoledadfrattari@gmail.com,Gobernador Lopez 790,,,,,,,,,2,0,No,Sí,0,No,,No,,No,,Sí,No,No,,,,,,Sí,Sí,No,,No,No,No,,Sí,No,4,,,,,,,,
José De Calasanz,GS-B-02100,8/8/2025 10:21:23,,mcrosetto224@gmail.com,Rio Colorado 454,,,,,,,,,2,0,No hay menores,No,0,No,,No,,No,,Sí,Sí,No,,,,,,Sí,Sí,No,,No,No residen niños en el hogar,No,,No,No,4,,,,,,,,
José De Calasanz,GS-B-02101,8/8/2025 10:22:35,,carlaveronicarusso@gmail.com,Rio nihuil 670,,,,Nelida Gauna,,,3584120757,,8,1,Sí,Sí,1,No,,Sí,,No,,Sí,Sí,No,,,,,,No,No,No,,No,Sí,Sí,"Hospital Regional ""San Antonio de Padua""",Sí,No lo sé,3,,,,,,,,
José De Calasanz,GS-B-02102,8/8/2025 10:26:24,,mariaeugeniasuarez861@gmail.com,rio Segundo 721,,,,Lorena Díaz,,,,,5,3,Sí,No,0,No,,No,,No,,Sí,Sí,No,,,,,,No,No,No,,No,Sí,Sí,Centro Periférico 6,Sí,No,4,,,,,,,,
José De Calasanz,GS-B-02103,8/8/2025 10:27:29,,mcrosetto224@gmail.com,P.  Zani 726,,,,,,,,,2,0,No hay menores,No,0,No,,No,,No,,Sí,Sí,No,,,,,,Sí,Sí,No,,No,No residen niños en el hogar,No,,No,No,4,,,,,,,,
José De Calasanz,GS-B-02104,8/8/2025 10:27:32,,anaclarapissinis@gmail.com,Psje Mar Chiquita 650,,,,Josefa,,,3584669848,,1,0,No hay menores,No,0,No,,No,,No,,Sí,Sí,No,,,,,,Sí,Sí,No,,No,No residen niños en el hogar,No,,Sí,No,4,,,,,,,,
José De Calasanz,GS-B-02105,8/8/2025 10:27:55,,noeliaben89@gmail.com,Pedro Zani 768,,,,Juan,,,,,1,0,No hay menores,No,0,No,,No,,No,,Sí,Sí,No,,,,,,Sí,No,No,,No,No residen niños en el hogar,No,,Sí,No,4,,,,,,,,
José De Calasanz,GS-B-02106,8/8/2025 10:28:34,,riquelmesergio965@gmail.com,Pedro zanni 720,,,,Ana Maria,,,,,1,0,No hay menores,No,0,No,,No,,No,,Sí,Sí,No,,,,,,Sí,Sí,Sí,Abailar,No,No residen niños en el hogar,Sí,Centro Periférico 6,No,No,3,,,,,,,,
José De Calasanz,GS-B-02107,8/8/2025 10:29:41,,pascalagostina97@gmail.com,Mar chiquita 600,,,,Maria elena,,,,,3,0,No,Sí,,No,,No,,Sí,,Sí,Sí,No,,,,,,Sí,Sí,No,,No,No residen niños en el hogar,No,,Sí,No,3,,,,,,,,
José De Calasanz,GS-B-02108,8/8/2025 10:34:11,,flacomuguerza@gmail.com,Rio segundo 713,,,,Sonia,,,,,3,0,No hay menores,No,,No,,No,,No,,Sí,Sí,No,,,,,,Sí,Sí,No,,No,No residen niños en el hogar,Sí,Centro Periférico 6,Sí,No,4,,,,,,,,
José De Calasanz,GS-B-02109,8/8/2025 10:35:04,,kg9793067@gmail.com,Rio tercero 756,,,,Antonia,,,3585100463,,1,0,No hay menores,No,0,No,,No,,No,,Sí,Sí,No,,,,,,Sí,Sí,No,,No,No residen niños en el hogar,No,,Sí,No,4,,,,,,,,
José De Calasanz,GS-B-02110,8/8/2025 10:36:56,,carlaveronicarusso@gmail.com,Pasaje los ponchos 634,,,,,,,,,3,0,No hay menores,No,0,No,,Sí,,No,,Sí,Sí,No,,,,,,Sí,Sí,No,,No,No residen niños en el hogar,Sí,"Hospital Regional ""San Antonio de Padua""",No lo sé,Prefiero no decirlo,2,,,,,,,,
José De Calasanz,GS-B-02111,8/8/2025 10:37:35,,moyanofacundo88@gmail.com,Rio nihil 725,,,,Patricia villegas,,,3584925344,,5,2,No,No,0,No,,No,,No,,Sí,Sí,No,,,,,,No,No,No,,Sí,Sí,Sí,Centro Periférico 6,Sí,No,4,,,,,,,,
José De Calasanz,GS-B-02112,8/8/2025 10:40:00,,fernandocha156@gmail.com,,,,,,,,,,4,0,No hay menores,No,0,No,,No,,No,,Sí,Sí,No,,,,,,Sí,Sí,No,,No,No residen niños en el hogar,Sí,"Hospital Regional ""San Antonio de Padua""",No lo sé,Sí,3,,,,,,,,
José De Calasanz,GS-B-02113,8/8/2025 10:40:07,,blan.lunag@gmail.com,Pje los ponchos 655,,,,,,,,,3,0,No hay menores,No,,No,,No,,No,,No,No,No,,,,,,Sí,No,No,,No,No residen niños en el hogar,No,,No,No,2,,,,,,,,
José De Calasanz,GS-B-02114,8/8/2025 10:42:53,,riquelmesergio965@gmail.com,Rio juramento y nihuil 500,,,,Estela,,,,,3,0,No hay menores,No,0,No,,No,,No,,No,No,No,,,,,,Sí,Sí,Sí,Natatorio,No,No residen niños en el hogar,Sí,Centro Periférico 6,Sí,No,4,,,,,,,,
José De Calasanz,GS-B-02115,8/8/2025 10:43:14,,mcrosetto224@gmail.com,Rio juramento 634,,,,,,,,,2,0,No,No,0,No,,No,,No,,Sí,Sí,No,,,,,,No,No,,,No,No,Sí,Centro Periférico 6,Sí,No,4,,,,,,,,
José De Calasanz,GS-B-02116,8/8/2025 10:44:32,,mariaeugeniasuarez861@gmail.com,Rio Segundo 551,,,,Marcela Flores,,,3584236475,,2,0,No hay menores,No,0,Sí,No,No,,Sí,,Sí,Sí,Sí,"Discapacidad intelectual: Comprende condiciones que afectan el funcionamiento cognitivo y la capacidad de aprendizaje, como el síndrome de Down y otros trastornos del desarrollo intelectual.",Sí,Sí,Tobar García,,No,No,No,,No,No residen niños en el hogar,Sí,Centro Periférico 6,Sí,No,4,,,,,,,,
José De Calasanz,GS-B-02117,8/8/2025 10:45:40,,flacomuguerza@gmail.com,Rio segundo 643,,,,Jose,,,,,7,4,Sí,Sí,,No,,No,,No,,Sí,Sí,No,,,,,,Sí,Sí,No,,No,Sí,Sí,Centro Periférico 6,No,No,4,,,,,,,,
José De Calasanz,GS-B-02118,8/8/2025 10:51:32,,mariaeugeniasuarez861@gmail.com,Rio Segundo 527,,,,Joaquín,,,,,2,0,No hay menores,No,0,No,,No,,No,,Sí,Sí,No,,,,,,No,No,No,,No,No residen niños en el hogar,No,,No,No,4,,,,,,,,
José De Calasanz,GS-B-02119,8/8/2025 10:53:24,,riquelmesergio965@gmail.com,Riojuramento 670,,,,Romina,,,,,3,1,Sí,No,0,No,,No,,No,,Sí,Sí,No,,,,,,No,No,No,,No,Sí,Sí,Centro Periférico 6,No lo sé,No,4,,,,,,,,
José De Calasanz,GS-B-02120,8/8/2025 10:53:57,,kg9793067@gmail.com,Rio tercero 708,,,,Carlos,,,,,3,1,Sí,Sí,0,No,,No,,No,,Sí,Sí,No,,,,,,Sí,Sí,No,,No,Sí,Sí,Centro Periférico 6,Sí,No,4,,,,,,,,
José De Calasanz,GS-B-02121,8/8/2025 10:54:18,,msoledadfrattari@gmail.com,Gobernador Lopez 634,,,,,,,,,4,2,Sí,No,0,No,,No,,No,,Sí,Sí,No,,,,,,No,No,No,,No,Sí,Sí,Centro Periférico 6,No,No,3,,,,,,,,
José De Calasanz,GS-B-02122,8/8/2025 10:55:18,,mcrosetto224@gmail.com,Rio Juramento 726,,,,,,,,,1,0,No hay menores,No,0,No,,No,,No,,Sí,Sí,No,,,,,,Sí,No,No,,No,No residen niños en el hogar,No,Centro Periférico 6,No,No,4,,,,,,,,
José De Calasanz,GS-B-02123,8/8/2025 11:08:16,,kg9793067@gmail.com,Rio tercero 727,,,,Cristina,,,3585145882,,2,0,No hay menores,No,0,No,,No,,No,,Sí,Sí,Sí,"Discapacidad física: Incluye limitaciones en la movilidad y funciones físicas, como la paraplejia, amputaciones y trastornos del movimiento.",No,No,,Por falta de certificación,Sí,Sí,No,,No,No residen niños en el hogar,Sí,Centro Periférico 6,Sí,No,4,,,,,,,,
San Martín,GS-B-02124,22/8/2025 10:12:00,,gferrer214@gmail.com,,,,,Marcelo,,,,,3,1,No hay menores,No,0,No,,No,,No,,Sí,Sí,No,,,,,,No,No,,,No,Sí,No,,No,No,4,,,,,,,,
San Martín,GS-B-02125,22/8/2025 10:15:13,,msoledadfrattari@gmail.com,Miguel Angel 783,,,,Virginia,,,3584117721,,4,1,Sí,Sí,,No,,No,,No,,Sí,Sí,No,,,,,,Sí,Sí,No,,No,Sí,No,,No,No,4,,,,,,,,
San Martín,GS-B-02126,22/8/2025 10:18:39,,valenpereletegui@gmail.com,Garibaldi 897,,,,,,,,,2,1,Sí,No,0,No,,No,,No,,Sí,Sí,No,,,,,,No,No,No,,No,Sí,No,,No lo sé,No,4,,,,,,,,
San Martín,GS-B-02127,22/8/2025 10:21:23,,kg9793067@gmail.com,Adán quiroga882,,,,Milañggros,,,3584027823,,3,1,No,No,0,No,,No,,No,,Sí,Sí,No,,,,,,No,,,,No,Sí,Sí,Centro Periférico 2,No,No,4,,,,,,,,
San Martín,GS-B-02128,22/8/2025 10:22:05,,rosana.ochoa.8a@gmail.com,Isabel LaCatolica,,,,Guillermo,,,,,2,0,No hay menores,No,,No,,No,,No,,Sí,Sí,No,,,,,,Sí,No,No,,No,Sí,No,,No,No,4,,,,,,,,
San Martín,GS-B-02129,22/8/2025 10:24:24,,carlaveronicarusso@gmail.com,Payro 890 esquina Garibaldi,,,,Cerutti,,,,,3,1,Sí,No,0,No,,No,,No,,Sí,Sí,No,,,,,,No,No,No,,No,Sí,No,,No,No,4,,,,,,,,
San Martín,GS-B-02130,22/8/2025 10:27:18,,maxibuch87@gmail.com,Pje iannacone 776,,,,,,,,,3,0,No hay menores,No,0,No,,No,,No,,Sí,Sí,Sí,"Discapacidad física: Incluye limitaciones en la movilidad y funciones físicas, como la paraplejia, amputaciones y trastornos del movimiento.",Sí,No,,,Sí,Sí,No,,No,No residen niños en el hogar,No,,Sí,No,4,,,,,,,,
San Martín,GS-B-02131,22/8/2025 10:29:20,,natyvgomez2011@gmail.com,R payro 705,,,,Daniela,,,3584174748,,3,1,Sí,No,,No,,No,,No,,Sí,Sí,Sí,"Discapacidad física: Incluye limitaciones en la movilidad y funciones físicas, como la paraplejia, amputaciones y trastornos del movimiento.",Sí,No,,,No,No,,,No,Sí,Sí,S24 Banda Norte,Sí,No,2,,,,,,,,
San Martín,GS-B-02132,22/8/2025 10:32:14,,kg9793067@gmail.com,Adán quiroga 931,,,,Gaston,,,3586027732,,5,0,No hay menores,No,,No,,No,,No,,Sí,Sí,No,,,,,,Sí,Sí,No,,No,No residen niños en el hogar,Sí,Centro Periférico 2,Sí,No,4,,,,,,,,
San Martín,GS-B-02133,22/8/2025 10:32:23,,amayapaz728@gmail.com,Tincunaco 929,,,,Fabio,,,3585164152,,5,2,Sí,No,0,No,,Sí,,No,,Sí,Sí,No,,,,,,No,,,,No,Sí,Sí,Centro Periférico 2,Sí,No,4,,,,,,,,
San Martín,GS-B-02134,22/8/2025 10:32:30,,valenpereletegui@gmail.com,Ruy Díaz de Guzmán 869,,,,,,,,,2,0,No hay menores,No,0,No,,No,,No,,Sí,No,No,,,,,,Sí,Sí,No,,No,Sí,No,,No lo sé,No,3,,,,,,,,
San Martín,GS-B-02135,22/8/2025 10:33:52,,gferrer214@gmail.com,,,,,,,,,,1,0,No hay menores,No,0,No,,No,,No,,Sí,Sí,No,,,,,,No,No,No,,No,No residen niños en el hogar,No,,No,No,4,,,,,,,,
San Martín,GS-B-02136,22/8/2025 10:35:13,,rosana.ochoa.8a@gmail.com,López de vega 530,,,,Mabel,,,,,3,0,No hay menores,No,0,No,,No,,No,,Sí,Sí,No,,,,,,Sí,Sí,No,,No,No residen niños en el hogar,No,,Sí,No,2,,,,,,,,
San Martín,GS-B-02137,22/8/2025 10:35:55,,msoledadfrattari@gmail.com,,,,,,,,,,3,1,Sí,Sí,,No,,No,,No,,Sí,Sí,No,,,,,,No,,,,No,Sí,No,,No,No,4,,,,,,,,
San Martín,GS-B-02138,22/8/2025 10:37:04,,josefinaandres88@gmail.com,,,,,,,,,,4,2,No hay menores,No,0,No,,No,,No,,Sí,Sí,No,,,,,,No,,,,No,Sí,Sí,Centro Periférico 2,No,No,4,,,,,,,,
San Martín,GS-B-02139,22/8/2025 10:38:12,,carlaveronicarusso@gmail.com,Garibaldi 733,,,,,,,,,3,0,No hay menores,No,0,No,,No,,No,,Sí,Sí,No,,,,,,Sí,Sí,No,,No,No residen niños en el hogar,Sí,"Hospital Regional ""San Antonio de Padua""",Sí,No,4,,,,,,,,
San Martín,GS-B-02140,22/8/2025 10:38:22,,amayapaz728@gmail.com,,,,,,,,,,2,0,No hay menores,No,0,No,,No,,No,,Sí,No,No,,,,,,Sí,Sí,No,,No,No residen niños en el hogar,No,,No,No,2,,,,,,,,
San Martín,GS-B-02141,22/8/2025 10:38:39,,blan.lunag@gmail.com,Garibaldi 793,,,,Fabian,,,3518628832,,2,10,No,No,,Sí,No,Sí,,No,,Sí,Sí,No,,,,,,No,,,,No,No,No,,No,No,2,,,,,,,,
San Martín,GS-B-02142,22/8/2025 10:42:05,,natyvgomez2011@gmail.com,Gorritti 805,,,,Analia,,,3584024044,,1,0,No hay menores,No,,No,,No,,No,,Sí,Sí,No,,,,,,No,,,,No,No residen niños en el hogar,No,,No,No,4,,,,,,,,
San Martín,GS-B-02143,22/8/2025 10:42:21,,valenpereletegui@gmail.com,Gorrito 940,,,,,,,,,4,2,Sí,No,0,No,,No,,No,,Sí,Sí,No,,,,,,No,No,No,,No,Sí,No,,No,No,4,,,,,,,,
San Martín,GS-B-02144,22/8/2025 10:43:09,,gferrer214@gmail.com,Eduardo Jemmer 900,,,,Miriam,,,,,4,2,Sí,No,0,No,,No,,No,,Sí,Sí,No,,,,,,No,No,No,,No,Sí,No,,No,No,4,,,,,,,,
San Martín,GS-B-02145,22/8/2025 10:43:18,,maxibuch87@gmail.com,Pairo 775,,,,,,,,,3,0,No hay menores,No,0,No,,No,,No,,Sí,Sí,No,,,,,,Sí,Sí,No,,No,No residen niños en el hogar,No,,No,No,4,,,,,,,,
San Martín,GS-B-02146,22/8/2025 10:43:34,,josefinaandres88@gmail.com,Tinkunaco,,,,Montoya amelia,,,3585099983,,2,0,No hay menores,No,0,No,,No,,No,,Sí,Sí,No,,,,,,Sí,Sí,No,,No,No residen niños en el hogar,No,,No,No,4,,,,,,,,
San Martín,GS-B-02147,22/8/2025 10:43:39,,rosana.ochoa.8a@gmail.com,,,,,Marcelo,,,3584125295,,3,1,Sí,No,,No,,No,,No,,Sí,Sí,No,,,,,,No,Sí,No,,No,Sí,No,,Sí,No,3,,,,,,,,
San Martín,GS-B-02148,22/8/2025 10:44:02,,lauradonetto@gmail.com,Garibaldi,,,,Maria Elena,,,3584187037,,3,0,No hay menores,No,0,No,,No,,No,,Sí,Sí,No,,,,,,No,No,No,,No,No residen niños en el hogar,No,,No,No,4,,,,,,,,
San Martín,GS-B-02149,22/8/2025 10:47:35,,amayapaz728@gmail.com,,,,,,,,,,6,2,Sí,No,0,No,,No,,No,,Sí,Sí,No,,,,,,Sí,Sí,No,,No,Sí,Sí,S24 Banda Norte,No,No,4,,,,,,,,
San Martín,GS-B-02150,22/8/2025 10:51:16,,gferrer214@gmail.com,Eduardo Jenner 855,,,,Silvina,,,,,2,0,No,No,0,No,,No,,No,,Sí,Sí,No,,,,,,Sí,Sí,No,,No,No residen niños en el hogar,No,,Sí,No,4,,,,,,,,
San Martín,GS-B-02151,22/8/2025 10:52:25,,blan.lunag@gmail.com,Garibaldi 641,,,,Jose,,,,,2,0,No,No,0,No,,No,,No,,Sí,No,No,,,,,,No,No,No,,No,No lo sé,No,,No,No,2,,,,,,,,
San Martín,GS-B-02152,22/8/2025 10:54:15,,kg9793067@gmail.com,Isabela católica 850,,,,Silvia,,,3584331395,,2,0,No hay menores,No,0,No,,No,,No,,Sí,Sí,No,,,,,,Sí,Sí,Sí,Cenro de jubilado isabela Catolica,No,No residen niños en el hogar,No,,Sí,No,4,,,,,,,,
San Martín,GS-B-02153,22/8/2025 10:54:27,,msoledadfrattari@gmail.com,,,,,,,,,,2,0,No,Sí,,No,,No,,No,,Sí,Sí,No,,,,,,Sí,Sí,No,,No,No residen niños en el hogar,No,,No,No,4,,,,,,,,
San Martín,GS-B-02154,22/8/2025 10:54:53,,consultoriosalud23@gmail.com,Juana gorritti,,,,Marianella,,,,,3,0,No hay menores,No,0,No,,No,,No,,Sí,Sí,No,,,,,,No,No,No,,No,No residen niños en el hogar,No,,No,No,4,,,,,,,,
San Martín,GS-B-02155,22/8/2025 10:58:14,,carlaveronicarusso@gmail.com,Garibaldi 573,,,,,,,,,3,1,Sí,No,0,No,,No,,No,,Sí,Sí,No,,,,,,No,No,No,,No,Sí,No,,No,No,4,,,,,,,,
San Martín,GS-B-02156,22/8/2025 10:58:21,,lauradonetto@gmail.com,Juana gorritti,,,,Camila,,,,,4,1,Sí,No,0,No,,No,,No,,Sí,Sí,No,,,,,,Sí,Sí,No,,No,Sí,No,,Sí,No,4,,,,,,,,
San Martín,GS-B-02157,22/8/2025 10:58:30,,josefinaandres88@gmail.com,,,,,,,,,,4,2,Sí,No,,No,,No,,No,,Sí,Sí,No,,,,,,No,,,,No,Sí,No,,No,No,4,,,,,,,,
San Martín,GS-B-02158,22/8/2025 10:59:21,,amayapaz728@gmail.com,,,,,,,,,,2,0,No hay menores,No,0,No,,No,,No,,Sí,Sí,No,,,,,,Sí,Sí,Sí,Centro de Jubilados banda norte en Isabel la catolica,No,No residen niños en el hogar,Sí,S24 Banda Norte,No,No,4,,,,,,,,
San Martín,GS-B-02159,22/8/2025 10:59:39,,blan.lunag@gmail.com,Garibaldi 580,,,,Susana,,,,,2,0,No,No,,No,,No,,No,,Sí,Sí,No,,,,,,Sí,No,No,,No,No lo sé,No,,No,No,2,,,,,,,,
San Martín,GS-B-02160,22/8/2025 10:59:49,,maxibuch87@gmail.com,Pje iannacone 823,,,,Patricia Doblas,,,154018746,,3,1,Sí,No,0,No,,No,,No,,Sí,Sí,No,,,,,,Sí,No,No,,No,Sí,Sí,Centro Periférico 2,No,No,3,,,,,,,,
San Martín,GS-B-02161,22/8/2025 11:02:59,,lauradonetto@gmail.com,Gorritti 922,,,,Maria Rosa,,,3586548773,,4,2,Sí,No,0,No,,Sí,,No,,Sí,Sí,Sí,"Discapacidad física: Incluye limitaciones en la movilidad y funciones físicas, como la paraplejia, amputaciones y trastornos del movimiento.",Sí,No,,Mutualizado,Sí,Sí,No,,No,Sí,No,,Sí,No,4,,,,,,,,
San Martín,GS-B-02162,22/8/2025 11:03:08,,josefinaandres88@gmail.com,Pje trabajando 966,,,,Zoe coria,,,3584293960,,4,1,Sí,No,0,No,,Sí,,No,,Sí,Sí,No,,,,,,No,,,,No,Sí,No,,Sí,No,4,,,,,,,,
San Martín,GS-B-02163,22/8/2025 11:03:28,,natyvgomez2011@gmail.com,Gorritti 870,,,,Gaston,,,,,3,1,No,Sí,,No,,No,,No,,Sí,No,No,,,,,,No,,,,No,Sí,No,,No,No,4,,,,,,,,
San Martín,GS-B-02164,22/8/2025 11:06:17,,blan.lunag@gmail.com,Garibaldi 489,,,,,,,,,2,0,No hay menores,No,0,No,,No,,No,,Sí,Sí,No,,,,,,No,No,No,,No,No residen niños en el hogar,No,,No,No,4,,,,,,,,
San Martín,GS-B-02165,22/8/2025 11:07:03,,rosana.ochoa.8a@gmail.com,850 López de Vega,,,,Isabel,,,,,2,0,No,No,2,No,,Sí,,No,,Sí,Sí,No,,,,,,Sí,Sí,No,,No,Sí,Sí,Centro Periférico 10,Sí,No,4,,,,,,,,
San Martín,GS-B-02166,22/8/2025 11:07:48,,amayapaz728@gmail.com,,,,,,,,,,2,0,No hay menores,No,0,No,,No,,No,,Sí,Sí,Sí,"Discapacidad física: Incluye limitaciones en la movilidad y funciones físicas, como la paraplejia, amputaciones y trastornos del movimiento.",No,No,,No le interesa,Sí,Sí,No,,No,No residen niños en el hogar,No,,Sí,No,2,,,,,,,,
San Martín,GS-B-02167,22/8/2025 11:08:26,,maxibuch87@gmail.com,Alessio iannacone 875,,,,,,,,,4,0,No hay menores,No,0,No,,No,,No,,Sí,Sí,No,,,,,,No,No,No lo sé,,No,No residen niños en el hogar,No,,No,No,4,,,,,,,,
San Martín,GS-B-02168,22/8/2025 11:08:47,,msoledadfrattari@gmail.com,,,,,,,,,,2,0,No,Sí,,No,,No,,No,,Sí,Sí,No,,,,,,Sí,Sí,No,,No,No,No,,No,No,4,,,,,,,,
San Martín,GS-B-02169,22/8/2025 11:09:00,,josefinaandres88@gmail.com,,,,,,,,,,4,2,Sí,No,,No,,No,,No,,Sí,Sí,No,,,,,,No,,,,No,Sí,No,,No,No,4,,,,,,,,
San Martín,GS-B-02170,22/8/2025 11:10:57,,gferrer214@gmail.com,Eduardo Jenner 747,,,,Felix,,,,,2,0,No hay menores,Sí,0,No,,No,,No,,Sí,Sí,No,,,,,,Sí,Sí,No,,No,No residen niños en el hogar,No,,Sí,No,4,,,,,,,,
San Martín,GS-B-02171,22/8/2025 11:11:47,,amayapaz728@gmail.com,,,,,,,,,,1,0,No hay menores,No,0,No,,No,,No,,Sí,Sí,No,,,,,,No,No,No,,No,No residen niños en el hogar,No,,No,No,4,,,,,,,,
San Martín,GS-B-02172,22/8/2025 11:12:56,,carlaveronicarusso@gmail.com,Garibaldi 437,,,,,,,,,1,0,No hay menores,No,0,No,,No,,No,,Sí,Sí,No,,,,,,Sí,Sí,No,,No,No residen niños en el hogar,Sí,S24 Banda Norte,No,No,3,,,,,,,,
San Martín,GS-B-02173,22/8/2025 11:14:49,,blan.lunag@gmail.com,Garibaldi 418,,,,,,,,,3,0,No,No,,No,,No,,No,,No,No,No,,,,,,Sí,No,No,,No,No lo sé,No,,No,No,2,,,,,,,,
San Martín,GS-B-02174,22/8/2025 11:19:17,,maxibuch87@gmail.com,Alessio iannaconi 879,,,,,,,,,5,0,No hay menores,No,0,No,,No,,No,,Sí,Sí,No,,,,,,Sí,Sí,No,,Sí,No residen niños en el hogar,Sí,S24 Banda Norte,Sí,No,4,,,,,,,,
San Martín,GS-B-02175,22/8/2025 11:19:19,,blan.lunag@gmail.com,Garibaldi 419,,,,,,,,,5,0,No,No,0,No,,No,,No,,Sí,Sí,No,,,,,,Sí,Sí,Sí,Al que esta en isabel la catolica,No,No residen niños en el hogar,Sí,S24 Banda Norte,No,No,4,,,,,,,,
San Martín,GS-B-02176,22/8/2025 11:19:40,,msoledadfrattari@gmail.com,,,,,,,,,,2,0,No,Sí,,No,,No,,No,,Sí,Sí,No,,,,,,Sí,Sí,No,,No,No residen niños en el hogar,No,,No,No,4,,,,,,,,
San Martín,GS-B-02177,22/8/2025 11:20:35,,rosana.ochoa.8a@gmail.com,López de Vega 934,,,,Julio,,,,,1,0,No,Sí,0,No,,No,,No,,Sí,Sí,No,,,,,,No,No,No,,No,No residen niños en el hogar,No,,No,No,4,,,,,,,,
San Martín,GS-B-02178,22/8/2025 11:21:23,,amayapaz728@gmail.com,,,,,,,,,,2,1,Sí,No,0,No,,No,,No,,Sí,Sí,No,,,,,,No,No,No,,No,Sí,Sí,Centro Periférico 2,No,No,4,,,,,,,,
San Martín,GS-B-02179,22/8/2025 11:24:51,,carlaveronicarusso@gmail.com,Paul Harris 867,,,,,,,,,3,1,Sí,No,0,No,,No,,No,,Sí,Sí,No,,,,,,No,No,No,,No,Sí,No,,No,No,3,,,,,,,,
San Martín,GS-B-02180,22/8/2025 11:26:15,,amayapaz728@gmail.com,,,,,,,,,,4,1,Sí,No,0,No,,No,,Sí,,Sí,Sí,No,,,,,,Sí,Sí,No,,No,Sí,No,,No,No,3,,,,,,,,
San Martín,GS-B-02181,22/8/2025 11:28:26,,rosana.ochoa.8a@gmail.com,López de vega 974,,,,Sara,,,,,2,0,No hay menores,No,,No,,No,,No,,Sí,Sí,No,,,,,,Sí,Sí,Sí,Agec,No,No residen niños en el hogar,No,,No,No,4,,,,,,,,
San Martín,GS-B-02182,22/8/2025 11:28:28,,moyanofacundo88@gmail.com,Paul harris 800,,,,Juan nazz,,,,,2,0,No hay menores,No,0,No,,No,,No,,Sí,No,No,,,,,,Sí,Sí,No,,No,No residen niños en el hogar,No,,No,No,4,,,,,,,,
San Martín,GS-B-02183,22/8/2025 11:29:43,,josefinaandres88@gmail.com,Soco soco 973,,,,Adrian Mattos,,,3584360178,,1,0,No hay menores,Sí,,No,,No,,No,,Sí,Sí,Sí,"Discapacidad física: Incluye limitaciones en la movilidad y funciones físicas, como la paraplejia, amputaciones y trastornos del movimiento.",No,No,,,No,,,,No,No residen niños en el hogar,Sí,S24 Banda Norte,Sí,No,3,,,,,,,,
San Martín,GS-B-02184,22/8/2025 11:31:22,,carlaveronicarusso@gmail.com,Pauls Harris 845,,,,,,,,,4,1,Sí,No,0,No lo sé,,No,,No,,Sí,Sí,No,,,,,,Sí,Sí,No,,No,Sí,No,,Sí,No,4,,,,,,,,
San Martín,GS-B-02185,22/8/2025 11:31:37,,amayapaz728@gmail.com,,,,,,,,,,2,0,No hay menores,No,,No,,No,,No,,Sí,No,No,,,,,,Sí,Sí,No,,No,Sí,No,,No,No,4,,,,,,,,
San Martín,GS-B-02186,22/8/2025 11:33:05,,blan.lunag@gmail.com,Pa859,,,,,,,,,4,2,Sí,No,,Sí,Sí,No,,No,,Sí,Sí,No,,,,,,No,No,No,,No,Sí,No,,No,No,4,,,,,,,,
San Martín,GS-B-02187,22/8/2025 11:33:31,,lauradonetto@gmail.com,,,,,Carlos,,,,,2,0,No hay menores,No,0,No,,Sí,,No,,Sí,Sí,Sí,"Discapacidad múltiple: Se refiere a personas que presentan combinaciones de dos o más tipos de discapacidad, afectando diversas áreas de su vida.",Sí,No,,Porque no le interesa,Sí,Sí,No,,No,No residen niños en el hogar,No,,Sí,No,4,,,,,,,,
San Martín,GS-B-02188,22/8/2025 11:33:47,,moyanofacundo88@gmail.com,Paul harris 858,,,,Anabella  giovanini,,,3584825228,,3,1,No,No,0,No,,No,,No,,Sí,Sí,No,,,,,,No,No,No,,No,Sí,Sí,Centro Periférico 2,No,No,4,,,,,,,,
San Martín,GS-B-02189,22/8/2025 11:38:46,,amayapaz728@gmail.com,,,,,,,,,,2,0,No,Sí,0,No,,No,,No,,Sí,Sí,No,,,,,,Sí,Sí,No,,No,No residen niños en el hogar,No,,Sí,No,2,,,,,,,,
San Martín,GS-B-02190,22/8/2025 11:42:42,,moyanofacundo88@gmail.com,Republica del libanon 414,,,,Giani fernando,,,3584173559,,4,1,Sí,Sí,0,No,,No,,No,,Sí,Sí,No,,,,,,No,No,No,,No,Sí,No,,No,No,4,,,,,,,,
San Martín,GS-B-02191,22/8/2025 11:42:49,,blan.lunag@gmail.com,República del Líbano 444,,,,Maria,,,,,2,0,No hay menores,No,,No,,No,,No,,Sí,Sí,No,,,,,,No,No,No,,No,No residen niños en el hogar,No,,No,Prefiero no decirlo,3,,,,,,,,
San Martín,GS-B-02192,22/8/2025 11:42:51,,carlaveronicarusso@gmail.com,República del libano 450,,,,,,,,,3,0,No hay menores,No,0,No,,No,,No,,Sí,Sí,No,,,,,,Sí,No,No,,No,No residen niños en el hogar,Sí,S24 Banda Norte,No,No,3,,,,,,,,
San Martín,GS-B-02193,22/8/2025 11:47:09,,carlaveronicarusso@gmail.com,Miguel Angel 867,,,,,,,,,4,2,Sí,No,0,No,,No,,No,,Sí,Sí,No,,,,,,No,No,No,,No,Sí,No,,No,No,4,,,,,,,,
San Martín,GS-B-02194,22/8/2025 11:48:28,,blan.lunag@gmail.com,República del Líbano 474,,,,Jose,,,,,4,2,Sí,No,,No,,No,,No,,Sí,Sí,No,,,,,,No,,,,No,Sí,No,,No,No,4,,,,,,,,
San Martín,GS-B-02195,22/8/2025 11:50:32,,rosana.ochoa.8a@gmail.com,Paul Harris 757,,,,Irma,,,,,2,0,No hay menores,No,0,No,,No,,No,,Sí,Sí,No,,,,,,Sí,Sí,No,,No,No residen niños en el hogar,No,,No,No,4,,,,,,,,
AGEPROC,GS-B-02196,5/9/2025 9:46:19,,robledobrendaayelen25@gmail.com,Mosconi 322,,,,Criado sandra,,,3586011977,,2,0,No hay menores,No,,No,,No,,No,,Sí,Sí,No,,,,,,Sí,Sí,No,,No,No residen niños en el hogar,No,,No,No,4,,,,,,,,
AGEPROC,GS-B-02197,5/9/2025 9:47:36,,riquelmesergio965@gmail.com,Mosconi360,,,,Marisa,,,,,3,1,Sí,No,0,No,,No,,No,,Sí,Sí,No,,,,,,No,No,No,,No,Sí,Sí,S24 Sur,No,No,4,,,,,,,,
AGEPROC,GS-B-02198,5/9/2025 9:48:12,,jorgelinaavila17@gmail.com,Sarmiento 3113,,,,Nancy,,,3584371126,,3,0,No hay menores,No,0,No,,No,,No,,Sí,Sí,No,,,,,,No,No,No,,No,No residen niños en el hogar,No,,Sí,No,4,,,,,,,,
AGEPROC,GS-B-02199,5/9/2025 9:49:06,,noeliaben89@gmail.com,Sarmiento 3235,,,,Norma,,,,,3,1,Sí,No,0,No,,No,,No,,Sí,Sí,No,,,,,,Sí,Sí,No,,No,Sí,Sí,S24 Sur,No,No,4,,,,,,,,
AGEPROC,GS-B-02200,5/9/2025 9:50:10,,mcrosetto224@gmail.com,Unión de los Argentinos 339,,,,,,,,,2,0,No,No,0,No,,No,,No,,Sí,Sí,No,,,,,,Sí,Sí,No,,No,No residen niños en el hogar,No,S24 Sur,No,No,4,,,,,,,,
AGEPROC,GS-B-02201,5/9/2025 9:57:24,,noeliaben89@gmail.com,Sarmiento 3265,,,,claudia,,,,,4,2,Sí,No,0,No,,No,,No,,Sí,Sí,No,,,,,,No,No,No lo sé,,No,Sí,Sí,Centro Periférico 14,Sí,No,3,,,,,,,,
AGEPROC,GS-B-02202,5/9/2025 9:57:30,,mcrosetto224@gmail.com,Unión de los Arfentinos 413,,,,,,,,,5,3,Sí,Sí,0,No,,No,,No,,Sí,Sí,No,,,,,,No,,,,No,Sí,No,,No,No,4,,,,,,,,
AGEPROC,GS-B-02203,5/9/2025 9:58:39,,gferrer214@gmail.com,Unión de los Argentinos 314,,,,Jorge Torres,,,,,1,0,No hay menores,Sí,0,No,,No,,No,,No,No,No,,,,,,Sí,No,No,,No,No residen niños en el hogar,No,,No lo sé,No,2,,,,,,,,
AGEPROC,GS-B-02204,5/9/2025 10:00:37,,flacomuguerza@gmail.com,Unión de los argentinos 350,,,,Cintia,,,3584283788,,4,1,Sí,No,,No,,No,,No,,Sí,Sí,No,,,,,,No,,,,No,Sí,Sí,S24 Sur,Sí,No,4,,,,,,,,
AGEPROC,GS-B-02205,5/9/2025 10:00:46,,latidosrio4@gmail.com,Sarmiento 3201,,,,Jessica Rodríguez,,,353153138016,,5,3,Sí,No,,No,,Sí,,No,,Sí,Sí,Sí,"Discapacidad física: Incluye limitaciones en la movilidad y funciones físicas, como la paraplejia, amputaciones y trastornos del movimiento.",No,No,,Desconocimiento,No,,,,No,Sí,Sí,"Hospital Regional ""San Antonio de Padua""",Sí,No,3,,,,,,,,
AGEPROC,GS-B-02206,5/9/2025 10:01:34,,lalula.p20@gmail.com,San Lorenzo 3298,,,,Viviana,,,,,3,0,No,No,,No,,No,,No,,Sí,Sí,No,,,,,,No,,,,No,Sí,Sí,S24 Sur,No,No,4,,,,,,,,
AGEPROC,GS-B-02207,5/9/2025 10:10:13,,robledobrendaayelen25@gmail.com,Mosconi 122,,,,Fabiana,,,2664652455,,2,0,No hay menores,No,0,No,,No,,No,,Sí,Sí,No,,,,,,No,No,No,,No,No residen niños en el hogar,No,,Sí,No,4,,,,,,,,
AGEPROC,GS-B-02208,5/9/2025 10:10:24,,flacomuguerza@gmail.com,Unión de los argentinos 420,,,,Tiziana alderete,,,3585735140,,4,0,Sí,No,,No,,No,,No,,Sí,Sí,No,,,,,,No,,,,No,Sí,No,,No,No,4,,,,,,,,
AGEPROC,GS-B-02209,5/9/2025 10:11:20,,noeliaben89@gmail.com,San Lorenzo 3262,,,,maricel,,,,,5,2,Sí,No,0,No,,No,,No,,Sí,Sí,No,,,,,,No,No,No,,No,Sí,Sí,Centro Periférico 14,No,No,4,,,,,,,,
AGEPROC,GS-B-02210,5/9/2025 10:11:20,,jorgelinaavila17@gmail.com,Sarmiento 3293,,,,Gianone jose,,,3585489549,,4,0,No hay menores,No,0,No,,No,,No,,Sí,Sí,No,,,,,,No,No,No,,No,No residen niños en el hogar,Sí,,No,No,4,,,,,,,,
AGEPROC,GS-B-02211,5/9/2025 10:12:19,,riquelmesergio965@gmail.com,Mosconi este 108,,,,Cristina,,,,,6,2,Sí,No,0,No,,No,,No,,Sí,Sí,No,,,,,,Sí,No,Sí,Edpacio ilia,No,Sí,No,,Sí,No,4,,,,,,,,
AGEPROC,GS-B-02212,5/9/2025 10:15:42,,mcrosetto224@gmail.com,Unión de los Argentinos 153,,,,,,,,,4,2,Sí,No,,No,,No,,No,,Sí,Sí,No,,,,,,No,,No,,No,No,No,,Sí,No,4,,,,,,,,
AGEPROC,GS-B-02213,5/9/2025 10:16:27,,lalula.p20@gmail.com,,,,,,,,,,4,0,Sí,No,,No,,No,,No,,Sí,Sí,No,,,,,,No,,,,No,Sí,Sí,S24 Sur,No,No,4,,,,,,,,
AGEPROC,GS-B-02214,5/9/2025 10:19:30,,flacomuguerza@gmail.com,Pje hernandaria 3419,,,,Olga gimenez,,,3584289103,,2,0,No,No,,No,,No,,No,,Sí,No,No,,,,,,Sí,Sí,Sí,,No,No residen niños en el hogar,No,,No,No,4,,,,,,,,
AGEPROC,GS-B-02215,5/9/2025 10:21:15,,gferrer214@gmail.com,Unión de los Argentinos 426,,,,René Dominguez,,,,,1,1,No hay menores,No,0,No,,No,,No,,Sí,No,No,,,,,,Sí,No lo sé,No,,No,No residen niños en el hogar,No lo sé,,No lo sé,No,2,,,,,,,,
AGEPROC,GS-B-02216,5/9/2025 10:21:35,,robledobrendaayelen25@gmail.com,Mosconi este 178,,,,González Gerardo,,,3585068035,,2,1,Sí,No,0,No,,No,,No,,Sí,Sí,No,,,,,,No,No,No,,No,Sí,No,,No,No,4,,,,,,,,
AGEPROC,GS-B-02217,5/9/2025 10:22:43,,noeliaben89@gmail.com,San Lorenzo 3160,,,,elsa,,,,,3,0,No hay menores,No,0,No,,No,,No,,Sí,Sí,No,,,,,,Sí,Sí,No,,No,No residen niños en el hogar,No,,Sí,No,4,,,,,,,,
AGEPROC,GS-B-02218,5/9/2025 10:24:30,,mcrosetto224@gmail.com,Unión de los Argentinos 173,,,,,,,,,5,1,Sí,No,,No,,No,,No,,Sí,Sí,No,,,,,,No,No,,,No,Sí,Sí,S24 Sur,Sí,No,4,,,,,,,,
AGEPROC,GS-B-02219,5/9/2025 10:24:55,,riquelmesergio965@gmail.com,Mosconi Este 186,,,,Mirta,,,,,4,0,No hay menores,No,0,No,,No,,No,,Sí,Sí,No,,,,,,No,No,No,,No,No residen niños en el hogar,Sí,Centro Periférico 14,Sí,No,4,,,,,,,,
AGEPROC,GS-B-02220,5/9/2025 10:26:20,,jorgelinaavila17@gmail.com,San Lorenzo 3183,,,,Ignacio,,,3586025747,,4,1,Sí,No,0,No,,No,,No,,Sí,Sí,No,,,,,,No,No,No,,No,Sí,Sí,,No,No,4,,,,,,,,
AGEPROC,GS-B-02221,5/9/2025 10:31:44,,flacomuguerza@gmail.com,Pji ghiglione 3466,,,,Federico,,,,,4,2,Sí,No,,No,,No,,No,,Sí,Sí,No,,,,,,No,,,,No,Sí,Sí,S24 Sur,No,No,4,,,,,,,,
AGEPROC,GS-B-02222,5/9/2025 10:36:15,,robledobrendaayelen25@gmail.com,Mosconi este 268,,,,Lázaro Virginil,,,3584855964,,4,1,Sí,No,,No,,No,,No,,Sí,Sí,No,,,,,,No,No,No,,No,Sí,No,,No,No,4,,,,,,,,
AGEPROC,GS-B-02223,5/9/2025 10:39:05,,jorgelinaavila17@gmail.com,Pje Pascual Ramírez 3134,,,,Bazán dario,,,3585761151,,4,2,Sí,Sí,0,No,,No,,No,,Sí,Sí,No,,,,,,No,No,No,,No,Sí,Sí,,Sí,No,4,,,,,,,,
AGEPROC,GS-B-02224,5/9/2025 10:43:59,,natyvgomez2011@gmail.com,,,,,Ruben,,,3585776461,,3,0,No hay menores,No,,No,,No,,No,,Sí,Sí,No,,,,,,Sí,Sí,Sí,Illia,No,No residen niños en el hogar,No,,Sí,No,4,,,,,,,,
AGEPROC,GS-B-02225,5/9/2025 10:44:31,,latidosrio4@gmail.com,Pascual Ramirez 3182,,,,Lorena,,,3584850456,,3,1,Sí,Sí,1,No,,Sí,,No,,Sí,Sí,No,,,,,,No,,,,No,Sí,Sí,Centro Periférico 14,Sí,Sí,3,,,,,,,,
AGEPROC,GS-B-02226,5/9/2025 10:48:52,,gferrer214@gmail.com,Cuarenta 412,,,,Mabel Guerra,,,,,5,2,Sí,No,0,No,,No lo sé,,Sí,,Sí,Sí,No,,,,,,Sí,No,,,No,Sí,Sí,Centro Periférico 14,No,Prefiero no decirlo,2,,,,,,,,
AGEPROC,GS-B-02227,5/9/2025 10:53:24,,moyanofacundo88@gmail.com,Laprida 1937,,,,Valeria salinas,,,3585091468,,4,2,Sí,No,0,No,,No,,No,,Sí,Sí,No,,,,,,No,No,No,,No,Sí,No,,No,No,4,,,,,,,,
AGEPROC,GS-B-02228,5/9/2025 10:57:16,,natyvgomez2011@gmail.com,,,,,Carla,,,3584384970,,4,2,Sí,No,,No,,No,,No,,Sí,Sí,No,,,,,,No,No,No,,No,Sí,Sí,Centro Periférico 14,No,No,4,,,,,,,,
La Agustina,GS-B-02229,19/9/2025 9:40:34,,vmagnasco@gmail.com,,,,,,,,,,4,2,Sí,No,0,No,,No,,No,,Sí,Sí,No,,,,,,No,No,No,,No,Sí,Sí,Centro de Salud Municipal,No,No,4,,,,,,,,
La Agustina,GS-B-02230,19/9/2025 9:45:56,,kg9793067@gmail.com,Pasaje lanin575,,,,Clarinda Escudero,,,,,3,1,Sí,No,0,No,,No,,No,,Sí,No,No,,,,,,Sí,Sí,No,,No,Sí,No,,Sí,No,4,,,,,,,,
La Agustina,GS-B-02231,19/9/2025 9:47:56,,robledobrendaayelen25@gmail.com,Bariloche 680,,,,Fabio Garcia,,,3585623208,,1,0,No hay menores,No,0,No,,No,,No,,Sí,Sí,No,,,,,,No,No,No,,No,No residen niños en el hogar,No,,No,No,2,,,,,,,,
La Agustina,GS-B-02232,19/9/2025 9:49:46,,flacomuguerza@gmail.com,Bacilo he 675,,,,Belen,,,,,3,2,Sí,No,,No,,No,,No,,Sí,Sí,No,,,,,,No,,,,No,Sí,No,,No,No,4,,,,,,,,
La Agustina,GS-B-02233,19/9/2025 9:49:46,,melinacretton@gmail.com,Florencia Sachez 514,,,,Ornella,,,,,1,0,No hay menores,Sí,0,Sí,No,No,,No,,Sí,Sí,No,,,,,,No,No,No,,No,No residen niños en el hogar,Sí,Centro de Salud Municipal,No,No,4,,,,,,,,
La Agustina,GS-B-02234,19/9/2025 9:49:53,,carlaveronicarusso@gmail.com,Brasil 884,,,,,,,,,4,2,Sí,No,0,No,,No,,No,,Sí,Sí,No,,,,,,No,,,,No,Sí,No,,No,No,4,,,,,,,,
La Agustina,GS-B-02235,19/9/2025 9:53:12,,noeliaben89@gmail.com,Lanín 633,,,,,,,,,2,0,No hay menores,No,0,No,,No,,No,,Sí,Sí,No,,,,,,No,No,,,No,No residen niños en el hogar,No,,No,No,4,,,,,,,,
La Agustina,GS-B-02236,19/9/2025 9:54:03,,blan.lunag@gmail.com,Brasil 910,,,,,,,,,2,0,No hay menores,No,0,No,,No,,No,,Sí,Sí,No,,,,,,No,No,No,,No,No residen niños en el hogar,No,,No,No,4,,,,,,,,
La Agustina,GS-B-02237,19/9/2025 9:55:06,,vmagnasco@gmail.com,Muñoz 628,,,,Delia leticia luna,,,3584013287,,4,2,Sí,No,0,No,,Sí,,No,,Sí,No,Sí,"Discapacidad física: Incluye limitaciones en la movilidad y funciones físicas, como la paraplejia, amputaciones y trastornos del movimiento.",No,Sí,Centro 11 - Gimnasia y Pileta,,No,No lo sé,No lo sé,,No,Sí,Sí,Centro Periférico 16,Sí,No,2,,,,,,,,
La Agustina,GS-B-02238,19/9/2025 9:57:48,,robledobrendaayelen25@gmail.com,Bariloche 634,,,,Jacinto Rosa,,,,,6,2,Sí,No,0,No,,Sí,,No,,Sí,Sí,Sí,"Discapacidad del aprendizaje: Incluye dificultades específicas de aprendizaje, como la dislexia y el trastorno por déficit de atención e hiperactividad (TDAH).",No,No,,,Sí,Sí,No,,No,No lo sé,Sí,Centro Periférico 8,Sí,Prefiero no decirlo,4,,,,,,,,
La Agustina,GS-B-02239,19/9/2025 9:58:02,,valenpereletegui@gmail.com,Lanín 697,,,,,,,,,1,0,No hay menores,No,0,No,,No,,No,,Sí,Sí,No,,,,,,Sí,Sí,No,,No,Sí,No,,Sí,No,3,,,,,,,,
La Agustina,GS-B-02240,19/9/2025 9:58:49,,lucaspinfer15@gmail.com,,,,,,,,,,4,2,Sí,No,0,No,,No,,No,,Sí,Sí,No,,,,,,Sí,Sí,Sí,,No lo sé,Sí,No,Centro Periférico 11,No lo sé,No,4,,,,,,,,
La Agustina,GS-B-02241,19/9/2025 10:03:59,,flacomuguerza@gmail.com,Bariloche 645,,,,Monica,,,3584029393,,2,1,Sí,No,,No,,No,,No,,Sí,Sí,No,,,,,,No,,,,No,Sí,No,,No,No,4,,,,,,,,
La Agustina,GS-B-02242,19/9/2025 10:04:11,,gferrer214@gmail.com,,,,,,,,,,4,2,No,No,0,No,,No,,No,,Sí,Sí,No,,,,,,No,No,No,,No,Sí,No,,No,No lo sé,4,,,,,,,,
La Agustina,GS-B-02243,19/9/2025 10:04:46,,carlaveronicarusso@gmail.com,Brasil 1014,,,,,,,,,2,0,No hay menores,No,0,No,,No,,No,,Sí,Sí,No,,,,,,Sí,Sí,No,,No,No residen niños en el hogar,No,,Sí,No,4,,,,,,,,
La Agustina,GS-B-02244,19/9/2025 10:05:20,,kg9793067@gmail.com,Achalay 640,,,,,,,,,3,0,No hay menores,No,0,No,,No,,No,,Sí,Sí,No,,,,,,Sí,Sí,No,,No,Sí,No,,Sí,No,4,,,,,,,,
La Agustina,GS-B-02245,19/9/2025 10:07:27,,robledobrendaayelen25@gmail.com,Bariloche 558,,,,Lady Guevara,,,,,2,0,No hay menores,No,0,No,,No,,No,,Sí,Sí,No,,,,,,Sí,Sí,No,,No,No residen niños en el hogar,No,,No lo sé,No,4,,,,,,,,
La Agustina,GS-B-02246,19/9/2025 10:09:49,,patricialoremontiel@gmail.com,,,,,,,,,,4,1,No,Sí,0,No,,No,,No,,Sí,Sí,No,,,,,,No,,,,No,Sí,No,,No,No,4,,,,,,,,
La Agustina,GS-B-02247,19/9/2025 10:10:19,,nani.83chaves@gmail.com,,,,,,,,,,3,0,No hay menores,No,0,No,,No,,No,,Sí,Sí,No,,,,,,Sí,Sí,No,,No,No residen niños en el hogar,No,,No,No,4,,,,,,,,
La Agustina,GS-B-02248,19/9/2025 10:11:25,,blan.lunag@gmail.com,Brasil 1050,,,,,,,,,4,0,No hay menores,No,0,No,,No,,No,,Sí,Sí,No,,,,,,Sí,Sí,No,,No,No residen niños en el hogar,No,,No,No lo sé,4,,,,,,,,
La Agustina,GS-B-02249,19/9/2025 10:16:43,,kg9793067@gmail.com,Achalay 686,,,,Fabiana,,,3584840851,,2,0,No hay menores,No,0,No,,No,,No,,Sí,Sí,No,,,,,,No,,,,No,No residen niños en el hogar,No,,Sí,No,3,,,,,,,,
La Agustina,GS-B-02250,19/9/2025 10:16:47,,robledobrendaayelen25@gmail.com,Bariloche 472,,,,Felix Adrian Diaz,,,3584245320,,2,0,No hay menores,No,0,No,,No,,No,,Sí,Sí,No,,,,,,Sí,Sí,No,,No,No residen niños en el hogar,Sí,Centro Periférico 8,Sí,No,2,,,,,,,,
La Agustina,GS-B-02251,19/9/2025 10:20:35,,patricialoremontiel@gmail.com,Muñiz 919,,,,Florencia Di Santo,,,3584860602,,1,0,No,No,0,No,,No,,No,,Sí,Sí,No,,,,,,No,,,,No,No residen niños en el hogar,No,,No,No,4,,,,,,,,
La Agustina,GS-B-02252,19/9/2025 10:21:11,,noeliaben89@gmail.com,Laguna blanca 38,,,,Oriana,,,,,4,2,Sí,No,0,No,,No,,No,,Sí,Sí,No,,,,,,No,No,,,No,Sí,Sí,Centro Periférico 2,No,No,3,,,,,,,,
La Agustina,GS-B-02253,19/9/2025 10:23:43,,melinacretton@gmail.com,Lanin570,,,,Jesi,,,jesiallora@hotmail.com,,3,2,No,No,0,No,,No,,No,,Sí,Sí,No,,,,,,No,No,No,,No,Sí,No,,No,No,4,,,,,,,,
La Agustina,GS-B-02254,19/9/2025 10:24:33,,munnozfede@gmail.com,Juan Cruz Varela 769,,,,Manuel Villareal,,,3585729918,,1,1,No hay menores,No,0,Sí,No,Sí,,Sí,,Sí,No,No,,,,,,Sí,Sí,Sí,El de Isabel La Católica,No,No residen niños en el hogar,No,,No,No,1,,,,,,,,
La Agustina,GS-B-02255,19/9/2025 10:24:35,,natimenazzi@gmail.com,Juan Cruz Varela 769,,,,Florencia,,,,,3,1,No hay menores,No,0,No,,No,,No,,Sí,Sí,No,,,,,,No,No,No,,No,Sí,Sí,Centro Periférico 16,No,No,4,,,,,,,,
La Agustina,GS-B-02256,19/9/2025 10:24:40,,flacomuguerza@gmail.com,Bariloche 473,,,,Mariana,,,3584227740,,6,2,Sí,Sí,0,No,,No,,No,,Sí,Sí,No,,,,,,No,No,No,,No,Sí,No,,No,No,4,,,,,,,,
La Agustina,GS-B-02257,19/9/2025 10:27:44,,valenpereletegui@gmail.com,Conchancharava S/N,,,,,,,,,3,1,Sí,Sí,0,No,,No,,No,,Sí,No,No,,,,,,No,No,No,,No,Sí,Sí,Centro Periférico 10,No,No,1,,,,,,,,
La Agustina,GS-B-02258,19/9/2025 10:28:40,,robledobrendaayelen25@gmail.com,Bariloche 362,,,,Almada Carlos,,,3584026520,,1,0,No hay menores,No,0,No,,Sí,,No,,Sí,Sí,No,,,,,,No,Sí,No,,No,No residen niños en el hogar,Sí,Centro Periférico 8,Sí,No,3,,,,,,,,
La Agustina,GS-B-02259,19/9/2025 10:28:59,,patricialoremontiel@gmail.com,Azurduy 698,,,,Oscar,,,,,2,0,No,No,0,No,,No,,No,,Sí,Sí,No,,,,,,Sí,Sí,No,,No,No residen niños en el hogar,No,,No,No,4,,,,,,,,
La Agustina,GS-B-02260,19/9/2025 10:30:46,,noeliaben89@gmail.com,Cochancharaba s n,,,,Solange,,,,,3,2,Sí,No,0,No,,No,,No,,No,No,No,,,,,,No,No lo sé,No,,No,Sí,Sí,Centro Periférico 15,No,No,4,,,,,,,,
La Agustina,GS-B-02261,19/9/2025 10:33:45,,flacomuguerza@gmail.com,Bariloche 403,,,,Vilma,,,3585718376,,3,0,No hay menores,No,,No,,No,,No,,Sí,Sí,No,,,,,,Sí,Sí,No,,No,No residen niños en el hogar,No,,No,No,4,,,,,,,,
La Agustina,GS-B-02262,19/9/2025 10:36:46,,robledobrendaayelen25@gmail.com,Bariloche 252,,,,Juan Ramón,,,,,2,0,No hay menores,Sí,1,No,,No,,No,,Sí,Sí,No,,,,,,Sí,No,No,,No,No residen niños en el hogar,Sí,Centro Periférico 8,Sí,Sí,2,,,,,,,,
La Agustina,GS-B-02263,19/9/2025 10:39:18,,kg9793067@gmail.com,Achalay 836,,,,Roxana,,,2615546663,,1,0,No hay menores,Sí,0,No,,No,,No,,Sí,Sí,Sí,"Discapacidad física: Incluye limitaciones en la movilidad y funciones físicas, como la paraplejia, amputaciones y trastornos del movimiento.",Sí,No,,Hace 5 años q vive en rio cuarto,No,,,,No,No residen niños en el hogar,No,,Sí,No,3,,,,,,,,
La Agustina,GS-B-02264,19/9/2025 10:45:02,,flacomuguerza@gmail.com,Bariloche 325,,,,Daiana,,,3584850286,,4,1,Sí,Sí,,Sí,No,No,,No,,Sí,Sí,No,,,,,,Sí,Sí,No,,No,Sí,Sí,Centro Periférico 8,No,No,4,,,,,,,,
La Agustina,GS-B-02265,19/9/2025 10:46:47,,robledobrendaayelen25@gmail.com,Bariloche 260,,,,Alberto Alejandro Güell,,,3585715531,,5,2,Sí,No,0,No,,No,,No,,Sí,Sí,No,,,,,,No,No,No,,No,Sí,Sí,Centro Periférico 8,No,No,4,,,,,,,,
La Agustina,GS-B-02266,19/9/2025 10:50:56,,munnozfede@gmail.com,,,,,,,,,,3,0,No hay menores,No,0,No,,No,,No,,Sí,Sí,No,,,,,,Sí,Sí,No,,No,No residen niños en el hogar,No,,Sí,No,4,,,,,,,,
La Agustina,GS-B-02267,19/9/2025 10:54:22,,natimenazzi@gmail.com,Paul Groussac,,,,Daniel,,,,,2,0,No hay menores,No,0,No,,No,,No,,Sí,Sí,No,,,,,,Sí,Sí,No,,No,No residen niños en el hogar,No,,No,No,4,,,,,,,,
La Agustina,GS-B-02268,19/9/2025 10:55:02,,kg9793067@gmail.com,Achalay 890,,,,Victoy pereyra,,,3584374083,,3,0,No hay menores,No,0,No,,No,,No,,Sí,Sí,Sí,"Discapacidad intelectual: Comprende condiciones que afectan el funcionamiento cognitivo y la capacidad de aprendizaje, como el síndrome de Down y otros trastornos del desarrollo intelectual.",No,No,,No tiene tiempo,Sí,Sí,No,,No,No residen niños en el hogar,Sí,Centro Periférico 16,Sí,No,4,,,,,,,,
La Agustina,GS-B-02269,19/9/2025 10:59:24,,munnozfede@gmail.com,,,,,,,,,,2,0,No hay menores,No,0,No,,No,,No,,Sí,Sí,No,,,,,,Sí,Sí,No,,No,No residen niños en el hogar,Sí,Centro de Salud Municipal,No,No,3,,,,,,,,
La Agustina,GS-B-02270,19/9/2025 11:07:32,,natimenazzi@gmail.com,,,,,Jose,,,,,2,0,No hay menores,No,0,No,,No,,No,,Sí,Sí,No,,,,,,Sí,Sí,No,,No,No residen niños en el hogar,No,Centro Periférico 16,Sí,No,4,,,,,,,,
La Agustina,GS-B-02271,19/9/2025 11:10:36,,munnozfede@gmail.com,,,,,,,,,,2,0,No hay menores,No,0,No,,No,,No,,Sí,Sí,No,,,,,,Sí,Sí,No,,No,No residen niños en el hogar,Sí,Centro de Salud Municipal,Sí,No,3,,,,,,,,
La Agustina,GS-B-02272,19/9/2025 11:29:21,,munnozfede@gmail.com,,,,,,,,,,17,8,Sí,Sí,0,No,,Sí,,No,,Sí,Sí,No,,,,,,Sí,Sí,No,,No,Sí,Sí,Centro Periférico 16,Sí,Sí,4,,,,,,,,
Peirano,GS-B-02273,21/10/2025 9:12:14,,subsecretariadelasmujeresrio4@gmail.com,Joaquin V. Gonzalez 715,,,,Carlos,,,,,1,0,No hay menores,No,0,No,,Sí,,No,,Sí,Sí,No,,,,,,No,No,No,,No,No residen niños en el hogar,No,,Sí,No,4,,,,,,,,
Peirano,GS-B-02274,21/10/2025 9:19:56,,saritacarranza2022@gmail.com,Int. Daguerre 1435,,,,Quiroga romina,,,3584280717,,6,2,Sí,No,0,No,,Sí,,No,,Sí,Sí,Sí,"Discapacidad física: Incluye limitaciones en la movilidad y funciones físicas, como la paraplejia, amputaciones y trastornos del movimiento.",No,No,,,No,No,No,,No,Sí,Sí,Centro Periférico 11,Sí,No,4,,,,,,,,
Peirano,GS-B-02275,21/10/2025 9:20:13,,subsecretariadelasmujeresrio4@gmail.com,Intendente Daguerre 1167,,,,Juan Carlos,,,,,3,0,No hay menores,No,0,No,,No,,No,,Sí,Sí,No,,,,,,No,,,,No,No residen niños en el hogar,Sí,S24 Alberdi,No,No,4,,,,,,,,
Peirano,GS-B-02276,21/10/2025 9:22:16,,robledobrendaayelen25@gmail.com,Pte Perón este 1384,,,,Gallego Jesús Antonio,,,,,2,0,No hay menores,No,0,No,,No,,No,,Sí,Sí,No,,,,,,Sí,Sí,No,,No,No residen niños en el hogar,No,,Sí,No,4,,,,,,,,
Peirano,GS-B-02277,21/10/2025 9:25:44,,saritacarranza2022@gmail.com,Int. Daguerre 1418,,,,Yanina vanesa rivero,,,3585742562,,5,3,Sí,No,0,No,,Sí,,No,,Sí,Sí,No,,,,,,No,No,No,,No,Sí,Sí,Centro Periférico 11,Sí,No,4,,,,,,,,
Peirano,GS-B-02278,21/10/2025 9:26:37,,melinacretton@gmail.com,Daguerre 1425,,,,Mari,,,,,5,2,Sí,Sí,0,No,,No,,No,,Sí,Sí,Sí,"Discapacidad del aprendizaje: Incluye dificultades específicas de aprendizaje, como la dislexia y el trastorno por déficit de atención e hiperactividad (TDAH).",Sí,No,,No conocía,Sí,Sí,No,,No,Sí,Sí,S24 Alberdi,Sí,No,4,,,,,,,,
Peirano,GS-B-02279,21/10/2025 9:32:52,,romanbritos091@gmail.com,Pasaje Pariani,,,,Emanuel V,,,,,5,3,Sí,No,0,No,,No,,No,,Sí,Sí,No,,,,,,No,No,No,,No,Sí,Sí,S24 Alberdi,No,No,4,,,,,,,,
Peirano,GS-B-02280,21/10/2025 9:35:04,,melinacretton@gmail.com,Daguerre 1347,,,,Ivana,,,,,3,0,No hay menores,Sí,0,No,,No,,No,,Sí,Sí,No,,,,,,No,No,No,,No,Sí,No,,Sí,No,4,,,,,,,,
Peirano,GS-B-02281,21/10/2025 9:37:53,,noeliaben89@gmail.com,Salta 1330,,,,Leonel,,,,,3,1,Sí,Sí,0,No,,No,,No,,Sí,Sí,No,,,,,,No,No lo sé,No lo sé,,No,Sí,No,,No,No,4,,,,,,,,
Peirano,GS-B-02282,21/10/2025 9:38:04,,mmarianoo271@gmail.com,,,,,,,,,,4,2,Sí,Sí,0,No,,No,,No,,Sí,Sí,No,,,,,,No,No,No,,No,Sí,Sí,S24 Alberdi,Sí,No,4,,,,,,,,
Peirano,GS-B-02283,21/10/2025 9:40:26,,romanbritos091@gmail.com,Catamarca 1261,,,,Gonzalez Ruben,,,,,4,0,No hay menores,No,1,No,,No,,No,,Sí,Sí,No,,,,,,No,No,No,,Sí,No residen niños en el hogar,No,,Sí,No,4,,,,,,,,
Peirano,GS-B-02284,21/10/2025 9:42:01,,saritacarranza2022@gmail.com,Int daguerre 1292,,,,Alejandra andrada,,,3586025852,,3,1,Sí,No,0,No,,No,,No,,Sí,Sí,No,,,,,,No,No,No lo sé,,No,Sí,Sí,Centro Periférico 1,No,No,4,,,,,,,,
Peirano,GS-B-02285,21/10/2025 9:42:12,,subsecretariadelasmujeresrio4@gmail.com,Joaquin V. Gonzalez 905,,,,Silvana,,,3584369012,,4,1,Sí,No,0,No,,Sí,,No,,Sí,Sí,No,,,,,,No,,,,No,Sí,No,,Sí,No,3,,,,,,,,
Peirano,GS-B-02286,21/10/2025 9:42:31,,maxibuch87@gmail.com,Pje Vitulo 1112,,,,Santiago Heredia,,,3584877224,,4,1,Sí,No,0,No,,No,,No,,Sí,Sí,No,,,,,,No,,,,No,No residen niños en el hogar,No,,Sí,No,4,,,,,,,,
Peirano,GS-B-02287,21/10/2025 9:46:05,,noeliaben89@gmail.com,Salta 1283,,,,Lorena,,,,,5,3,Sí,Sí,0,No,,Sí,,No,,Sí,Sí,No,,,,,,No,No lo sé,No,,No,Sí,Sí,S24 Alberdi,Sí,No,4,,,,,,,,
Peirano,GS-B-02288,21/10/2025 9:49:47,,saritacarranza2022@gmail.com,Int daguerre 1260,,,,Orozco jenifer,,,35841699547,,3,1,No,No,0,No,,No,,No,,Sí,Sí,No,,,,,,No,No,No,,No,Sí,Sí,Centro de Salud Municipal,No,No,3,,,,,,,,
Peirano,GS-B-02289,21/10/2025 9:51:44,,subsecretariadelasmujeresrio4@gmail.com,Joaquin V. Gonzalez 945,,,,Carla,,,3585718683,,5,3,Sí,No,0,No,,Sí,,No,,Sí,Sí,No,,,,,,No,,,,No,Sí,Sí,S24 Alberdi,No,No,3,,,,,,,,
Peirano,GS-B-02290,21/10/2025 9:54:29,,agueroluquerocio@gmail.com,Salta 1267,,,,María Cecilia,,,,,2,0,No hay menores,No,0,No,,No,,No,,Sí,Sí,No,,,,,,No,No,No,,No,No residen niños en el hogar,No,,Sí,No,4,,,,,,,,
Peirano,GS-B-02291,21/10/2025 9:57:36,,natyvgomez2011@gmail.com,Psje felipe Gómez del junco 1420,,,,Alejo ramirez,,,,,2,0,No hay menores,Sí,1,No,,No,,No,,Sí,Sí,Sí,"Discapacidad física: Incluye limitaciones en la movilidad y funciones físicas, como la paraplejia, amputaciones y trastornos del movimiento.",No,No,,,No,No,No,,No,No residen niños en el hogar,Sí,"Hospital Regional ""San Antonio de Padua""",No,No,2,,,,,,,,
Peirano,GS-B-02292,21/10/2025 9:58:53,,romanbritos091@gmail.com,Cardarelli986,,,,Lourdes Gimenes,,,,,3,1,Sí,No,0,No,,No,,No,,Sí,Sí,Sí,"Discapacidad múltiple: Se refiere a personas que presentan combinaciones de dos o más tipos de discapacidad, afectando diversas áreas de su vida.",No,No,,,No,No,No,,No,Sí,Sí,Centro Periférico 11,Sí,No,4,,,,,,,,
Peirano,GS-B-02293,21/10/2025 9:59:33,,noeliaben89@gmail.com,Salta 1261,,,,DANIEL,,,,,4,2,Sí,No,0,No,,No,,No,,Sí,Sí,No,,,,,,No,,,,No,Sí,No,,Sí,No,2,,,,,,,,
Peirano,GS-B-02294,21/10/2025 10:02:35,,saritacarranza2022@gmail.com,Daguerre 1188,,,,Hugo,,,3584308195,,2,0,No hay menores,Sí,0,No,,No,,No,,No,No,No,,,,,,Sí,Sí,No,,No,No residen niños en el hogar,Sí,Centro Periférico 11,No,No,4,,,,,,,,
Peirano,GS-B-02295,21/10/2025 10:10:41,,romanbritos091@gmail.com,Catamarca 1424,,,,Juan,,,,,3,0,No hay menores,No,0,No,,No,,No,,Sí,Sí,No,,,,,,Sí,Sí,No,,No,No residen niños en el hogar,Sí,S24 Alberdi,No,No,3,,,,,,,,
Peirano,GS-B-02296,21/10/2025 10:10:42,,saritacarranza2022@gmail.com,Int daguerre 1162,,,,Liliana miguez,,,3584111567,,3,0,No hay menores,No,0,No,,No,,No,,Sí,Sí,No,,,,,,No,No,No,,No,No residen niños en el hogar,No,,No,No,4,,,,,,,,
Peirano,GS-B-02297,21/10/2025 10:12:09,,natyvgomez2011@gmail.com,F.de junco 1423,,,,Liliana,,,3586009691(solo WhatsApp),,2,1,Sí,No,0,Sí,No,Sí,,No,,Sí,Sí,Sí,"Discapacidad física: Incluye limitaciones en la movilidad y funciones físicas, como la paraplejia, amputaciones y trastornos del movimiento.",Sí,No,,,No,No,No,,No,Sí,Sí,Centro Periférico 1,Sí,No,1,,,,,,,,
Peirano,GS-B-02298,21/10/2025 10:12:25,,subsecretariadelasmujeresrio4@gmail.com,Pasaje José Vicente de Alva 1369,,,,Ariel,,,3584264375,,4,1,Sí,No,0,No,,Sí,,No,,Sí,Sí,No,,,,,,No,,,,No,Sí,Sí,S24 Alberdi,No,No,4,,,,,,,,
Peirano,GS-B-02299,21/10/2025 10:12:43,,agueroluquerocio@gmail.com,Salta 1186,,,,,,,Florencia,,4,2,Sí,No,0,No,,No,,Sí,,Sí,Sí,No,,,,,,No,No,No,,No,Sí,No,,No,No,4,,,,,,,,
Peirano,GS-B-02300,21/10/2025 10:21:09,,agueroluquerocio@gmail.com,Pasaje Uriarte 1337,,,,Lautaro,,,,,2,0,No hay menores,Sí,0,No,,No,,No,,Sí,Sí,No,,,,,,No,No,No,,No,No residen niños en el hogar,No,,No,No lo sé,3,,,,,,,,
Peirano,GS-B-02301,21/10/2025 10:22:17,,saritacarranza2022@gmail.com,Agustín tosco 993,,,,Silvia,,,3584111807,,2,0,No hay menores,Sí,0,No,,No,,No,,Sí,Sí,No,,,,,,No,No,No,,No,No residen niños en el hogar,Sí,S24 Alberdi,Sí,No,4,,,,,,,,
Peirano,GS-B-02302,21/10/2025 10:25:30,,natyvgomez2011@gmail.com,Psj junco 1450,,,,Vanesa maldonado,,,3585619149,,9,1,Sí,Sí,1,Sí,No,Sí,,Sí,,Sí,Sí,No,,,,,,Sí,Sí,No,,No,Sí,Sí,Centro Periférico 9,Sí,No,2,,,,,,,,
Peirano,GS-B-02303,21/10/2025 10:29:33,,saritacarranza2022@gmail.com,Agustín tosco 961,,,,Silvia quirici,,,3585609948,,5,2,Sí,No,0,No,,Sí,,No,,Sí,Sí,Sí,"Discapacidad intelectual: Comprende condiciones que afectan el funcionamiento cognitivo y la capacidad de aprendizaje, como el síndrome de Down y otros trastornos del desarrollo intelectual.",Sí,No,,,No,No,No,,No,Sí,Sí,Centro Periférico 11,Sí,No,3,,,,,,,,
Peirano,GS-B-02304,21/10/2025 10:31:01,,agueroluquerocio@gmail.com,Manuelita Rosas 854,,,,Emiliano,,,,,4,2,Sí,No,0,No,,Sí,,No,,Sí,Sí,No,,,,,,No,No,No,,No,Sí,Sí,S24 Alberdi,No,No,4,,,,,,,,
Peirano,GS-B-02305,21/10/2025 10:37:22,,saritacarranza2022@gmail.com,Agustín tosco 947,,,,Adela,,,3584247695,,3,1,Sí,Sí,0,No,,Sí,,Sí,,Sí,Sí,Sí,"Discapacidad intelectual: Comprende condiciones que afectan el funcionamiento cognitivo y la capacidad de aprendizaje, como el síndrome de Down y otros trastornos del desarrollo intelectual.",Sí,No,,,No,No,No,,No,Sí,Sí,Centro Periférico 11,Sí,No,3,,,,,,,,
Peirano,GS-B-02306,21/10/2025 10:40:02,,noeliaben89@gmail.com,Manuelita rosas 760,,,,Cintia,,,,,4,2,Sí,No,0,No,,No,,No,,Sí,Sí,No,,,,,,No,,,,No,Sí,No,Centro de Salud Oncativo,No,No,4,,,,,,,,
Peirano,GS-B-02307,21/10/2025 10:41:20,,natyvgomez2011@gmail.com,F de Junco 1449,,,,Rafael .,,,3584178568,,2,0,No hay menores,Sí,0,Sí,No,No,,No,,Sí,No,No,,,,,,Sí,Sí,No,,No,No residen niños en el hogar,No,,Sí,No,4,,,,,,,,
Peirano,GS-B-02308,21/10/2025 10:43:38,,saritacarranza2022@gmail.com,Agustín tosco 925,,,,Ayelen,,,3584927397,,7,3,Sí,No,0,No,,Sí,,No,,Sí,Sí,No,,,,,,No,No,No,,No,Sí,Sí,Centro Periférico 11,No,No,3,,,,,,,,
Peirano,GS-B-02309,21/10/2025 10:52:58,,saritacarranza2022@gmail.com,Agustin tosco 753,,,,Sonia olguin,,,,,2,0,No hay menores,No,0,No,,No,,No,,Sí,Sí,No,,,,,,No,No,No,,No,No residen niños en el hogar,Sí,Centro Periférico 11,Sí,No,3,,,,,,,,
IPV Banda Norte,GS-B-02310,26/11/2025 9:30:36,,jaelrolon1@gmail.com,José Brochero 769,,,,,,,,,4,2,Sí,No,0,No,,No,,No,,Sí,Sí,No,,,,,,No,,,,No,Sí,Sí,S24 Banda Norte,No,No,3,,,,,,,,
IPV Banda Norte,GS-B-02311,26/11/2025 9:30:47,,noeliaben89@gmail.com,Mariano fragueiro 1275 D20,,,,Edith,,,,,1,0,No hay menores,No,0,No,,Sí,,Sí,,No,No,No,,,,,,Sí,Sí,Sí,Banda Norte Isabela católica,No,No residen niños en el hogar,Sí,Centro Periférico 13,Sí,No,4,,,,,,,,
IPV Banda Norte,GS-B-02312,26/11/2025 9:30:52,,mcrosetto224@gmail.com,Mojarte 576,,,,,,,,,3,1,Sí,Sí,,No,,No,,No,,Sí,Sí,No,,,,,,No,No,No,,No,Sí,No,,No,No,4,,,,,,,,
IPV Banda Norte,GS-B-02313,26/11/2025 9:31:09,,robledobrendaayelen25@gmail.com,Amadeo Mozart 550,,,,Walter Oscar Arguello,,,,,2,0,No hay menores,No,0,No,,No,,No,,Sí,Sí,No,,,,,,Sí,Sí,Sí,La Agustina,No,No residen niños en el hogar,Sí,Centro Periférico 13,Sí,No,4,,,,,,,,
IPV Banda Norte,GS-B-02314,26/11/2025 9:34:41,,mcrosetto224@gmail.com,Mojart 572,,,,,,,,,2,0,No hay menores,No,,No,,No,,No,,Sí,Sí,No,,,,,,No,No,No,,No,No residen niños en el hogar,No,,No,No lo sé,4,,,,,,,,
IPV Banda Norte,GS-B-02315,26/11/2025 9:35:02,,gabrielarte80@gmail.com,,,,,Fernández Edid Graciela,,,,,5,4,No,No,0,No,,Sí,,No,,Sí,Sí,No,,,,,,Sí,Sí,No,,No,Sí,Sí,Centro Periférico 13,No,No,4,,,,,,,,
IPV Banda Norte,GS-B-02316,26/11/2025 9:37:41,,noeliaben89@gmail.com,Mariano fragueiro 1280,,,,Juan,,,,,2,0,No hay menores,No,0,No,,No,,No,,No,Sí,No,,,,,,Sí,No,No,,No,No residen niños en el hogar,No,,Sí,No,4,,,,,,,,
IPV Banda Norte,GS-B-02317,26/11/2025 9:39:25,,lucaspinfer15@gmail.com,,,,,,,,,,2,2,No hay menores,No,0,No,,No,,No,,Sí,Sí,No,,,,,,No,No,No,,No,Sí,Sí,Centro Periférico 13,Sí,No,4,,,,,,,,
IPV Banda Norte,GS-B-02318,26/11/2025 9:40:04,,robledobrendaayelen25@gmail.com,Lope de Vega 1525,,,,Norma,,,,,1,0,No hay menores,No,0,No,,Sí,,No,,Sí,Sí,Sí,"Discapacidad física: Incluye limitaciones en la movilidad y funciones físicas, como la paraplejia, amputaciones y trastornos del movimiento.",No,No,,,Sí,Sí,No,,No,No residen niños en el hogar,No,,No,No,3,,,,,,,,
IPV Banda Norte,GS-B-02319,26/11/2025 9:43:18,,jaelrolon1@gmail.com,Pje. José Brochero 736,,,,Analia Quero,,,3585486685,,6,4,Sí,Sí,1,No,,No,,No,,Sí,Sí,No,,,,,,No,,,,No,Sí,Sí,Centro Periférico 13,Sí,No,4,,,,,,,,
IPV Banda Norte,GS-B-02320,26/11/2025 9:43:50,,gabrielarte80@gmail.com,,,,,,,,,,4,2,Sí,No,0,No,,No,,No,,Sí,Sí,Sí,"Discapacidad intelectual: Comprende condiciones que afectan el funcionamiento cognitivo y la capacidad de aprendizaje, como el síndrome de Down y otros trastornos del desarrollo intelectual.",Sí,No,,,No,No,No,,No,Sí,Sí,Centro Periférico 13,No,No,4,,,,,,,,
IPV Banda Norte,GS-B-02321,26/11/2025 9:44:53,,moyanofacundo88@gmail.com,Saul taborda 1390,,,,Carla,,,3584317075,,2,0,No hay menores,No,0,No,,No,,No,,Sí,Sí,No,,,,,,No,No,No,,Sí,No residen niños en el hogar,No,,No,No,4,,,,,,,,
IPV Banda Norte,GS-B-02322,26/11/2025 9:48:32,,tefitesio80@gmail.com,Fragueiro 1295 mE dpto16,,,,Ángel,,,3585064481,,5,1,Sí,No,0,No,,Sí,,No,,Sí,Sí,Sí,"Discapacidad intelectual: Comprende condiciones que afectan el funcionamiento cognitivo y la capacidad de aprendizaje, como el síndrome de Down y otros trastornos del desarrollo intelectual.",Sí,No,,Por la edad,Sí,Sí,No,,No,No lo sé,Sí,Centro Periférico 13,Sí,No,4,,,,,,,,
IPV Banda Norte,GS-B-02323,26/11/2025 9:49:05,,amayapaz728@gmail.com,Pasaje Brochero 730,,,,,,,,,5,2,Sí,No,0,No,,No,,No,,Sí,Sí,No,,,,,,No,No,No,,No,Sí,Sí,Centro Periférico 13,No,No lo sé,4,,,,,,,,
IPV Banda Norte,GS-B-02324,26/11/2025 9:50:13,,robledobrendaayelen25@gmail.com,Peru 526,,,,Juan Carlos,,,,,2,0,No hay menores,No,0,No,,No,,No,,Sí,Sí,No,,,,,,No,No,No,,No,No residen niños en el hogar,Sí,Centro Periférico 13,No,No,3,,,,,,,,
IPV Banda Norte,GS-B-02325,26/11/2025 9:52:50,,moyanofacundo88@gmail.com,Buteler 741,,,,Ines rodriguez,,,3586543063,,4,2,Sí,No,0,No,,Sí,,No,,Sí,Sí,No,,,,,,No,No,No,,No,Sí,Sí,Centro Periférico 15,No,No,4,,,,,,,,
IPV Banda Norte,GS-B-02326,26/11/2025 9:53:05,,gabrielarte80@gmail.com,,,,,Ashley,,,,,4,1,Sí,No,0,No,,Sí,,No,,Sí,No,No,,,,,,No,No,No,,No,Sí,Sí,Centro Periférico 13,No,No,4,,,,,,,,
IPV Banda Norte,GS-B-02327,26/11/2025 9:55:46,,amayapaz728@gmail.com,Pasaje brochero 702,,,,Mirta,,,,,1,0,No hay menores,No,0,No,,No,,No,,Sí,Sí,No,,,,,,Sí,Sí,No,,No,No residen niños en el hogar,Sí,Centro Periférico 13,Sí,No,2,,,,,,,,
IPV Banda Norte,GS-B-02328,26/11/2025 9:57:44,,robledobrendaayelen25@gmail.com,Mariano fragueiro 1239,,,,Tonello Mariela,,,,,2,0,No hay menores,No,0,No,,No,,No,,Sí,Sí,No,,,,,,No,No,No,,No,No residen niños en el hogar,No,,Sí,No,4,,,,,,,,
IPV Banda Norte,GS-B-02329,26/11/2025 9:58:32,,mcrosetto224@gmail.com,Perú 769,,,,,,,,,1,0,No hay menores,No,0,No,,No,,No,,Sí,Sí,No,,,,,,No,No,No,,No,No residen niños en el hogar,No,,No,No,4,,,,,,,,
IPV Banda Norte,GS-B-02330,26/11/2025 10:00:45,,tefitesio80@gmail.com,Roberto Payró 1300 MA dpto 15,,,,Olga,,,3584111639,,1,0,No hay menores,No,0,No,,No,,No,,Sí,No,No,,,,,,Sí,Sí,Sí,Isabel la católica,No,No residen niños en el hogar,Sí,Centro Periférico 13,No,No,4,,,,,,,,
IPV Banda Norte,GS-B-02331,26/11/2025 10:00:49,,noeliaben89@gmail.com,Monoblock A dpto 4,,,,Juan carlos,,,,,3,0,No hay menores,No,0,No,,No,,No,,No,No,No,,,,,,Sí,Sí,No,,No,No residen niños en el hogar,No,Centro Periférico 13,Sí,No,3,,,,,,,,
IPV Banda Norte,GS-B-02332,26/11/2025 10:04:19,,mcrosetto224@gmail.com,Pairo 1220,,,,,,,Pairo 1220,,4,2,Sí,No,,No,,No,,No,,Sí,Sí,No,,,,,,No,No,No,,No,Sí,Sí,Centro Periférico 13,No,No,4,,,,,,,,
IPV Banda Norte,GS-B-02333,26/11/2025 10:05:55,,noeliaben89@gmail.com,Monoblock D,,,,Estela,,,,,2,0,No hay menores,No,0,No,,Sí,,No,,Sí,Sí,No,,,,,,Sí,Sí,No,,No,No residen niños en el hogar,Sí,Centro Periférico 13,Sí,No,4,,,,,,,,
IPV Banda Norte,GS-B-02334,26/11/2025 10:06:09,,amayapaz728@gmail.com,Taborda 1214,,,,,,,,,3,0,No hay menores,No,0,No,,No,,No,,Sí,Sí,Sí,"Discapacidad intelectual: Comprende condiciones que afectan el funcionamiento cognitivo y la capacidad de aprendizaje, como el síndrome de Down y otros trastornos del desarrollo intelectual.",Sí,No,,No le interesa,Sí,Sí,Sí,Al frente de la municipalidad,No,No residen niños en el hogar,Sí,Centro Periférico 13,Sí,No,4,,,,,,,,
IPV Banda Norte,GS-B-02335,26/11/2025 10:06:18,,jaelrolon1@gmail.com,Taborda 1213,,,,,,,,,2,0,No hay menores,No,0,No,,No,,No,,Sí,Sí,No,,,,,,Sí,Sí,No,,No,No residen niños en el hogar,No,,No,No,4,,,,,,,,
IPV Banda Norte,GS-B-02336,26/11/2025 10:08:19,,mcrosetto224@gmail.com,Payro 1240,,,,Hta,,,,,2,0,No hay menores,No,,No,,No,,No,,Sí,Sí,No,,,,,,Sí,Sí,No,,No,No residen niños en el hogar,Sí,Centro Periférico 13,Sí,No,4,,,,,,,,
IPV Banda Norte,GS-B-02337,26/11/2025 10:09:54,,tefitesio80@gmail.com,R Payró 1270 M A dpto 11,,,,Betiana,,,3584191292,,2,1,Sí,No,0,No,,No,,No,,Sí,Sí,No,,,,,,No,No,No,,No,Sí,Sí,Centro Periférico 13,No,No,4,,,,,,,,
IPV Banda Norte,GS-B-02338,26/11/2025 10:12:44,,jaelrolon1@gmail.com,Perú 671,,,,Ana,,,,,2,0,No hay menores,No,0,No,,No,,No,,Sí,No,No,,,,,,Sí,Sí,No,,No,No residen niños en el hogar,No,,No,No,4,,,,,,,,
IPV Banda Norte,GS-B-02339,26/11/2025 10:14:51,,gabrielarte80@gmail.com,Mariano Frageiro 1295 ME pto95,,,,Ferreyra Eva,,,,,3,3,No hay menores,No,0,No,,No,,No,,Sí,Sí,No,,,,,,Sí,Sí,No,,No,No residen niños en el hogar,No,,Sí,No,2,,,,,,,,
IPV Banda Norte,GS-B-02340,26/11/2025 10:19:21,,amayapaz728@gmail.com,Perú 639,,,,,,,,,2,0,No hay menores,No,0,No,,No,,No,,No,No,No,,,,,,Sí,Sí,No,,No,No residen niños en el hogar,Sí,Centro Periférico 13,Sí,No,2,,,,,,,,
IPV Banda Norte,GS-B-02341,26/11/2025 10:22:12,,gabrielarte80@gmail.com,,,,,Patricia,,,,,4,3,No,No,0,No,,No,,No,,Sí,Sí,No,,,,,,No,,,,No,Sí,Sí,Centro Periférico 13,Sí,No,2,,,,,,,,
IPV Banda Norte,GS-B-02342,26/11/2025 10:22:39,,noeliaben89@gmail.com,Fragueiro 1275,,,,Anto,,,,,3,1,Sí,No,0,No,,Sí,,No,,No,Sí,No,,,,,,No,No lo sé,No,,No,Sí,Sí,Centro Periférico 13,No,No,4,,,,,,,,
IPV Banda Norte,GS-B-02343,26/11/2025 10:27:02,,amayapaz728@gmail.com,Eduardo Jenner 1225,,,,,,,,,2,0,No hay menores,Sí,0,No,,No,,No,,Sí,Sí,No,,,,,,Sí,Sí,No,,No,No residen niños en el hogar,Sí,Centro Periférico 13,Sí,No,4,,,,,,,,
IPV Banda Norte,GS-B-02344,26/11/2025 10:34:26,,gabrielarte80@gmail.com,,,,,Rosana,,,,,3,0,No hay menores,No,0,No,,No,,No,,Sí,Sí,Sí,"Discapacidad psicosocial: Abarca trastornos mentales y emocionales que afectan la interacción social y la salud emocional, como la depresión, la ansiedad y la esquizofrenia.",Sí,Sí,Futbol Centro 11,,No,,,,No,Sí,No,,No,No,4,,,,,,,,
IPV Banda Norte,GS-B-02345,26/11/2025 10:37:04,,jaelrolon1@gmail.com,Taborda 1282,,,,,,,,,2,0,No hay menores,No,0,No,,No,,No,,Sí,Sí,No,,,,,,Sí,Sí,No,,No,No residen niños en el hogar,Sí,Centro Periférico 13,No,No,4,,,,,,,,
IPV Banda Norte,GS-B-02346,26/11/2025 10:42:15,,tefitesio80@gmail.com,MH dpto pta baja,,,,Juan,,,3584124196,,4,0,No hay menores,No,0,No,,Sí,,No,,Sí,No,Sí,"Discapacidad física: Incluye limitaciones en la movilidad y funciones físicas, como la paraplejia, amputaciones y trastornos del movimiento.",No lo sé,No,,Es reciente,Sí,Sí,No,,No,Sí,Sí,"Hospital Regional ""San Antonio de Padua""",No lo sé,No,1,,,,,,,,
IPV Banda Norte,GS-B-02347,26/11/2025 10:42:16,,noeliaben89@gmail.com,Monoblock H pb,,,,Cristian,,,,,3,1,Sí,No,0,No,,Sí,,Sí,,Sí,Sí,No,,,,,,Sí,Sí,No,,No,Sí,Sí,Centro Periférico 13,Sí,No,3,,,,,,,,
IPV Banda Norte,GS-B-02348,26/11/2025 10:51:20,,tefitesio80@gmail.com,Taborda 1320 Mk dpto16,,,,Jennie,,,3585071425,,6,4,Sí,No,0,No,,No,,Sí,,Sí,Sí,No,,,,,,No,,,,No,Sí,Sí,Centro Periférico 13,No,No,3,,,,,,,,
IPV Banda Norte,GS-B-02349,26/11/2025 11:00:32,,gabrielarte80@gmail.com,,,,,Luisa,,,,,4,4,No hay menores,No,0,Sí,Sí,No,,No,,Sí,Sí,Sí,"Discapacidad múltiple: Se refiere a personas que presentan combinaciones de dos o más tipos de discapacidad, afectando diversas áreas de su vida.",Sí,Sí,Centro 11 Natación y Deporte,,Sí,Sí,No,,No,No residen niños en el hogar,Sí,Centro Periférico 13,Sí,No,1,,,,,,,,
Las Delicias,GS-B-02350,17/12/2025 9:27:44,,nani.83chaves@gmail.com,Chile 1100,,,,Lucia,,,,,3,1,Sí,No,,No,,Sí,,No,,Sí,Sí,No,,,,,,No,,,,No,Sí,Sí,Centro Periférico 8,No,No,4,,,,,,,,
Las Delicias,GS-B-02351,17/12/2025 9:28:22,,maxibuch87@gmail.com,Chile 1100,,,,Analía Bengolea,,,3584013215,,6,2,Sí,No,,No,,No,,Sí,,Sí,Sí,Sí,"Discapacidad intelectual: Comprende condiciones que afectan el funcionamiento cognitivo y la capacidad de aprendizaje, como el síndrome de Down y otros trastornos del desarrollo intelectual.",Sí,No,,,No,,,,No,Sí,No,,No,No,2,,,,,,,,
Las Delicias,GS-B-02352,17/12/2025 9:33:24,,robledobrendaayelen25@gmail.com,José deramo 200,,,,José Luis correa,,,,,2,0,No hay menores,No,0,No,,No,,No,,Sí,Sí,No,,,,,,No,No,No,,No,No residen niños en el hogar,Sí,Centro Periférico 8,Sí,No,2,,,,,,,,
Las Delicias,GS-B-02353,17/12/2025 9:36:47,,kirara.kyuden@gmail.com,Qena 1204,,,,,,,,,4,0,No hay menores,No,0,No,,No,,No,,Sí,Sí,No,,,,,,Sí,Sí,No,,No,No residen niños en el hogar,Sí,Centro Periférico 8,No,No,3,,,,,,,,
Las Delicias,GS-B-02354,17/12/2025 9:37:46,,maxibuch87@gmail.com,Chile 1157,,,,Ana Paula Gonzalez,,,,,6,4,No,No,,No,,Sí,,Sí,,Sí,Sí,No,,,,,,No,,,,No,Sí,Sí,Centro Periférico 8,No,No,4,,,,,,,,
Las Delicias,GS-B-02355,17/12/2025 9:38:50,,msoledadfrattari@gmail.com,José Deramo 285,,,,Reina,,,,,2,0,No,No,0,No,,No,,No,,Sí,Sí,No,,,,,,Sí,Sí,No,,No,Sí,Sí,Centro Periférico 8,No,No,3,,,,,,,,
Las Delicias,GS-B-02356,17/12/2025 9:41:54,,kg9793067@gmail.com,,,,,Rocio,,,3584162495,,4,2,Sí,No,,No,,No,,No,,Sí,Sí,No,,,,,,No,,,,No,Sí,No,,Sí,No,4,,,,,,,,
Las Delicias,GS-B-02357,17/12/2025 9:43:45,,kirara.kyuden@gmail.com,Qena 1257,,,,,,,,,3,0,No hay menores,No,0,No,,No,,No,,Sí,Sí,No,,,,,,Sí,Sí,No,,No,No residen niños en el hogar,No,,No,No,4,,,,,,,,
Las Delicias,GS-B-02358,17/12/2025 9:44:06,,robledobrenda91@gmail.com,José deramo 203,,,,Taboada noemi,,,3586025065,,8,3,Sí,No,0,No,,Sí,,No,,Sí,Sí,No,,,,,,No,No,No,,No,Sí,Sí,Centro Periférico 8,No,No,2,,,,,,,,
Las Delicias,GS-B-02359,17/12/2025 9:48:04,,maxibuch87@gmail.com,Chile 1260 primera casa,,,,Lidia Valencia Cartagena,,,3585061182,,4,0,No hay menores,No,,No,,No,,No,,Sí,Sí,No,,,,,,No,,,,No,No residen niños en el hogar,Sí,Centro Periférico 8,Sí,No,4,,,,,,,,
Las Delicias,GS-B-02360,17/12/2025 9:48:27,,jaelrolon1@gmail.com,Domingo Ficco 322,,,,Gianfranco,,,3584160577,,4,1,Sí,No,0,No,,No,,No,,Sí,Sí,No,,,,,,No,No,No,,No,Sí,Sí,Centro Periférico 8,No,No,4,,,,,,,,
Las Delicias,GS-B-02361,17/12/2025 9:48:30,,nani.83chaves@gmail.com,Chile 1200 casa 3,,,,Ines,,,,,7,4,Sí,No,0,No,,No,,Sí,,Sí,Sí,Sí,"Discapacidad física: Incluye limitaciones en la movilidad y funciones físicas, como la paraplejia, amputaciones y trastornos del movimiento.",No,No,,,Sí,Sí,No,,No,Sí,Sí,Centro Periférico 8,Sí,No,4,,,,,,,,
Las Delicias,GS-B-02362,17/12/2025 9:49:28,,gferrer214@gmail.com,Jose Deramo 287,,,,Patricia,,,,,4,1,Sí,No,1,No,,Sí,,No,,Sí,Sí,Sí,"Discapacidad física: Incluye limitaciones en la movilidad y funciones físicas, como la paraplejia, amputaciones y trastornos del movimiento.",No,No,,,No,,,,No,Sí,Sí,Centro Periférico 16,Sí,No,2,,,,,,,,
Las Delicias,GS-B-02363,17/12/2025 9:52:24,,kirara.kyuden@gmail.com,Qena 1307,,,,,,,,,6,3,Sí,No,0,No,,No,,No,,Sí,Sí,Sí,"Discapacidad del aprendizaje: Incluye dificultades específicas de aprendizaje, como la dislexia y el trastorno por déficit de atención e hiperactividad (TDAH).",Sí,No,,Solo va a la escuela y no tiene tiempo,No,,,,No,Sí,Sí,Centro Periférico 8,Sí,Prefiero no decirlo,3,,,,,,,,
Las Delicias,GS-B-02364,17/12/2025 9:53:24,,amayapaz728@gmail.com,,,,,,,,,,4,2,Sí,No,0,No,,Sí,,No,,Sí,Sí,No,,,,,,No,No,,,No,Sí,Sí,S24 Banda Norte,No,No,3,,,,,,,,
Las Delicias,GS-B-02365,17/12/2025 9:54:08,,kg9793067@gmail.com,Pasaje Nicolas finola 1433,,,,Melina,,,3585734912,,4,2,Sí,Sí,0,No,,No,,No,,Sí,Sí,Sí,Discapacidad sensorial: Agrupa la pérdida de capacidades auditivas (sordera) y visuales (ceguera y baja visión).,Sí,No,,No sabe sabe si hay programas,Sí,No,No,,No,Sí,Sí,Centro Periférico 8,Sí,No,4,,,,,,,,
Las Delicias,GS-B-02366,17/12/2025 9:54:20,,subsecretariadelasmujeresrio4@gmail.com,Chile 1596,,,,Miguel quevedo,,,3585605730,,2,0,No hay menores,No,0,No lo sé,,No,,No,,Sí,No,No,,,,,,Sí,Sí,Sí,Banda norte,No,No residen niños en el hogar,No,,Sí,No,2,,,,,,,,
Las Delicias,GS-B-02367,17/12/2025 9:56:26,,andreadascencio@gmail.com,Domingo Fico 325,,,,Alejandra Balliario,,,3584848893,,2,2,No,No,0,Sí,No,Sí,,No,,Sí,Sí,Sí,"Discapacidad física: Incluye limitaciones en la movilidad y funciones físicas, como la paraplejia, amputaciones y trastornos del movimiento.",No,No,,Le falta un riñón y no puede hacer fuerza,Sí,No,No,,No,No residen niños en el hogar,Sí,Centro Periférico 8,Sí,No,4,,,,,,,,
Las Delicias,GS-B-02368,17/12/2025 9:58:25,,maxibuch87@gmail.com,Chile 1278,,,,Elida Rosa Molina,,,3584288108,,4,1,Sí,No,,No,,No,,No,,Sí,Sí,Sí,"Discapacidad psicosocial: Abarca trastornos mentales y emocionales que afectan la interacción social y la salud emocional, como la depresión, la ansiedad y la esquizofrenia.",No,No,,,Sí,Sí,No,,No,Sí,No,,No,Sí,3,,,,,,,,
Las Delicias,GS-B-02369,17/12/2025 9:59:08,,robledobrendaayelen25@gmail.com,José Deramo 215,,,,Roxana mamani,,,358 4366132,,5,1,No,Sí,1,No,,Sí,,Sí,,Sí,No,Sí,"Discapacidad intelectual: Comprende condiciones que afectan el funcionamiento cognitivo y la capacidad de aprendizaje, como el síndrome de Down y otros trastornos del desarrollo intelectual.",Sí,Sí,Participaba del taller Tobar garcia,Cierre de actividades,No,No,No,,No,Sí,Sí,Centro Periférico 8,No,No,4,,,,,,,,
Las Delicias,GS-B-02370,17/12/2025 9:59:20,,carlaveronicarusso@gmail.com,Ruben agüero 1700,,,,Cecilia Serrano,,,,,2,0,No hay menores,Sí,,Sí,No,No,,Sí,,No,No,Sí,"Discapacidad múltiple: Se refiere a personas que presentan combinaciones de dos o más tipos de discapacidad, afectando diversas áreas de su vida.",No,No,,,Sí,Sí,No,,No,No residen niños en el hogar,No,,Sí,No,2,,,,,,,,
Las Delicias,GS-B-02371,17/12/2025 10:00:33,,paula.soledad.morales@gmail.com,Domingo ficco 405,,,,Jessica,,,,,3,1,Sí,No,,No,,No,,No,,Sí,Sí,No,,,,,,No,,,,No,Sí,Sí,Centro Periférico 8,No,No,3,,,,,,,,
Las Delicias,GS-B-02372,17/12/2025 10:01:23,,kirara.kyuden@gmail.com,Qena 1285,,,,,,,,,5,2,Sí,No,0,No,,Sí,,No,,Sí,Sí,No,,,,,,No,,,,No,Sí,Sí,Centro Periférico 8,No,No,4,,,,,,,,
Las Delicias,GS-B-02373,17/12/2025 10:03:17,,amayapaz728@gmail.com,Chile 1557,,,,Sheila.,,,3584325182,,2,0,No hay menores,No,0,No,,No,,No,,Sí,No,No,,,,,,No,No,,,No,No,Sí,S24 Banda Norte,No,No,2,,,,,,,,
Las Delicias,GS-B-02374,17/12/2025 10:04:37,,kg9793067@gmail.com,Pasaje finola 1459,,,,Natalia,,,,,6,2,Sí,No,,No,,No,,No,,Sí,Sí,No,,,,,,Sí,Sí,No,,No,Sí,No,,No,No,4,,,,,,,,
Las Delicias,GS-B-02375,17/12/2025 10:05:44,,andreadascencio@gmail.com,,,,,Santa magdalena ferreyra,,,3584848893,,1,0,No,Sí,0,No,,Sí,,No,,No,No,No,,,,,,Sí,Sí,Sí,Isabel la catolica,No,No,Sí,,Sí,No,4,,,,,,,,
Las Delicias,GS-B-02376,17/12/2025 10:06:28,,msoledadfrattari@gmail.com,Colombia 1431,,,,Maria,,,,,3,0,No,Sí,0,Sí,No,Sí,,No,,Sí,No,No,,,,,,Sí,Sí,No,,No,Sí,Sí,Centro Periférico 8,Sí,No,2,,,,,,,,
Las Delicias,GS-B-02377,17/12/2025 10:06:33,,maxibuch87@gmail.com,Chile 1302,,,,Lautaro taglialenga,,,3584856468,,4,1,Sí,No,,No,,Sí,,Sí,,Sí,Sí,No,,,,,,No,,,,No,Sí,Sí,Centro Periférico 8,Sí,No,3,,,,,,,,
Las Delicias,GS-B-02378,17/12/2025 10:07:33,,subsecretariadeninezr4@gmail.com,Quena 1179,,,,Katerin irastorza,,,,,4,2,Sí,No,0,No,,No,,No,,Sí,Sí,No,,,,,,No,No,No,,No,Sí,No,,No,No,4,,,,,,,,
Las Delicias,GS-B-02379,17/12/2025 10:08:06,,nani.83chaves@gmail.com,Chile 1353,,,,Agustin,,,,,5,1,Sí,Sí,,No,,No,,No,,Sí,Sí,Sí,"Discapacidad física: Incluye limitaciones en la movilidad y funciones físicas, como la paraplejia, amputaciones y trastornos del movimiento.",Sí,No,Talleres andino. Orientación laboral.,,No,,,,No,Sí,No,,No,No,4,,,,,,,,
Las Delicias,GS-B-02380,17/12/2025 10:08:39,,jaelrolon1@gmail.com,Domingo Ficco 429,,,,Silvia Muñoz,,,3584173412,,6,0,No hay menores,No,0,No,,No,,No,,Sí,Sí,Sí,"Discapacidad múltiple: Se refiere a personas que presentan combinaciones de dos o más tipos de discapacidad, afectando diversas áreas de su vida.",Sí,No,,Lo hace de manera particular y privada,Sí,Sí,No,,No,Sí,Sí,Centro Periférico 8,Sí,No,4,,,,,,,,
Las Delicias,GS-B-02381,17/12/2025 10:08:40,,subsecretariadelasmujeresrio4@gmail.com,Chile 1570,,,,Silvia kober,,,3585144491,,6,1,No,No,0,Sí,No,Sí,,No,,Sí,Sí,Sí,"Discapacidad intelectual: Comprende condiciones que afectan el funcionamiento cognitivo y la capacidad de aprendizaje, como el síndrome de Down y otros trastornos del desarrollo intelectual.",No,No,,,Sí,Sí,No,,No,Sí,Sí,Centro Periférico 8,No,No,3,,,,,,,,
Las Delicias,GS-B-02382,17/12/2025 10:09:53,,carlaveronicarusso@gmail.com,Rubro agüero 1670,,,,Altamirano lucrecia,,,3585145571,,7,5,Sí,Sí,3,Sí,No,Sí,,No,,Sí,Sí,Sí,"Discapacidad intelectual: Comprende condiciones que afectan el funcionamiento cognitivo y la capacidad de aprendizaje, como el síndrome de Down y otros trastornos del desarrollo intelectual.",Sí,No,,Porque no sabian,No,No,No,,No,Sí,Sí,Centro Periférico 8,No,No lo sé,3,,,,,,,,
Las Delicias,GS-B-02383,17/12/2025 10:10:03,,amayapaz728@gmail.com,,,,,,,,,,5,2,Sí,No,0,No,,No,,No,,Sí,Sí,No,,,,,,Sí,No,,,No,Sí,Sí,Centro Periférico 8,Sí,No,2,,,,,,,,
Las Delicias,GS-B-02384,17/12/2025 10:11:56,,kg9793067@gmail.com,Pasaje finola 1426,,,,Ramon peralta,,,,,1,0,No hay menores,Sí,,No,,No,,No,,No,No,No,,,,,,No,,,,No,No residen niños en el hogar,Sí,Centro Periférico 8,Sí,No,4,,,,,,,,
Las Delicias,GS-B-02385,17/12/2025 10:12:00,,robledobrendaayelen25@gmail.com,Colombia 1432,,,,Alejandra,,,,,4,2,Sí,Sí,0,No,,No,,No,,Sí,Sí,No,,,,,,No,,,,No,Sí,Sí,Centro Periférico 2,No,No,4,,,,,,,,
Las Delicias,GS-B-02386,17/12/2025 10:14:57,,kirara.kyuden@gmail.com,Qena 1300,,,,,,,,,4,0,No hay menores,No,,No,,No,,No,,Sí,Sí,No,,,,,,No,,,,No,Sí,Sí,Centro Periférico 8,No,No,3,,,,,,,,
Las Delicias,GS-B-02387,17/12/2025 10:15:21,,carlaveronicarusso@gmail.com,Rubro agüero 1658,,,,Altamirano Rita,,,,,3,2,Sí,No,0,Sí,No,Sí,,No,,Sí,Sí,No,,,,,,No,No,No,,No,Sí,Sí,Centro Periférico 8,No,No lo sé,3,,,,,,,,
Las Delicias,GS-B-02388,17/12/2025 10:18:11,,gferrer214@gmail.com,Colombia 1533,,,,Facundo,,,,,4,2,Sí,No,0,No,,No,,No,,Sí,Sí,No,,,,,,No,,,,No,Sí,No,,No,No,4,,,,,,,,
Las Delicias,GS-B-02389,17/12/2025 10:18:25,,paula.soledad.morales@gmail.com,Domingo ficco 483,,,,Johana,,,,,7,5,Sí,Sí,,No,,No,,No,,Sí,Sí,No,,,,,,No,,,,No,Sí,Sí,Centro Periférico 16,No,No,4,,,,,,,,
Las Delicias,GS-B-02390,17/12/2025 10:19:02,,subsecretariadelasmujeresrio4@gmail.com,Chile 1494,,,,Susana berte,,,,,3,0,No hay menores,No,0,No,,Sí,,No,,Sí,Sí,No,,,,,,Sí,Sí,No,,No,No residen niños en el hogar,Sí,Centro Periférico 8,Sí,No,3,,,,,,,,
Las Delicias,GS-B-02391,17/12/2025 10:19:42,,subsecretariadeninezr4@gmail.com,Quena 1175,,,,Maria beatriz vega,,,,,4,1,No,Sí,1,No,,Sí,,No,,Sí,Sí,No,,,,,,No,No,No,,No,Sí,Sí,Centro Periférico 8,No,No,2,,,,,,,,
Las Delicias,GS-B-02392,17/12/2025 10:20:05,,carlaveronicarusso@gmail.com,Ruben agüero 1665,,,,Diaz Malena,,,,,5,3,Sí,No,0,Sí,No,Sí,,Sí,,Sí,Sí,Sí,"Discapacidad intelectual: Comprende condiciones que afectan el funcionamiento cognitivo y la capacidad de aprendizaje, como el síndrome de Down y otros trastornos del desarrollo intelectual.",Sí,No,,No sabia,No,No,,,No,Sí,Sí,Centro Periférico 8,Sí,No lo sé,3,,,,,,,,
Las Delicias,GS-B-02393,17/12/2025 10:20:28,,kg9793067@gmail.com,Pasaje finola 1480,,,,Lorena banegas,,,3584925051,,6,4,Sí,No,,No,,No,,No,,Sí,Sí,No,,,,,,No,,,,No,Sí,Sí,Centro Periférico 8,No,No,4,,,,,,,,
Las Delicias,GS-B-02394,17/12/2025 10:21:34,,maxibuch87@gmail.com,Chile 1380 segunda casa,,,,Nicolle Sánchez,,,3585717903,,4,2,Sí,No,0,No,,No,,No,,Sí,Sí,Sí,"Discapacidad múltiple: Se refiere a personas que presentan combinaciones de dos o más tipos de discapacidad, afectando diversas áreas de su vida.",Sí,Sí,Pileta al centro 11 y rehabilitación al Cermet,,No,,,,No,Sí,Sí,Centro de Salud Oncativo,No,No,4,,,,,,,,
Las Delicias,GS-B-02395,17/12/2025 10:24:20,,andreadascencio@gmail.com,Do.ingo ficción 428,,,,Paula navarro,,,3584851005,,1,0,No,Sí,0,No,,No,,No,,Sí,Sí,No,,,,,,No,No,No,,No,No,Sí,S24 Alberdi,No,No,4,,,,,,,,
Las Delicias,GS-B-02396,17/12/2025 10:24:53,,carlaveronicarusso@gmail.com,Colombia y Ruben agüero (esquina),,,,Milagros irusta,,,,,3,1,No,No,0,Sí,No,Sí,,No,,Sí,Sí,No,,,,,,No,No,No,,No,Sí,Sí,Centro Periférico 8,No,No,3,,,,,,,,
Las Delicias,GS-B-02397,17/12/2025 10:25:14,,robledobrenda91@gmail.com,Colombia 1480,,,,Carmen espindola,,,358 4257054,,2,0,No hay menores,No,,No,,No,,No,,Sí,No,No,,,,,,Sí,Sí,No,,No,No residen niños en el hogar,No,,Sí,No,2,,,,,,,,
Las Delicias,GS-B-02398,17/12/2025 10:26:51,,amayapaz728@gmail.com,,,,,,,,,,2,0,No hay menores,No,0,No,,No,,No,,Sí,No,Sí,"Discapacidad psicosocial: Abarca trastornos mentales y emocionales que afectan la interacción social y la salud emocional, como la depresión, la ansiedad y la esquizofrenia.",Sí,No,,No tiene cómo trasladarse,Sí,Sí,No,,No,No residen niños en el hogar,Sí,Centro Periférico 8,Sí,No,2,,,,,,,,
Las Delicias,GS-B-02399,17/12/2025 10:27:52,,subsecretariadelasmujeresrio4@gmail.com,Chile 1460,,,,Liliana olmedo,,,3585173565,,9,3,Sí,No,0,No,,Sí,,No,,Sí,Sí,No,,,,,,Sí,Sí,No,,Sí,Sí,Sí,Centro Periférico 8,Sí,No,3,,,,,,,,
Las Delicias,GS-B-02400,17/12/2025 10:29:36,,kg9793067@gmail.com,Pasaje finolac1486,,,,Sergio,,,3585174418,,1,0,No hay menores,No,0,No,,No,,No,,Sí,Sí,No,,,,,,No,,,,No,No residen niños en el hogar,Sí,Centro Periférico 8,No,No,2,,,,,,,,
Las Delicias,GS-B-02401,17/12/2025 10:32:37,,subsecretariadeninezr4@gmail.com,Colombia 1198,,,,Carlos plumari,,,3585045801,,3,0,No,No,0,No,,No,,No,,Sí,Sí,No,,,,,,Sí,No,No,,No,No lo sé,No,,Sí,No,2,,,,,,,,
Las Delicias,GS-B-02402,17/12/2025 10:35:25,,jaelrolon1@gmail.com,Pje. Nicolas Falcón 1474,,,,Ines quiroga,,,3585168683,,1,0,No hay menores,No,0,No,,No,,No,,Sí,No,No,,,,,,Sí,Sí,Sí,Banda norte,No,No residen niños en el hogar,No,Centro Periférico 8,Sí,No,4,,,,,,,,
Las Delicias,GS-B-02403,17/12/2025 10:40:30,,paula.soledad.morales@gmail.com,,,,,,,,,,5,3,Sí,Sí,,No,,No,,No,,Sí,Sí,No,,,,,,No,,,,No,Sí,Sí,Centro Periférico 16,No,No,3,,,,,,,,
Las Delicias,GS-B-02404,17/12/2025 10:46:39,,jaelrolon1@gmail.com,Pje. Nicolas Falcone 1419,,,,Patricia,,,,,3,1,Sí,No,0,No,,No,,No,,Sí,Sí,No,,,,,,No,No,No,,No,Sí,Sí,Centro Periférico 8,No,No,3,,,,,,,,
Las Delicias,GS-B-02405,17/12/2025 10:46:44,,paula.soledad.morales@gmail.com,Pasaje Nicolás Falcone 1410,,,,,,,,,2,0,No,No,,No,,No,,No,,Sí,Sí,No,,,,,,Sí,Sí,,,No,No residen niños en el hogar,Sí,Centro Periférico 16,Sí,No,3,,,,,,,,
Las Delicias,GS-B-02406,17/12/2025 10:47:42,,andreadascencio@gmail.com,Pje finolis q518,,,,Nacarro virginia,,,3584492042,,3,2,Sí,No,0,No,,Sí,,No,,Sí,Sí,No,,,,,,No,No,No,,No,Sí,Sí,S24 Banda Norte,No,No,4,,,,,,,,
Las Delicias,GS-B-02407,17/12/2025 10:59:37,,andreadascencio@gmail.com,Pje finolis 527,,,,Gergi a,,,,,3,3,Sí,No,0,No,,No,,No,,Sí,Sí,Sí,"Discapacidad intelectual: Comprende condiciones que afectan el funcionamiento cognitivo y la capacidad de aprendizaje, como el síndrome de Down y otros trastornos del desarrollo intelectual.",Sí,No,,Va al secundario,No,No,,,No,Sí,No,,No,No,4,,,,,,,,
San Martín,GS-B-02408,9/3/2026 9:28:01,,noeliaben89@gmail.com,Ruiz Diaz de guzmán 434,,,,Ivon,,,,,4,2,,No,0,No,,Sí,,No,,No,Sí,No,,,,,,No,No,,,No,Sí,Sí,Centro Periférico 2,Sí,No,4,No,No aplica,No aplica,Ns/Nc,Muy bien,Mal,Muy bien,Muy bien
San Martín,GS-B-02409,9/3/2026 9:33:12,,robledobrendaayelen25@gmail.com,León palier 413,,,,Leilen espinola,,,3585483753,,5,3,,No,0,No,,No,,No,,Sí,Sí,No,,,,,,No,No,No,,No,Sí,Sí,Centro Periférico 6,No,No,3,Sí,No lo sé,Algunos,Regular,Regular,Regular,Regular,Regular
San Martín,GS-B-02410,9/3/2026 9:34:30,,saritacarranza2022@gmail.com,Ruiz diaz de guzman 360,,,,Jesus omar pereyra,,,3584369463,,2,0,,No,0,No,,Sí,,No,,Sí,No,Sí,"Discapacidad física: Incluye limitaciones en la movilidad y funciones físicas, como la paraplejia, amputaciones y trastornos del movimiento.",Sí,No,,,Sí,Sí,Sí,,No,No residen niños en el hogar,Sí,Centro Periférico 6,No,No,2,No,No aplica,No aplica,Bien,Regular,Regular,Muy bien,Regular
San Martín,GS-B-02411,9/3/2026 9:35:26,,kg9793067@gmail.com,Raíz día de guzman,,,,Luis,,,3585131371,,5,3,,No,1,No,,No,,Sí,,Sí,Sí,No,,,,,,No,,,,No,Sí,Sí,Centro Periférico 10,No,No,1,No,,,Muy bien,Ns/Nc,Ns/Nc,Bien,Muy bien
San Martín,GS-B-02412,9/3/2026 9:37:16,,subsecretariadelasmujeresrio4@gmail.com,,,,,,,,,,6,4,,No,0,No,,No,,No,,Sí,No,No,,,,,,No,No,No,,No,Sí,Sí,Centro Periférico 6,No,No,2,No,No,,Bien,Regular,Regular,Regular,Regular
San Martín,GS-B-02413,9/3/2026 9:38:53,,melinacretton@gmail.com,Ruiz Diaz de Guzmán 365,,,,Rocio Belen,,,,,5,1,,Sí,0,No,,Sí,,Sí,,No,No,Sí,"Discapacidad intelectual: Comprende condiciones que afectan el funcionamiento cognitivo y la capacidad de aprendizaje, como el síndrome de Down y otros trastornos del desarrollo intelectual.",Sí,No,,,No,No lo sé,No,,No,No lo sé,Sí,S24 Banda Norte,Sí,Prefiero no decirlo,2,Sí,No lo sé,No lo sé,Regular,Regular,Regular,Bien,Regular
San Martín,GS-B-02414,9/3/2026 9:40:44,,belugomezriocuarto@gmail.com,Isabela catolica 839,,,,Carina,,,,,2,1,,No,0,No,,Sí,,No,,Sí,Sí,No,,,,,,No,No,No,,Sí,Sí,Sí,Centro Periférico 2,No,No,3,No,No,No,Bien,Bien,Regular,Mal,Regular
San Martín,GS-B-02415,9/3/2026 9:42:15,,noeliaben89@gmail.com,Ruiz Diaz de gusman 425,,,,Juan,,,,,2,0,,No,0,No lo sé,,No,,No,,No,Sí,Sí,"Discapacidad física: Incluye limitaciones en la movilidad y funciones físicas, como la paraplejia, amputaciones y trastornos del movimiento.",No,No,,No tiene movilidad,Sí,No,No,,No,No residen niños en el hogar,No,,Sí,No,3,Sí,"Sí, todos",No,Mal,Muy bien,Bien,Regular,Mal
San Martín,GS-B-02416,9/3/2026 9:42:34,,robledobrendaayelen25@gmail.com,León palliere 420,,,,Sosa Galindo,,,,,2,0,,No,0,No,,No,,No,,No,No,No,,,,,,Sí,Sí,No,,No,No residen niños en el hogar,No,,No,No,1,Sí,Algunos,"Sí, todos",Bien,Bien,Bien,Bien,Bien
San Martín,GS-B-02417,9/3/2026 9:44:26,,riquelmesergio965@gmail.com,Esmerividal 400,,,,Leguisalon cristobal,,,3584239557,,1,0,,No,0,No,,No,,No,,Sí,Sí,Sí,"Discapacidad física: Incluye limitaciones en la movilidad y funciones físicas, como la paraplejia, amputaciones y trastornos del movimiento.",No,No,,No quiere,Sí,Sí,No,,No,No residen niños en el hogar,Sí,S24 Banda Norte,No,No,2,Sí,No,No,Bien,Bien,Bien,Bien,Bien
San Martín,GS-B-02418,9/3/2026 9:45:17,,fernandocha156@gmail.com,Ranqueles 825,,,,Narvaes dayana,,,358 4909945,,4,2,,No,0,No,,Sí,,Sí,,Sí,No,No,,,,,,No,No,No,,No,Sí,Sí,Centro Periférico 6,Sí,No,4,Sí,No,No,Regular,Muy bien,Regular,Regular,Regular
San Martín,GS-B-02419,9/3/2026 9:46:22,,moyanofacundo88@gmail.com,Ranqueles 1950,,,,Jesus maria castro,,,,,2,1,,Sí,0,Sí,No,No,,Sí,,No,No,No,,,,,,Sí,Sí,No,,No,Sí,Sí,Centro Periférico 13,Sí,No,4,No,No aplica,No aplica,Bien,Bien,Bien,Bien,Bien
San Martín,GS-B-02420,9/3/2026 9:46:28,,kg9793067@gmail.com,Raíz día de guzman 200,,,,Soledad,,,3585102884,,5,3,,No,0,No,,No,,No,,Sí,Sí,No,,,,,,No,,,,No,Sí,Sí,Centro Periférico 2,No,No,4,Sí,Algunos,No lo sé,Bien,Mal,Mal,Regular,Muy bien
San Martín,GS-B-02421,9/3/2026 9:47:55,,lalula.p20@gmail.com,E Vidal 450,,,,Cecilia,,,,,5,3,,No,,No,,No,,No,,Sí,Sí,No,,,,,,No,No,,,No,Sí,Sí,Centro Periférico 13,No,No,4,Sí,No,No,Mal,Mal,Mal,Mal,Mal
San Martín,GS-B-02422,9/3/2026 9:48:14,,subsecretariadelasmujeresrio4@gmail.com,,,,,,,,,,4,0,,No,0,Sí,No,No,,No,,Sí,No,Sí,"Discapacidad intelectual: Comprende condiciones que afectan el funcionamiento cognitivo y la capacidad de aprendizaje, como el síndrome de Down y otros trastornos del desarrollo intelectual.",Sí,Sí,Centro 11,,Sí,Sí,No,,No,No residen niños en el hogar,No,,No,No,2,Sí,No,No,Bien,Regular,Regular,Regular,Regular
San Martín,GS-B-02423,9/3/2026 9:49:07,,saritacarranza2022@gmail.com,Humahuacas 860,,,,Debora quiroga,,,,,3,0,,No,0,No,,No,,No,,Sí,Sí,No,,,,,,No,No,No,,No,No residen niños en el hogar,No,,No,No,3,Sí,"Sí, todos","Sí, todos",Muy bien,Regular,Regular,Bien,Regular
San Martín,GS-B-02424,9/3/2026 9:49:20,,melinacretton@gmail.com,Humahuaca 951,,,,Jorge,,,,,5,3,,Sí,0,No,,No,,No,,Sí,Sí,No,,,,,,No,No,No,,No,Sí,Sí,Centro Periférico 2,No,No,4,Sí,,Algunos,Regular,Regular,Regular,Regular,Regular
San Martín,GS-B-02425,9/3/2026 9:53:20,,belugomezriocuarto@gmail.com,Isabela católica 840,,,,Norma,,,,,2,0,,No,0,No,,No,,No,,Sí,No,No,,,,,,Sí,Sí,Sí,Centro de jubilados Banda Norte,No,No residen niños en el hogar,No,,No,No,3,Sí,"Sí, todos",No,Bien,Muy bien,Muy bien,Mal,Regular
San Martín,GS-B-02426,9/3/2026 9:55:06,,moyanofacundo88@gmail.com,Ranqueles 958,,,,Rosa arabel,,,,,2,0,,Sí,0,No,,No,,Sí,,Sí,No,No,,,,,,Sí,Sí,No,,No,No residen niños en el hogar,No,,Sí,No,3,Sí,No,No,Bien,Bien,Bien,Regular,Mal
San Martín,GS-B-02427,9/3/2026 9:55:20,,robledobrendaayelen25@gmail.com,León palliere 395,,,,Lucia sosa,,,,,1,0,,No,0,No,,No,,No,,Sí,No,No,,,,,,No,No,No,,No,No,Sí,Centro Periférico 2,No,No,4,Sí,Algunos,Algunos,Muy bien,Muy bien,Muy bien,Muy bien,Muy bien
San Martín,GS-B-02428,9/3/2026 9:59:42,,subsecretariadelasmujeresrio4@gmail.com,Humahuaca (esquina león palier) 920,,,,Estela Carranzq,,,3585169226,,5,4,,No,1,Sí,No,Sí,,Sí,,Sí,Sí,No,,,,,,No,No,No,,No,Sí,Sí,Centro Periférico 13,Sí,No,3,Sí,"Sí, todos",No,Bien,Regular,Regular,Regular,Regular
San Martín,GS-B-02429,9/3/2026 10:00:45,,fernandocha156@gmail.com,Roberto payro 200,,,,Luciana Micaela Albello,,,3584314020,,5,3,,No,0,No,,No,,No,,Sí,Sí,No,,,,,,No,No,No,,No,Sí,Sí,Centro Periférico 13,Sí,No,4,No,No aplica,No aplica,Bien,Regular,Regular,Regular,Regular
San Martín,GS-B-02430,9/3/2026 10:02:24,,melinacretton@gmail.com,Humahuaca 955,,,,Marcela Fabiana arabel,,,3585140662,,1,0,,Sí,0,No,,No,,No,,Sí,Sí,Sí,"Discapacidad múltiple: Se refiere a personas que presentan combinaciones de dos o más tipos de discapacidad, afectando diversas áreas de su vida.",No,No,,,No,No,No,,No,No residen niños en el hogar,Sí,Centro Periférico 16,Sí,Prefiero no decirlo,4,Sí,"Sí, todos",Algunos,Regular,Regular,Regular,Regular,Regular
San Martín,GS-B-02431,9/3/2026 10:02:55,,belugomezriocuarto@gmail.com,Isabela católica 859,,,,Maria,,,,,3,1,,No,0,No,,No,,No,,Sí,Sí,No,,,,,,No,,,,No,Sí,Sí,Centro Periférico 2,No,No,3,No,,,Bien,Muy bien,Regular,Mal,Bien
San Martín,GS-B-02432,9/3/2026 10:03:19,,saritacarranza2022@gmail.com,Diego velaquez 900,,,,Ramon yedro,,,3584852632,,6,2,,Sí,2,No,,Sí,,Sí,,Sí,Sí,No,,,,,,Sí,No,No,,No,Sí,Sí,Centro Periférico 6,No,No,1,Sí,No,No,Muy bien,Muy bien,Regular,Regular,Regular
San Martín,GS-B-02433,9/3/2026 10:03:41,,robledobrendaayelen25@gmail.com,León palliere 412,,,,Alejandra riviers,,,3585020638,,7,0,,Sí,1,No,,No,,No,,Sí,Sí,Sí,"Discapacidad física: Incluye limitaciones en la movilidad y funciones físicas, como la paraplejia, amputaciones y trastornos del movimiento.",Sí,No,,,No,No,No,,No,No,Sí,Centro Periférico 2,Sí,No,3,Sí,No,No,Muy bien,Regular,Regular,Bien,Regular
San Martín,GS-B-02434,9/3/2026 10:05:17,,kg9793067@gmail.com,,,,,Mirta,,,,,3,0,,No,0,Sí,No,No,,No,,Sí,Sí,No,,,,,,Sí,Sí,No,,No,No residen niños en el hogar,Sí,Centro Periférico 2,No,No,1,Sí,Algunos,No lo sé,Regular,Mal,Mal,Mal,Mal
San Martín,GS-B-02435,9/3/2026 10:07:10,,noeliaben89@gmail.com,León palier y humahuaca pilar 35,,,,Rosario,,,,,2,0,,No,0,No,,Sí,,Sí,,No,Sí,Sí,"Discapacidad física: Incluye limitaciones en la movilidad y funciones físicas, como la paraplejia, amputaciones y trastornos del movimiento.",No,No,,,No,No,No,,No,No residen niños en el hogar,Sí,Centro Periférico 15,Sí,No,3,Sí,No,No,Bien,Bien,Bien,Regular,Ns/Nc
San Martín,GS-B-02436,9/3/2026 10:08:11,,riquelmesergio965@gmail.com,Esmeri vidal lote 118,,,,Sindu,,,,,5,3,,No,0,No,,Sí,,No,,Sí,Sí,No,,,,,,No,No,No,,No,Sí,Sí,Centro Periférico 2,Sí,No,4,Sí,No,No,Mal,Regular,Mal,Regular,Mal
San Martín,GS-B-02437,9/3/2026 10:10:13,,moyanofacundo88@gmail.com,Leon palier 410,,,,Luis sosa,,,,,1,0,,No,0,No,,Sí,,Sí,,Sí,No,Sí,"Discapacidad física: Incluye limitaciones en la movilidad y funciones físicas, como la paraplejia, amputaciones y trastornos del movimiento.",Sí,No,,,No,No,,,No,No residen niños en el hogar,No,,No,No,4,Sí,No,No,Regular,Bien,Regular,Regular,Regular
San Martín,GS-B-02438,9/3/2026 10:10:25,,subsecretariadelasmujeresrio4@gmail.com,Humahuaca 1000,,,,Micaela riesco,,,3585177627,,6,2,,No,0,No,,No,,No,,Sí,Sí,Sí,"Discapacidad física: Incluye limitaciones en la movilidad y funciones físicas, como la paraplejia, amputaciones y trastornos del movimiento.",Sí,No,,No le interesa,No,,,,No,Sí,Sí,Centro Periférico 2,No,No,3,Sí,No,"Sí, todos",Bien,Regular,Regular,Regular,Regular
San Martín,GS-B-02439,9/3/2026 10:11:19,,belugomezriocuarto@gmail.com,Isabela católica 935,,,,Marisa,,,,,2,0,,No,0,No,,No,,No,,Sí,No,No,,,,,,No,,,,No,No residen niños en el hogar,No,,No,No,4,No,,,Bien,Bien,Bien,Mal,Regular
San Martín,GS-B-02440,9/3/2026 10:12:35,,robledobrendaayelen25@gmail.com,León palliere 260,,,,Leonardo enciso,,,,,4,2,,Sí,1,No,,No,,No,,Sí,Sí,No,,,,,,No,No,No,,No,Sí,No,,No,No,3,No,No aplica,No aplica,Bien,Regular,Regular,Bien,Regular
San Martín,GS-B-02441,9/3/2026 10:13:05,,saritacarranza2022@gmail.com,Diego velazquez 920,,,,Gabriel seliz,,,,,4,2,,Sí,1,No,,No,,No,,Sí,Sí,No,,,,,,No,No,No,,No,Sí,Sí,Centro Periférico 4,Sí,No,1,Sí,"Sí, todos",No,Muy bien,Regular,Regular,Regular,Regular
San Martín,GS-B-02442,9/3/2026 10:13:53,,melinacretton@gmail.com,Leon palieres 302,,,,Aide,,,,,4,2,,Sí,0,No,,No,,No,,Sí,Sí,No,,,,,,No,No,No,,No,Sí,Sí,Centro Periférico 2,No,No,4,No,No aplica,No aplica,Regular,Regular,Regular,Regular,Regular
San Martín,GS-B-02443,9/3/2026 10:14:57,,noeliaben89@gmail.com,Raquetas 945,,,,Gonzalo,,,,,3,1,,No,0,No,,No,,No,,Sí,Sí,No,,,,,,No,No lo sé,No,,No,Sí,Sí,Centro Periférico 2,Sí,No,4,Sí,"Sí, todos","Sí, todos",Regular,Bien,Regular,Mal,Mal
San Martín,GS-B-02444,9/3/2026 10:21:23,,subsecretariadelasmujeresrio4@gmail.com,León palier 311,,,,Macarena marchetti,,,3585146341,,6,4,,No,2,No,,No,,No,,Sí,Sí,Sí,"Discapacidad intelectual: Comprende condiciones que afectan el funcionamiento cognitivo y la capacidad de aprendizaje, como el síndrome de Down y otros trastornos del desarrollo intelectual.",Sí,No,,No alcanza el dinero,No,,,,No,Sí,Sí,Centro Periférico 2,Sí,No,2,Sí,Algunos,Algunos,Mal,Mal,Mal,Mal,Mal
San Martín,GS-B-02445,9/3/2026 10:22:46,,noeliaben89@gmail.com,León pellier 387,,,,Angel,,,,,1,0,,No,0,No,,No,,No,,No,No,No,,,,,,Sí,Sí,No,,No,No residen niños en el hogar,Sí,,No,No,3,Sí,No,No,Muy bien,Muy bien,Bien,Bien,Mal
San Martín,GS-B-02446,9/3/2026 10:22:53,,fernandocha156@gmail.com,Ranqueles 900,,,,Daruo gatica,,,3585148154,,2,0,,No,0,No,,No,,No,,Sí,Sí,No,,,,,,Sí,Sí,No,,No,No residen niños en el hogar,Sí,Centro Periférico 6,No,No,1,Sí,"Sí, todos","Sí, todos",Regular,Bien,Regular,Regular,Regular
San Martín,GS-B-02447,9/3/2026 10:23:33,,melinacretton@gmail.com,Ranqueles 960,,,,Malena,,,,,2,0,,Sí,0,No,,No,,No,,Sí,Sí,No,,,,,,Sí,Sí,Sí,,No,No residen niños en el hogar,Sí,S24 Banda Norte,No,No,3,Sí,"Sí, todos",Algunos,Regular,Regular,Regular,Regular,Regular
San Martín,GS-B-02448,9/3/2026 10:26:35,,moyanofacundo88@gmail.com,Ranqueles 951,,,,Hector river,,,,,3,1,,Sí,0,Sí,No,No,,No,,Sí,No,No,,,,,,No,No,No,,No,Sí,Sí,Centro Periférico 13,No,No,4,Sí,"Sí, todos",No,Muy bien,Muy bien,Muy bien,Regular,Muy bien
San Martín,GS-B-02449,9/3/2026 10:27:02,,belugomezriocuarto@gmail.com,Isabela católica 1105,,,,Juan,,,,,1,0,,No,0,No,,No,,No,,Sí,Sí,No,,,,,,No,,,,No,No residen niños en el hogar,No,,No,No,4,No,,,Bien,Muy bien,Bien,Mal,Bien
San Martín,GS-B-02450,9/3/2026 10:33:54,,lalula.p20@gmail.com,Vidal lote 120,,,,Jorge,,,,,5,3,,Sí,,No,,No,,No,,Sí,Sí,No,,,,,,No,No,No,,No,Sí,Sí,Centro Periférico 2,No,No,4,Sí,No,No,Mal,Mal,Mal,Mal,Mal
San Martín,GS-B-02451,9/3/2026 10:40:09,,noeliaben89@gmail.com,Raquetas 945,,,,Rosana,,,,,3,0,,No,0,No,,Sí,,No,,Sí,Sí,Sí,Discapacidad sensorial: Agrupa la pérdida de capacidades auditivas (sordera) y visuales (ceguera y baja visión).,No,No,,,No,No,No,,No,Sí,No,,Sí,No,3,Sí,No,"Sí, todos",Bien,Bien,Regular,Regular,Mal
San Martín,GS-B-02452,9/3/2026 10:43:02,,belugomezriocuarto@gmail.com,Isabela católica 1019,,,,Belen,,,,,3,1,,Sí,0,No,,No,,No,,Sí,Sí,No,,,,,,No,,,,No,Sí,Sí,Centro Periférico 2,No,No,3,No,,,Muy bien,Muy bien,Bien,Mal,Bien
San Martín,GS-B-02453,9/3/2026 10:49:57,,belugomezriocuarto@gmail.com,Isabela católica 1023,,,,Rosa,,,,,2,0,,No,0,No,,No,,No,,Sí,Sí,No,,,,,,No,,,,No,No residen niños en el hogar,No,"Hospital Regional ""San Antonio de Padua""",No,No,3,No,,,Muy bien,Muy bien,Bien,Mal,Regular
Bimaco,GS-A-00001,25/3/2026 9:37:08,,Torres Carolina,,,,,,Gonzalez,23226857,,,2,0,,Sí,,No,,No,,No,,Sí,Sí,No,,,,,,Sí,Sí,No,,No,,No,,Sí,No,4,Sí,"Sí, todos","Sí, todos",Bien,Bien,Mal,Bien,Ns/Nc
Bimaco,GS-A-00002,"25/3/2026, 9:40:10 a. m.",,Ailen,,-33.13689425,-64.36900342,,Edit,Panero,13090919,3584310850,,2,0,,Sí,,No,,No,,No,,Sí,Sí,No,,,,,,No,,,,No,,No,,Sí,No,4,No,,,Mal,Muy mal,Muy mal,Muy bien,Bien
Bimaco,GS-A-00003,25/3/2026 9:42:53,,Vanina gonzalez,,,,,,,,,,2,0,,Sí,,No,,No,,No,,Sí,Sí,Sí,Motora,Sí,No,,,Sí,Sí,No,,No,,No,,Sí,No,4,No,,,Bien,Bien,Bien,Bien,Bien
Bimaco,GS-A-00004,25/3/2026 9:45:26,,Natalia Gómez,,-33.1384366,-64.3676777,,Ana,Arias,,,,3,1,Sí,Sí,,No,,No,,No,,Sí,Sí,No,,,,,,No,,,,No,Sí,No,,No,No,4,Sí,Algunos,No,Bien,Bien,Bien,Mal,Bien
Bimaco,GS-A-00005,25/3/2026 9:46:38,,Luciana Cascini Torres,,-33.139265,-64.3685235,,Yanina,Lucero,,,,2,1,Sí,Sí,,No,,No,,No,,Sí,Sí,Sí,Motora,Sí,No,,,No,,,,No,Sí,No,,No lo sé,No,4,Sí,"Sí, todos","Sí, todos",Bien,Bien,Bien,Bien,Bien
Bimaco,GS-A-00006,"25/3/2026, 9:47:13 a. m.",,Lorena Vallero,,,,,Ana,Cavalleris,,,,2,0,,Sí,,No,,No,,No,,Sí,Sí,No,,,,,,Sí,Sí,No,,No,,No,,Sí,No,2,Sí,"Sí, todos",No,Muy bien,Muy bien,Muy bien,Muy bien,Muy bien
Bimaco,GS-A-00007,"25/3/2026, 9:48:21 a. m.",,Barreda Ailen,,-33.1391136,-64.36849494,,Hugo,,,,,1,0,,Sí,,No,,No,,No,,Sí,Sí,No,,,,,,Sí,Sí,No,,No,,Sí,,No,No,4,No,,,Bien,Bien,Ns/Nc,Bien,Ns/Nc
Bimaco,GS-A-00008,"25/3/2026, 9:49:01 a. m.",,mateo robledo,,-33.13681594,-64.36904381,,Jose,Echeniquen,17319597,3584016644,,1,0,,Sí,,No,,No,,No,,Sí,Sí,No,,,,,,Sí,No,No,,No,,No,,No,No,4,No,,,Mal,Muy bien,Muy mal,Bien,Ns/Nc
Bimaco,GS-A-00009,25/3/2026 9:49:41,,Luciana Cascini Torres,,-33.1393783,-64.368314,,Patricio,,,,,3,0,,Sí,,No,,No,,No,,Sí,Sí,No,,,,,,Sí,Sí,No,,No,,No,,No,No,4,No,,,Bien,Bien,Bien,Bien,Bien
Bimaco,GS-A-00010,"25/3/2026, 9:52:41 a. m.",,Robledo Brenda,,,,,Cleotilde,Yercaovich,,,,2,0,,Sí,,No,,No,,No,,Sí,Sí,No,,,,,,Sí,Sí,No,,No,,No,,No,No,3,Sí,"Sí, todos","Sí, todos",Muy bien,Muy bien,Muy bien,Muy bien,Muy bien
Bimaco,GS-A-00011,25/3/2026 9:53:41,,Vanina gonzalez,,,,,,Yerkovich,,,,2,0,,Sí,,No,,No,,No,,Sí,Sí,No,,,,,,Sí,Sí,No,,No,,No,,,No,3,Sí,"Sí, todos","Sí, todos",Muy bien,Muy bien,Muy bien,Muy bien,Muy bien
Bimaco,GS-A-00012,25/3/2026 9:58:04,,Fernando chavez,,,,,Silvina,Tartara,18380584,3584234955,,4,0,,Sí,,No,,No,,No,,Sí,Sí,Sí,Intelectual y Mental,Sí,No,,,No,,,,No,,Sí,C.A.P.S. 7,Sí,No,4,Sí,"Sí, todos","Sí, todos",Muy bien,Muy bien,Muy bien,Muy bien,Muy bien
Bimaco,GS-A-00013,25/3/2026 9:58:36,,Maria Paz Amaya Ferro,,-33.1367013,-64.3690257,,Agustin,Rodriguez,,,,5,1,,Sí,,No,,No,,No,,No,No,Sí,Digestiva / Hepática,No,No,,,Sí,Sí,No,,No,Sí,No,,Sí,No,2,Sí,No,No,Muy bien,Mal,Mal,Mal,Muy mal
Bimaco,GS-A-00014,25/3/2026 10:00:28,,Torres Carolina,,,,,Carmen,Rocha,,,,2,0,,Sí,,No,,No,,No,,Sí,Sí,No,,,,,,Sí,Sí,No,,No,,No,,Sí,No,4,Sí,"Sí, todos","Sí, todos",Bien,Bien,Muy bien,Bien,Mal
Bimaco,GS-A-00015,25/3/2026 10:01:51,,Facundo moyano,,,,,Marta,,,3584313536,,1,0,,Sí,,No,,No,,No,,Sí,Sí,No,,,,,,Sí,Sí,Sí,AGEC,No,,No,,Sí,No,4,No,,,Muy bien,Muy bien,Muy bien,Muy bien,Muy bien
Bimaco,GS-A-00016,25/3/2026 10:02:59,,Luciana Cascini Torres,,-33.1394462,-64.3682686,,Sonia,Berte,,,,6,4,Sí,Sí,,No,,No,,No,,Sí,Sí,Sí,Motora,No,No,,,No,,,,No,Sí,No,,Sí,No,4,Sí,"Sí, todos",Algunos,Bien,Bien,Bien,Mal,Mal
Bimaco,GS-A-00017,"25/3/2026, 10:03:11 a. m.",,Barreda ailen,,-33.13891702,-64.36807877,,Gasto,Idiart,,,,2,0,,Sí,,No,,No,,No,,No,Sí,No,,,,,,No,,,,No,,Sí,,No,No,3,No,,,Bien,Muy bien,Bien,Bien,Ns/Nc
Bimaco,GS-A-00018,25/3/2026 10:04:41,,Jael Rolon,,-33.1393699,-64.3680928,,Silvia,,,,,2,0,,Sí,,No,,No,,No,,Sí,Sí,No,,,,,,Sí,Sí,No,,No,,No,,No,No,3,Sí,"Sí, todos",Algunos,Bien,Mal,Muy mal,Bien,Ns/Nc
Bimaco,GS-A-00019,25/3/2026 10:07:12,,BENITEZ NOELIA,,-33.1405258,-64.3675006,,Marcelo,Possetto,,,,1,0,,Sí,,No,,No,,No,,Sí,Sí,No,,,,,,Sí,No,No,,No,,No,,No,No,4,Sí,"Sí, todos","Sí, todos",Muy bien,Muy bien,Muy bien,Muy bien,Muy bien
Bimaco,GS-A-00020,25/3/2026 10:10:51,,Torres Carolina,,,,,Juan,Ula,10053810,,,2,0,,Sí,,No,,No,,No,,Sí,Sí,No,,,,,,Sí,Sí,No,,No,,No,,Sí,No,4,No,,,Bien,Bien,Bien,Mal,Ns/Nc
Bimaco,GS-A-00021,25/3/2026 10:11:09,,Natalia Gómez,,-33.1385572,-64.3678282,,Cristina,Nevenin,,,,2,0,,Sí,,No,,No,,No,,Sí,Sí,No,,,,,,Sí,Sí,No,,No,,No,,,No,4,Sí,"Sí, todos","Sí, todos",Bien,Bien,Mal,Mal,Bien
Bimaco,GS-A-00022,"25/3/2026, 10:11:07 a. m.",,Barredaailen,,-33.13800262,-64.3679237,,Valentina,Steccco,,,,3,1,Sí,Sí,,No,,No,,No,,Sí,Sí,No,,,,,,Sí,Sí,No,,No,Sí,Sí,,Sí,No,4,Sí,"Sí, todos","Sí, todos",Muy bien,Muy bien,Muy bien,Muy bien,Ns/Nc
Bimaco,GS-A-00023,"25/3/2026, 10:11:14 a. m.",,Lorena Vallero,,,,,Florencia,Risopatron,,,,5,3,No,Sí,,No,,No,,No,,Sí,Sí,No,,,,,,No,,,,No,Sí,No,,,No,,No,,,Muy bien,Muy bien,Muy bien,Muy bien,Muy bien
Bimaco,GS-A-00024,25/3/2026 10:12:32,,Luciana Cascini Torres,,-33.1403084,-64.369058,,Marta,,,,,1,0,,Sí,,No,,No,,No,,Sí,Sí,No,,,,,,No,,,,No,,No,,No,No,4,Sí,"Sí, todos","Sí, todos",Bien,Bien,Bien,Mal,Bien
Bimaco,GS-A-00025,25/3/2026 10:14:37,,BENITEZ NOELIA,,-33.1403796,-64.3676114,,RUBÍ,,,,,2,0,,Sí,,No,,No,,No,,No,Sí,Sí,Respiratoria,Sí,No,,,Sí,Sí,No,,No,,No,,Sí,No,4,Sí,No,No,Muy bien,Muy bien,Muy bien,Muy bien,Muy bien
Bimaco,GS-A-00026,25/3/2026 10:15:06,,Jael Rolon,,-33.1400347,-64.368217,,Vilma,Travieso,,,,3,0,,Sí,,No,,No,,No,,Sí,Sí,No,,,,,,No,,,,No,,No,,No,No,4,Sí,"Sí, todos","Sí, todos",Bien,Muy bien,Mal,Muy mal,Ns/Nc
Bimaco,GS-A-00027,25/3/2026 10:15:23,,Maria Paz Amaya Ferro,,-33.139765,-64.3682062,,Mariana,,,,,4,0,,Sí,,No,,No,,No,,Sí,Sí,No,,,,,,No,,,,No,,No,,No,Sí,2,No,,,Muy bien,Mal,Mal,Mal,Ns/Nc
Bimaco,GS-A-00028,25/3/2026 10:18:51,,Primitiva villarreal,,-33.1367229,-64.369001,,Federico,Vecci,,,,4,2,Sí,Sí,,No,,No,,No,,Sí,Sí,No,,,,,,No,,,,Sí,Sí,Sí,C.A.P.S. 7,Sí,,4,Sí,"Sí, todos","Sí, todos",Muy bien,Muy bien,Muy bien,Muy bien,Muy bien
Bimaco,GS-A-00029,25/3/2026 10:20:44,,Maria Paz Amaya Ferro,,-33.140451,-64.3680577,,Angel,,,,,3,1,Sí,Sí,,No,,No,,No,,Sí,Sí,No,,,,,,No,,,,No,Sí,No,,No,No lo sé,3,No,,,Muy bien,Mal,Mal,Mal,Ns/Nc
Bimaco,GS-A-00030,"25/3/2026, 10:22:20 a. m.",,Lorena Vallero,,,,,Magali,Zanluchi,,,,3,1,Sí,Sí,,No,,No,,No,,Sí,Sí,No,,,,,,No,,,,No,Sí,No,,No,No,4,Sí,Algunos,No,Muy bien,Muy bien,Muy bien,Muy bien,Muy bien
Bimaco,GS-A-00031,25/3/2026 10:22:44,,Luciana Cascini Torres,,-33.1396015,-64.3696081,,Maria,Diaz,,,,2,0,,Sí,,No,,No,,No,,Sí,Sí,Sí,Renal urológica,No,No,,,Sí,Sí,No,,No,,No,,Sí,No,4,No,,,Bien,Bien,Bien,Mal,Bien
Bimaco,GS-A-00032,25/3/2026 10:27:58,,Jael Rolon,,-33.1404731,-64.3680346,,Raul,,,,,5,2,Sí,Sí,,No,,No,,No,,Sí,Sí,No,,,,,,Sí,Sí,No,,No,Sí,No,,No,No,4,Sí,"Sí, todos","Sí, todos",Muy bien,Muy bien,Mal,Bien,Ns/Nc
Bimaco,GS-A-00033,25/3/2026 10:28:20,,Joel martinelli,,-33.1396523,-64.3661089,,Candela,,42695939,3584858702,,2,0,,Sí,,No,,No,,No,,Sí,Sí,No,,,,,,No,,,,No,,Sí,S24 Banda Norte,No,No,4,Sí,"Sí, todos","Sí, todos",Muy bien,Muy bien,Muy bien,Muy bien,Muy bien
Bimaco,GS-A-00034,25/3/2026 10:32:55,,BENITEZ NOELIA,,,,,Cesar,Rios,,,,2,1,Sí,Sí,,No,,No,,No,,Sí,Sí,No,,,,,,No,,,,No,Sí,Sí,C.A.P.S. 7,No,No,4,Sí,No,"Sí, todos",Bien,Bien,Bien,Muy mal,Bien
Bimaco,GS-A-00035,"25/3/2026, 10:35:00 a. m.",,Barreda Ailen,,-33.1377182,-64.36858529,,Valentin,,,,,2,0,,Sí,,No,,No,,No,,Sí,Sí,No,,,,,,No,,,,No,,No,,No,No,4,Sí,"Sí, todos","Sí, todos",Bien,Muy bien,Muy bien,Muy bien,Ns/Nc
Bimaco,GS-A-00036,25/3/2026 10:41:16,,Jael Rolon,,-33.1404731,-64.3680346,,Analia,,,,,1,0,,Sí,,Sí,,No,,No,,Sí,Sí,No,,,,,,No,,,,No,,No,,Sí,No,4,Sí,"Sí, todos","Sí, todos",Mal,Muy bien,Mal,Muy mal,Mal
Bimaco,GS-A-00037,25/3/2026 10:45:52,,BENITEZ NOELIA,,-33.1397228,-64.3659415,,Pablo,Gonzalez,,,,4,1,Sí,Sí,,No,,No,,No,,Sí,Sí,Sí,Intelectual y Mental,Sí,No,,,No,,,,No,Sí,No,,Sí,No,4,Sí,"Sí, todos",Algunos,Bien,Bien,Bien,Muy mal,Muy mal
Nueva Argentina,GS-A-00038,"10/4/2026, 9:35:16 a. m.",,mateo robledo,,-33.14032811,-64.31715029,,daniel alejandro,bascocela,33350428,3584831127,,5,4,Sí,Sí,,No,,Sí,Otro,No,,Sí,Sí,No,,,,,,No,,,,No,Sí,Sí,C.A.P.S. 9,No,No,2,Sí,No,No,Muy bien,Bien,Mal,Muy mal,Muy mal
Nueva Argentina,GS-A-00039,10/4/2026 9:33:47,,BENITEZ NOELIA,,-33.1402644,-64.3166922,,Mauricio,Sosa,,3584397324,,4,2,Sí,Sí,,No,,No,,No,,Sí,Sí,No,,,,,,No,,,,No,Sí,No,,Sí,No,3,Sí,"Sí, todos","Sí, todos",Bien,Mal,Mal,Muy mal,Muy bien
Nueva Argentina,GS-A-00040,10/4/2026 9:36:38,,BENITEZ NOELIA,,-33.1402644,-64.3166922,,Mauricio,Sosa,,3584397324,,4,2,Sí,Sí,,No,,No,,No,,Sí,Sí,No,,,,,,No,,,,No,Sí,No,,Sí,No,3,Sí,"Sí, todos","Sí, todos",Bien,Mal,Mal,Muy mal,Muy bien
Nueva Argentina,GS-A-00041,10/4/2026 9:39:09,,Gabriela Jackeline Gutierrez,,,,,Gabriel,Driyon,35545482,3584321399,,3,1,Sí,Sí,,Sí,,No,,No,,Sí,Sí,No,,,,,,No,,,,No,,Sí,C.A.P.S. 9,No,,3,Sí,"Sí, todos","Sí, todos",Bien,Muy bien,Mal,Mal,Mal
Nueva Argentina,GS-A-00042,10/4/2026 9:41:19,,BENITEZ NOELIA,,-33.1424377,-64.3175324,,Gabriel,Ballesteros,,3584873878,,6,1,Sí,Sí,,No,,No,,No,,Sí,Sí,No,,,,,,No,,,,No lo sé,Sí,No,,No,No,2,Sí,"Sí, todos","Sí, todos",Bien,Bien,Bien,Bien,Bien
Nueva Argentina,GS-A-00043,"10/4/2026, 9:41:51 a. m.",,mateo robledo,,-33.14157598,-64.31705672,,mariela,diaz,25313421,3584245069,,4,0,,No,1,No,,Sí,Otro,No,,Sí,Sí,No,,,,,,No,,,,No,,Sí,Hospital Regional San Antonio de Padua,No,No,4,Sí,"Sí, todos","Sí, todos",Bien,Bien,Mal,Bien,Bien
Nueva Argentina,GS-A-00044,10/4/2026 9:42:00,,Jessica Rossa,,-33.140282,-64.3167758,,Castro Jorge,,24352567,3585186609,,5,1,Sí,Sí,,No,,No,,No,,Sí,Sí,Sí,Renal urológica,No,No,,,No,,,,No,Sí,Sí,C.A.P.S. 9,No,No,4,Sí,"Sí, todos",No,Muy bien,Muy bien,Muy mal,Ns/Nc,Muy mal
Nueva Argentina,GS-A-00045,"10/4/2026, 9:43:43 a. m.",,Robledo Brenda,,,,,Juan,Cisneros,48755784,3585758495,,5,1,Sí,Sí,,No,,No,,No,,Sí,Sí,No,,,,,,No,,,,No,Sí,Sí,S24 Alberdi,No,No lo sé,4,Sí,"Sí, todos","Sí, todos",Bien,Bien,Bien,Bien,Bien
Nueva Argentina,GS-A-00046,10/4/2026 9:48:32,,Melina Cretton,,-33.1399397,-64.3168666,,Sebastián,Pascuini,30771298,3584367976,,3,0,,Sí,,No,,No,,No,,Sí,Sí,No,,,,,,No,,,,No,,No,,No,No,4,Sí,"Sí, todos",Algunos,Muy bien,Bien,Ns/Nc,Muy mal,Muy mal
Nueva Argentina,GS-A-00047,10/4/2026 9:48:37,,Jessica Rossa,,-33.1430138,-64.3146525,,Karina,Alvarez,26085866,154829822,,2,0,,Sí,,No,,No,,No,,Sí,Sí,No,,,,,,Sí,Sí,No,,No,,Sí,C.A.P.S. 5,Sí,No,4,No,,,Bien,Bien,Ns/Nc,Mal,Ns/Nc
Nueva Argentina,GS-A-00048,10/4/2026 9:48:51,,Maria Paz Amaya Ferro,,-33.1402594,-64.3168309,,Raul,,,,,5,3,Sí,Sí,,No,,No,,No,,Sí,No,No,,,,,,No,,,,No,Sí,Sí,S24 Alberdi,No,No lo sé,2,No,,,Mal,Bien,Bien,Muy mal,Muy mal
Nueva Argentina,GS-A-00049,"10/4/2026, 9:49:05 a. m.",,Robledo Brenda,,,,,Juan,Soria,33054365,3584190896,,1,0,,Sí,,No,,No,,No,,Sí,Sí,No,,,,,,No,,,,No,,Sí,S24 Alberdi,No,No,3,Sí,Algunos,Algunos,Bien,Bien,Bien,Mal,Bien
Nueva Argentina,GS-A-00050,"10/4/2026, 9:50:01 a. m.",,Vallero Lorena soledad,,,,,Vanesa,Cuello,30840356,,,7,4,Sí,Sí,,Sí,1,No,,No,,No,No,No,,,,,,No,,,,No,Sí,Sí,Centro de Salud Oncativo,Sí,No,3,No,,,Bien,Bien,Bien,Bien,Ns/Nc
Nueva Argentina,GS-A-00051,10/4/2026 9:50:46,,Gabriela Jackeline Gutierrez,,-33.1425617,-64.319214,,Juan,0lguin,26417274,3585172567,,3,0,,Sí,,No,,No,,No,,Sí,Sí,No,,,,,,No,,,,No,,Sí,,No,No,4,Sí,"Sí, todos","Sí, todos",Mal,Mal,Mal,Mal,Mal
Nueva Argentina,GS-A-00052,10/4/2026 9:51:27,,BENITEZ NOELIA,,-33.1429066,-64.3179753,,Raul,Gordo,,,,3,0,,Sí,,No,,No,,No,,Sí,Sí,Sí,Motora,Sí,No,,,Sí,Sí,No,,No,,Sí,C.A.P.S. 9,Sí,No,4,No,,,Bien,Bien,Bien,Bien,Bien
Nueva Argentina,GS-A-00053,10/4/2026 9:52:11,,Jessica Rossa,,-33.1430813,-64.3147183,,Camila,Suárez,38430901,154838863,,4,2,Sí,Sí,,No,,No,,No,,Sí,Sí,No,,,,,,No,,,,No,Sí,Sí,C.A.P.S. 9,Sí,No,4,Sí,No lo sé,No,Bien,Bien,Ns/Nc,Mal,Ns/Nc
Nueva Argentina,GS-A-00054,"10/4/2026, 9:52:51 a. m.",,mateo robledo,,-33.14258873,-64.3176853,,maria,sarandon,45090598,2306886,,2,1,Sí,Sí,,No,,No,,Sí,Otro,Sí,Sí,No,,,,,,No,,,,No,Sí,Sí,C.A.P.S. 9,No,No,4,Sí,Algunos,"Sí, todos",Bien,Bien,Mal,Bien,Bien
Nueva Argentina,GS-A-00055,10/4/2026 9:53:36,,Giacomuzzi Pablo,,-33.1430929,-64.314821,,Magali,Enriz,33361007,3584123482,,2,1,Sí,Sí,,No,,No,,No,,Sí,Sí,No,,,,,,No,,,,No,Sí,No,,No,No,4,Sí,Algunos,"Sí, todos",Mal,Bien,Muy mal,Muy mal,Muy mal
Nueva Argentina,GS-A-00056,10/4/2026 9:53:46,,Karina Gonzalez,,-33.1403557,-64.3170151,,Vivia0na0,Becerra,33412186,3585757112,,5,3,Sí,Sí,,No,,No,,No,,Sí,Sí,Sí,Intelectual y Mental,Sí,No,,,No,,,,No,Sí,Sí,C.A.P.S. 9,No,No,4,Sí,No,No,Muy mal,Muy mal,Bien,Muy mal,Muy mal
Nueva Argentina,GS-A-00057,"10/4/2026, 9:54:05 a. m.",,Lorena vallero,,,,,Silvia,Domínguez,14549484,,,4,2,No,Sí,,Sí,,No,,No,,No,No,No,,,,,,Sí,Sí,No,,No,Sí,Sí,C.A.P.S. 9,Sí,No,4,Sí,"Sí, todos",Algunos,Bien,Bien,Bien,Bien,Bien
Nueva Argentina,GS-A-00058,10/4/2026 9:54:58,,Escudero Maria Soledad,,-33.1432056,-64.3147197,,María,Arnaudo,33634584,3585026916,,3,2,Sí,Sí,,No,,No,,No,,Sí,Sí,No,,,,,,No,,,,No,Sí,No,,No,No,4,Sí,"Sí, todos",Algunos,Bien,Bien,Mal,Mal,Bien
Nueva Argentina,GS-A-00059,10/4/2026 9:56:30,,Fernando chavez,,-33.1403448,-64.3169898,,Diego,Lucero,28446138,3584920717,,7,5+,Sí,Sí,,No,,No,,No,,Sí,Sí,No,,,,,,No,,,,No,Sí,Sí,C.A.P.S. 9,No,No,4,Sí,No,No,Bien,Bien,Muy mal,Bien,Muy mal
Nueva Argentina,GS-A-00060,10/4/2026 9:56:44,,Melina Cretton,,-33.1349188,-64.3138539,,Milagros,Nicola,39767968,3585604401,,7,4,Sí,Sí,,No,,No,,No,,Sí,Sí,No,,,,,,Sí,No,No,,No,Sí,Sí,C.A.P.S. 9,No,No,4,No,,,Bien,Bien,Bien,Muy mal,Muy mal
Nueva Argentina,GS-A-00061,10/4/2026 9:56:55,,Jael Rolon,,,,,Debora,Mansilla,,3584922813,,6,3,Sí,Sí,,No,,No,,No,,Sí,Sí,No,,,,,,Sí,Sí,No,,No,Sí,Sí,Centro de Salud Municipal,Sí,No,2,Sí,Algunos,Algunos,Mal,Mal,Muy mal,Muy mal,Mal
Nueva Argentina,GS-A-00062,"10/4/2026, 9:57:26 a. m.",,mateo robledo,,-33.14020445,-64.31709302,,paola,cardetti,28706457,3584189811,,5,1,Sí,Sí,,No,,No,,No,,Sí,Sí,No,,,,,,No,,,,No,Sí,Sí,C.A.P.S. 9,Sí,No,4,Sí,"Sí, todos","Sí, todos",Muy bien,Bien,Muy mal,Muy mal,Muy mal
Nueva Argentina,GS-A-00063,10/4/2026 9:58:13,,Jessica Rossa,,-33.1430414,-64.3147165,,Yanina,Sosa,35260000,3585724298,,4,3,Sí,Sí,,No,,No,,No,,Sí,Sí,No,,,,,,No,,,,No,Sí,Sí,C.A.P.S. 9,Sí,No,4,Sí,No,No,Muy bien,Bien,Ns/Nc,Ns/Nc,Ns/Nc
Nueva Argentina,GS-A-00064,10/4/2026 9:58:43,,Veron Anahi,,-33.13513514,-64.31443241,,María Celia,Rivera,11115608,154013992,,2,2,,Sí,,No,,Sí,Asistencia Alimentaria a Familias,No,,Sí,No,No,,,,,,Sí,Sí,No,,No,No,No,,Sí,No,3,Sí,No,No,Muy bien,Muy bien,Mal,Mal,Mal
Nueva Argentina,GS-A-00065,"10/4/2026, 9:58:59 a. m.",,Robledo Brenda,,,,,Micaela,Barrios,,,,4,2,Sí,Sí,,No,,No,,No,,Sí,Sí,No,,,,,,No,,,,No,Sí,Sí,C.A.P.S. 9,No,Prefiero no decirlo,4,No,,,Bien,Bien,Bien,Mal,Bien
Nueva Argentina,GS-A-00066,10/4/2026 9:59:36,,Gabriela Jackeline Gutierrez,,-33.1410247,-64.3189851,,Javier,Pereyra,28569869,155622442,,3,0,,Sí,,No,,No,,No,,Sí,Sí,No,,,,,,No,,,,No,,Sí,C.A.P.S. 9,No,No,2,Sí,"Sí, todos","Sí, todos",Bien,Bien,Mal,Mal,Mal
Nueva Argentina,GS-A-00067,"10/4/2026, 10:02:18 a. m.",,Lorena Vallero,,,,,Dana,Medina,42161705,3584366233,,4,2,Sí,Sí,,No,,No,,No,,Sí,Sí,No,,,,,,No,,,,No,Sí,Sí,C.A.P.S. 9,No,No,4,Sí,"Sí, todos",No,Bien,Bien,Bien,Bien,Bien
Nueva Argentina,GS-A-00068,10/4/2026 10:02:33,,pablo giacomuzzi,,-33.1428509,-64.3145915,,María soledad,Monzon,28131934,3585763028,,4,1,Sí,No,1,No,,No,,No,,Sí,Sí,No,,,,,,No,,,,No,Sí,Sí,C.A.P.S. 9,Sí,No,1,Sí,No lo sé,No,Muy mal,Bien,Muy mal,Muy mal,Muy mal
Nueva Argentina,GS-A-00069,10/4/2026 10:04:29,,BENITEZ NOELIA,,-33.1409388,-64.31722,,Celia,Caravajal,25213238,358,,2,0,,Sí,,No,,Sí,Asistencia Alimentaria a Familias,No,,Sí,Sí,Sí,Renal urológica,Sí,No,,,Sí,Sí,No,,No,,No,,Sí,No,4,Sí,"Sí, todos","Sí, todos",Bien,Muy bien,Bien,Mal,Bien
Nueva Argentina,GS-A-00070,10/4/2026 10:05:05,,Anahi veron,,-33.13513514,-64.31443241,,Jorgelina,Suarez,40504047,35851815176,,5,3,Sí,Sí,,No,,No,,No,,Sí,No,No,,,,,,No,,,,No,Sí,Sí,C.A.P.S. 9,No,No,4,No,,,Bien,Bien,Bien,Bien,Bien
Nueva Argentina,GS-A-00071,"10/4/2026, 10:05:39 a. m.",,Lorena vallero,,,,,Ruben,Luna,37490300,,,5,3,Sí,Sí,,No,,No,,No,,Sí,Sí,No,,,,,,No,,,,No,Sí,Sí,C.A.P.S. 9,No,No,4,Sí,No,No,Bien,Bien,Bien,Bien,Bien
Nueva Argentina,GS-A-00072,10/4/2026 10:05:52,,Escudero Maria Soledad,,-33.1428759,-64.3145804,,Candida rosa,Moyano,4969797,4662941,,3,0,,Sí,,No,,No,,No,,No,No,Sí,Intelectual y Mental,Sí,No,,,Sí,Sí,No,,No,,Sí,S24 Alberdi,Sí,No,4,Sí,Algunos,"Sí, todos",Mal,Bien,Muy mal,Muy mal,Mal
Nueva Argentina,GS-A-00073,10/4/2026 10:05:55,,pablo giacomuzzi,,-33.1427312,-64.3145461,,Magali,,,,,4,2,Sí,Sí,,No,,No,,No,,Sí,Sí,No,,,,,,No,,,,No,Sí,Sí,C.A.P.S. 9,No,No,3,Sí,No lo sé,No lo sé,Muy mal,Muy mal,Muy mal,Muy mal,Muy mal
Nueva Argentina,GS-A-00074,"10/4/2026, 10:06:03 a. m.",,Robledo Brenda,,,,,Costanza,Llanos,,,,4,2,,Sí,,No,,No,,No,,Sí,Sí,No,,,,,,No,,,,No,Sí,Sí,Centro de Salud Municipal,No,No,4,No,,,Bien,Bien,Bien,Bien,Bien
Nueva Argentina,GS-A-00075,10/4/2026 10:06:51,,Jessica Rossa,,-33.1427802,-64.3145632,,Maria,Lucero,13084069,155182330,,1,0,,Sí,,No,,Sí,Asistencia Alimentaria a Familias,No,,Sí,Sí,No,,,,,,Sí,Sí,No,,No,,No,,Sí,No,4,Sí,"Sí, todos","Sí, todos",Muy bien,Muy bien,Ns/Nc,Muy mal,Ns/Nc
Nueva Argentina,GS-A-00076,10/4/2026 10:07:05,,Maria Paz Amaya Ferro,,-33.1359781,-64.3143587,,Ignacio,Cueva,,,,2,0,,Sí,,No,,No,,No,,Sí,Sí,Sí,Motora,No,No,,,Sí,Sí,No,,No,,Sí,S24 Alberdi,No,No,1,Sí,No lo sé,No,Bien,Bien,Muy mal,Muy mal,Mal
Nueva Argentina,GS-A-00077,10/4/2026 10:07:45,,pablo giacomuzzi,,-33.1427955,-64.3145051,,Eliana,,,,,4,2,Sí,Sí,,No,,No,,No,,Sí,Sí,No,,,,,,No,,,,No,Sí,Sí,C.A.P.S. 9,No,No,3,Sí,No lo sé,No lo sé,Muy mal,Muy mal,Muy mal,Muy mal,Muy mal
Nueva Argentina,GS-A-00078,10/4/2026 10:08:22,,Melina Cretton,,-33.1355155,-64.3139896,,Soledad,Grueso,32357009,3585108682,,5,3,Sí,Sí,,No,,No,,No,,Sí,Sí,No,,,,,,No,,,,No,Sí,Sí,C.A.P.S. 9,Sí,No,4,Sí,"Sí, todos","Sí, todos",Bien,Mal,Mal,Mal,Mal
Nueva Argentina,GS-A-00079,10/4/2026 10:08:26,,BENITEZ NOELIA,,-33.1401238,-64.3169397,,Debora,Gallardo,,,,3,1,,Sí,,No,,No,,No,,Sí,Sí,No,,,,,,No,,,,No,Sí,Sí,C.A.P.S. 9,No,No,4,Sí,"Sí, todos","Sí, todos",Bien,Bien,Bien,Mal,Bien
Nueva Argentina,GS-A-00080,10/4/2026 10:11:21,,Fernando chavez,,-33.1351289,-64.3137861,,Mirta graciela,villalba,16484527,,,5,1,Sí,Sí,,Sí,1,No,,No,,Sí,Sí,No,,,,,,Sí,Sí,No,,No,Sí,Sí,C.A.P.S. 9,No,No,4,Sí,No,No,Bien,Bien,Mal,Bien,Mal
Nueva Argentina,GS-A-00081,10/4/2026 10:11:59,,Anahi veron,,-33.13513514,-64.31443241,,Romina,Sosa,33501292,3584800211,,7,3,Sí,Sí,,No,,No,,Sí,Rinconcito Iluminado,Sí,Sí,Sí,,Sí,No,,,No,,,,No,Sí,Sí,C.A.P.S. 4,No,No,4,Sí,"Sí, todos",No,Bien,Bien,Mal,Mal,Bien
Nueva Argentina,GS-A-00082,"10/4/2026, 10:12:32 a. m.",,mateo robledo,,-33.14038089,-64.31729416,,juan carlos,fernandez,14624636,35864960,,5,1,Sí,Sí,,No,,No,,No,,Sí,Sí,No,,,,,,Sí,Sí,No,,No,Sí,Sí,Hospital Regional San Antonio de Padua,Sí,No,4,Sí,"Sí, todos","Sí, todos",Muy bien,Bien,Muy mal,Bien,Bien
Nueva Argentina,GS-A-00083,10/4/2026 10:13:19,,Kaprina Gonzalez,,-33.1418283,-64.3124175,,Erica,Lucero,41827043,3584243507,,4,2,Sí,Sí,,No,,No,,No,,Sí,Sí,No,,,,,,No,,,,Sí,Sí,Sí,C.A.P.S. 9,,No,4,No,,,Muy mal,Muy mal,Mal,Muy mal,Muy mal
Nueva Argentina,GS-A-00084,10/4/2026 10:13:37,,Melina Cretton,,-33.1366181,-64.3141426,,Luciana,Gonzalez,46849337,3585107117,,5,1,Sí,Sí,,No,,No,,No,,Sí,Sí,No,,,,,,Sí,Sí,No,,No,Sí,Sí,C.A.P.S. 9,No,No,4,Sí,"Sí, todos",No,Mal,Bien,Mal,Muy mal,Muy mal
Nueva Argentina,GS-A-00085,"10/4/2026, 10:14:30 a. m.",,Lorena vallero,,,,,Silvia,Tobares,13949961,,,2,0,,Sí,,No,,No,,No,,Sí,Sí,No,,,,,,Sí,,,,No,,No,,Sí,No,4,Sí,"Sí, todos",Algunos,Bien,Bien,Mal,Bien,Bien
Nueva Argentina,GS-A-00086,10/4/2026 10:15:09,,Jael Rolon,,-33.1357098,-64.3137311,,Jose Maria,Gonzalez,,,,7,2,Sí,Sí,,No,,No,,No,,Sí,Sí,No,,,,,,No,,,,No,No,Sí,C.A.P.S. 9,No,Sí,2,Sí,"Sí, todos","Sí, todos",Muy bien,Muy mal,Muy mal,Muy mal,Bien
Nueva Argentina,GS-A-00087,10/4/2026 10:15:43,,Maricel nuñez,,,,,Patricia,Gomez,29707140,3586015308,,7,3,Sí,Sí,,No,,No,,No,,Sí,Sí,No,,,,,,No,,,,No,Sí,Sí,C.A.P.S. 9,No,No,4,Sí,"Sí, todos","Sí, todos",Bien,Bien,Mal,Mal,Mal
Nueva Argentina,GS-A-00088,10/4/2026 10:16:07,,Jessica Rossa,,-33.1422892,-64.3143995,,Claudia,Pajon,28808845,3585160978,,4,2,Sí,Sí,,No,,No,,No,,Sí,Sí,No,,,,,,Sí,No,No,,No,Sí,Sí,C.A.P.S. 9,Sí,No,4,No,,,Muy bien,Bien,Muy mal,Mal,Muy mal
Nueva Argentina,GS-A-00089,10/4/2026 10:16:43,,pablo giacomuzzi,,-33.1418656,-64.3141546,,Fabio,Woytok,26957325,3585600454,,1,0,,Sí,,No,,No,,No,,Sí,Sí,No,,,,,,No,,,,No,,No,,No,No,4,Sí,No lo sé,"Sí, todos",Muy mal,Muy mal,Muy mal,Muy mal,Muy mal
Nueva Argentina,GS-A-00090,10/4/2026 10:17:21,,BENITEZ NOELIA,,-33.1401384,-64.3169248,,Carolina,Sileoni,,,,5,1,Sí,Sí,,No,,No,,No,,Sí,Sí,No,,,,,,No,,,,No,Sí,Sí,S24 Alberdi,No,No,4,Sí,No lo sé,No lo sé,Mal,Muy mal,Mal,Muy mal,Muy mal
Nueva Argentina,GS-A-00091,"10/4/2026, 10:20:23 a. m.",,Robledo Brenda,,,,,Adriana,Ortiz,,,,5,1,Sí,Sí,,No,,Sí,Asistencia Alimentaria a Familias,Sí,Rinconcito Iluminado,Sí,Sí,Sí,Intelectual y Mental,Sí,No,,,No,,,,No,Sí,Sí,C.A.P.S. 9,Sí,No,3,Sí,"Sí, todos","Sí, todos",Bien,Bien,Bien,Bien,Bien
Nueva Argentina,GS-A-00092,10/4/2026 10:20:43,,Maria Paz Amaya Ferro,,-33.1355142,-64.3139975,,Sofia,Funes,,,,3,1,Sí,Sí,,No,,No,,No,,Sí,Sí,No,,,,,,No,,,,No,No,Sí,C.A.P.S. 9,Sí,No,4,Sí,"Sí, todos",Algunos,Bien,Mal,Muy mal,Muy mal,Muy mal
Nueva Argentina,GS-A-00093,10/4/2026 10:20:57,,Fernando chavez,,-33.1366798,-64.3141623,,Kevin,Cabrera,40204408,3584222627,,4,2,Sí,Sí,,No,,No,,No,,Sí,Sí,No,,,,,,No,,,,No,Sí,Sí,C.A.P.S. 9,No,No,4,Sí,"Sí, todos",No,Mal,Mal,Mal,Mal,Mal
Nueva Argentina,GS-A-00094,"10/4/2026, 10:22:39 a. m.",,mateo robledo,,-33.13937168,-64.31658925,,adriana,guzman,14549367,3584346916,,2,0,,Sí,,No,,No,,No,,Sí,Sí,No,,,,,,Sí,Sí,No,,No,,No,,Sí,No,4,No,,,Muy bien,Bien,Muy mal,Mal,Mal
Nueva Argentina,GS-A-00095,10/4/2026 10:23:00,,Gabriela Jackeline Gutierrez,,-33.1397673,-64.3183333,,Ruben,Castaldi,12281623,358154855422,,2,0,,Sí,,No,,No,,No,,Sí,Sí,No,,,,,,Sí,Sí,No,,No,,No,,Sí,No,4,No,,,Bien,Bien,Bien,Bien,Bien
Nueva Argentina,GS-A-00096,10/4/2026 10:23:30,,Anahi verom,,-33.13513514,-64.31443241,,Delfina,Heredia,10483486,155488141,,3,3,,Sí,,No,,No,,No,,Sí,No,Sí,Intelectual y Mental,Sí,No,,,Sí,Sí,No,,No,No,Sí,C.A.P.S. 9,No,No,3,Sí,"Sí, todos","Sí, todos",Muy bien,Muy bien,Bien,Muy bien,Muy bien
Nueva Argentina,GS-A-00097,10/4/2026 10:23:37,,Melina Cretton,,-33.1368238,-64.3141957,,Valerio,Ledesma,7361976,,,2,0,,Sí,,Sí,1,No,,No,,Sí,Sí,Sí,,No,No lo sé,,,Sí,,,,No,,Sí,C.A.P.S. 9,Sí,No,3,No,,,Bien,Mal,Mal,Mal,Mal
Nueva Argentina,GS-A-00098,10/4/2026 10:24:15,,Jessica Rossa,,-33.1412305,-64.3142163,,Cecilia,Senti,28579710,3585729214,,6,2,Sí,Sí,,No,,Sí,Asistencia Alimentaria a Familias,No,,Sí,Sí,No,,,,,,No,,,,No,Sí,No,,No,No,4,Sí,"Sí, todos","Sí, todos",Muy bien,Bien,Muy mal,Mal,Muy mal
Nueva Argentina,GS-A-00099,10/4/2026 10:24:26,,pablo giacomuzzi,,-33.1417043,-64.314212,,Paola,Dautilio,26006076,3586543054,,4,0,,Sí,,No,,No,,No,,Sí,Sí,Sí,Intelectual y Mental,Sí,No,,,No,,,,No,,Sí,C.A.P.S. 9,Sí,No,2,Sí,No,No,Muy mal,Bien,Muy mal,Muy mal,Muy mal
Nueva Argentina,GS-A-00100,10/4/2026 10:27:01,,Escudero Maria Soledad,,-33.1428634,-64.3145848,,Marcela,Cueva,18204279,3585177631,,5,2,Sí,Sí,,No,,No,,No,,Sí,Sí,Sí,Auditiva,Sí,No,,,Sí,Sí,Sí,Alberdi,No,Sí,Sí,C.A.P.S. 9,Sí,No,4,Sí,"Sí, todos","Sí, todos",Bien,Bien,Mal,Mal,Bien
Nueva Argentina,GS-A-00101,10/4/2026 10:28:03,,Melina Cretton,,-33.1391481,-64.3149529,,Omar,Mariani,14335196,,,2,0,,Sí,,No,,No,,No,,Sí,Sí,No,,,,,,Sí,No,No,,No,,Sí,C.A.P.S. 9,No,No,4,Sí,"Sí, todos",Algunos,Bien,Bien,Mal,Mal,Muy mal
Nueva Argentina,GS-A-00102,10/4/2026 10:28:13,,Jael Rolon,,-33.1357098,-64.3137311,,Vanina,Gonzalez,,,,2,0,,Sí,,No,,No,,No,,Sí,Sí,Sí,Intelectual y Mental,Sí,No,,,No,,,,No lo sé,,Sí,C.A.P.S. 9,No,No,2,No,,,Mal,Bien,Muy mal,Muy mal,Mal
Nueva Argentina,GS-A-00103,10/4/2026 10:28:39,,Jessica Rossa,,-33.1406836,-64.3139048,,Federico,Arias,30668496,358155044174,,3,1,Sí,Sí,,No,,No,,No,,Sí,Sí,No,,,,,,No,,,,No,Sí,Sí,Centro de Salud Municipal,Sí,No,4,Sí,"Sí, todos","Sí, todos",Muy bien,Muy bien,Muy mal,Mal,Muy mal
Nueva Argentina,GS-A-00104,10/4/2026 10:29:54,,Anahi veron,,-33.13513514,-64.31443241,,María Alejandra,Cardetti,17356090,156025991,,3,3,,Sí,,No,,No,,No,,Sí,Sí,No,,,,,,Sí,Sí,No,,No,Sí,Sí,C.A.P.S. 9,Sí,No,4,Sí,"Sí, todos","Sí, todos",Muy bien,Muy bien,Mal,Bien,Mal
Nueva Argentina,GS-A-00105,10/4/2026 10:30:13,,BENITEZ NOELIA,,-33.1387903,-64.3163675,,Maria,Iriarte,,,,4,1,,Sí,,No,,No,,No,,Sí,Sí,Sí,Visual,Sí,No,,,Sí,Sí,No,,No,Sí,No,,Sí,No,4,No,,,Mal,Muy mal,Muy mal,Muy mal,Muy mal
Nueva Argentina,GS-A-00106,10/4/2026 10:31:02,,pablo giacomuzzi,,-33.1416984,-64.3141973,,Luisa,Balmaceda,6503382,3584325911,,3,1,Sí,No,1,No,,No,,No,,Sí,Sí,No,,,,,,No,,,,No,No lo sé,Sí,C.A.P.S. 9,No,No,4,Sí,No lo sé,"Sí, todos",Muy mal,Mal,Muy mal,Muy mal,Muy mal
Nueva Argentina,GS-A-00107,10/4/2026 10:32:11,,Melina Cretton,,-33.1393968,-64.3151854,,Ariana,Mastrangelo,42386049,3584281727,,4,0,,Sí,,No,,No,,No,,Sí,Sí,No,,,,,,Sí,No,No,,No,,Sí,C.A.P.S. 9,No,No,4,Sí,"Sí, todos",Algunos,Mal,Bien,Muy mal,Muy mal,Muy mal
Nueva Argentina,GS-A-00108,"10/4/2026, 10:32:46 a. m.",,mateo robledo,,-33.13788545,-64.31599295,,beatriz,amuchasti,12863077,154265501,,2,0,,Sí,,No,,No,,No,,Sí,Sí,Sí,Motora,No,No,,,Sí,Sí,No,,No,,No,,No,No,4,Sí,"Sí, todos","Sí, todos",Bien,Bien,Bien,Muy mal,Mal
Nueva Argentina,GS-A-00109,10/4/2026 10:32:51,,BENITEZ NOELIA,,-33.1373011,-64.3162573,,Claudia,Velazquez,,,,3,0,,Sí,,Sí,,No,,No,,Sí,Sí,No,,,,,,No,,,,No,,No,,No,No,4,Sí,"Sí, todos","Sí, todos",Muy mal,Muy mal,Muy mal,Muy mal,Muy mal
Nueva Argentina,GS-A-00110,10/4/2026 10:33:12,,Escudero Maria Soledad,,-33.1417334,-64.3141063,,Daniel delfina,Ortiz,46770080,3585130991,,3,0,,Sí,,No,,No,,No,,Sí,Sí,No,,,,,,Sí,Sí,No,,No,,Sí,S24 Alberdi,Sí,No,4,Sí,No,No,Bien,Bien,Mal,Muy mal,Mal
Nueva Argentina,GS-A-00111,10/4/2026 10:34:10,,Anahi veron,,-33.13513514,-64.31443241,,Cesar,Valfre,39823112,3584253441,,2,2,,Sí,,No,,No,,No,,Sí,Sí,No,,,,,,No,,,,No,Sí,Sí,Centro de Salud Municipal,No,No,4,Sí,"Sí, todos","Sí, todos",Muy bien,Muy bien,Ns/Nc,Mal,Ns/Nc
Nueva Argentina,GS-A-00112,10/4/2026 10:34:47,,Melina Cretton,,-33.1396252,-64.3151158,,Angel,Barolo,43810547,3584924843,,4,2,Sí,Sí,,No,,No,,No,,Sí,Sí,No,,,,,,No,,,,No,Sí,No,,No,No,4,No,,,Mal,Bien,Muy mal,Muy mal,Muy mal
Nueva Argentina,GS-A-00113,10/4/2026 10:35:26,,Jessica Rossa,,-33.1406864,-64.3138304,,Leticia,Escudero,10585330,154343007,,5,1,Sí,Sí,,No,,No,,No,,Sí,Sí,No,,,,,,Sí,Sí,Sí,Alberdi,No,Sí,Sí,C.A.P.S. 9,Sí,No,4,Sí,No,No,Muy bien,Bien,Muy mal,Mal,Muy mal
Nueva Argentina,GS-A-00114,10/4/2026 10:37:49,,Anahi Veron,,-33.13513514,-64.31443241,,Michael,Lucero,37490316,3584026713,,4,3,Sí,Sí,,No,,No,,No,,Sí,Sí,No,,,,,,No,,,,No,Sí,No,,No,No,4,Sí,"Sí, todos","Sí, todos",Muy bien,Muy bien,Ns/Nc,Ns/Nc,Ns/Nc
Nueva Argentina,GS-A-00115,10/4/2026 10:39:37,,Melina Cretton,,-33.1395426,-64.3150949,,Rita,Rosales,26925974,3584221483,,4,0,,Sí,,No,,No,,No,,Sí,Sí,No,,,,,,Sí,No,No,,No,,Sí,C.A.P.S. 9,Sí,No,4,Sí,"Sí, todos","Sí, todos",Bien,Mal,Muy mal,Muy mal,Muy mal
Nueva Argentina,GS-A-00116,10/4/2026 10:41:24,,Jessica Rossa,,-33.1397778,-64.3134765,,Norma,Ochoa,,,,4,1,Sí,Sí,,No,,No,,No,,Sí,Sí,No,,,,,,Sí,Sí,No,,No,Sí,Sí,C.A.P.S. 9,No,No,4,Sí,No,Algunos,Muy bien,Bien,Muy mal,Muy mal,Muy mal
Nueva Argentina,GS-A-00117,10/4/2026 10:41:45,,Gabriela Jackeline Gutierrez,,-33.1373365,-64.3177811,,Yolanda,Frachetti,6173700,3585724303,,2,0,,Sí,,No,,Sí,Asistencia Alimentaria a Familias,No,,Sí,No,Sí,Motora,Sí,No,,,Sí,Sí,No,,No,,No,,No,No,4,Sí,"Sí, todos",No,Mal,Bien,Mal,Mal,Bien
Nueva Argentina,GS-A-00118,"10/4/2026, 10:42:14 a. m.",,Robledo Brenda,,,,,Cristian,Burgos,35279781,3585148604,,8,5+,Sí,Sí,,No,,No,,No,,Sí,Sí,No,,,,,,No,,,,No,Sí,Sí,C.A.P.S. 9,No,No,4,Sí,"Sí, todos","Sí, todos",Bien,Mal,Bien,Bien,Bien
Nueva Argentina,GS-A-00119,10/4/2026 10:43:36,,Maria Paz Amaya Ferro,,-33.13575,-64.3137247,,Macarena,Gonzalez,,,,4,2,Sí,Sí,,No,,No,,No,,Sí,Sí,No,,,,,,No,,,,No,Sí,Sí,C.A.P.S. 9,Sí,No,2,Sí,"Sí, todos","Sí, todos",Mal,Mal,Mal,Muy mal,Mal
Nueva Argentina,GS-A-00120,10/4/2026 10:46:45,,Escudero Maria Soledad,,-33.1411103,-64.3140365,,Jose,Balmaceda,30346698,3584394672,,2,0,,Sí,,No,,No,,No,,Sí,Sí,No,,,,,,Sí,Sí,No,,No,,Sí,C.A.P.S. 9,No,No,4,Sí,No,No,Bien,Bien,Bien,Muy mal,Mal
Nueva Argentina,GS-A-00121,10/4/2026 10:47:03,,Jessica Rossa,,-33.1393195,-64.3134096,,Marcelo,Ceballos,21694559,3585489106,,3,0,,Sí,,No,,Sí,Asistencia Alimentaria a Familias,No,,Sí,Sí,No,,,,,,No,,,,No,,Sí,C.A.P.S. 9,Sí,No,2,Sí,"Sí, todos","Sí, todos",Muy bien,Muy bien,Muy mal,Mal,Muy mal
Nueva Argentina,GS-A-00122,"10/4/2026, 10:48:26 a. m.",,Robledo Brenda,,,,,Adriana,Moya,,3584266834,,1,0,,Sí,,No,,No,,No,,Sí,Sí,No,,,,,,Sí,Sí,Sí,Municipales,No,,No,,No,No,4,No,,,Bien,Mal,Mal,Bien,Bien
Nueva Argentina,GS-A-00123,10/4/2026 10:48:32,,pablo giacomuzzi,,-33.1398648,-64.3135585,,María margarita,Ojeda,10054128,4662787,,2,0,,Sí,,No,,No,,No,,No,No,No,,,,,,Sí,Sí,No,,No,,No,,Sí,No,4,Sí,Algunos,No,Muy mal,Muy mal,Muy mal,Muy mal,Muy mal
Nueva Argentina,GS-A-00124,10/4/2026 10:48:37,,Gabriela Jackeline Gutierrez,,-33.1348221,-64.3167497,,Carmen,Zabala,4409096,3584662622,,2,0,,Sí,,No,,No,,No,,Sí,No,No,,,,,,Sí,Sí,No,,No,,No,,No,No,4,No,,,Bien,Mal,Mal,Mal,Mal
Nueva Argentina,GS-A-00125,10/4/2026 10:49:20,,Melina Cretton,,-33.1400564,-64.3150945,,Nancy,Machuca,16279148,3584669498,,6,1,Sí,Sí,,No,,No,,No,,Sí,Sí,No,,,,,,Sí,Sí,No,,No,Sí,Sí,C.A.P.S. 9,Sí,No,3,Sí,"Sí, todos","Sí, todos",Mal,Mal,Mal,Mal,Mal
Nueva Argentina,GS-A-00126,10/4/2026 10:50:18,,Anahi veron,,-33.13513514,-64.31443241,,Estefani,Escudero,41119067,3584863169,,4,3,Sí,Sí,,No,,No,,No,,Sí,Sí,No,,,,,,No,,,,No,Sí,Sí,C.A.P.S. 9,No,No,4,Sí,No,"Sí, todos",Mal,Muy bien,Ns/Nc,Muy mal,Ns/Nc
Nueva Argentina,GS-A-00127,10/4/2026 10:55:00,,Melina Cretton,,-33.1402278,-64.3153726,,Soledad,Manara,38281042,3584185422,,4,2,Sí,Sí,,No,,No,,No,,Sí,Sí,No,,,,,,No,,,,No,Sí,Sí,C.A.P.S. 9,No,No,4,Sí,"Sí, todos","Sí, todos",Bien,Bien,Mal,Mal,Mal
Nueva Argentina,GS-A-00128,"10/4/2026, 10:55:00 a. m.",,Robledo Brenda,,,,,Maria del carmen,Rodríguez,,,,1,0,,Sí,,No,,No,,No,,Sí,Sí,No,,,,,,Sí,No,No,,No,,Sí,C.A.P.S. 1,No,No,3,Sí,No,Algunos,Bien,Bien,Bien,Bien,Bien
Nueva Argentina,GS-A-00129,10/4/2026 10:57:35,,Jessica Rossa,,-33.1393864,-64.3135131,,Alejandra,Cuello,18431550,,,6,1,Sí,Sí,,No,,Sí,Otro,No,,Sí,Sí,No,,,,,,Sí,Sí,Sí,Alberdi,No,Sí,Sí,C.A.P.S. 9,Sí,No,3,Sí,No,No,Muy bien,Muy bien,Muy mal,Muy mal,Muy mal
Nueva Argentina,GS-A-00130,10/4/2026 10:57:35,,Maria Paz Amaya Ferro,,-33.1378818,-64.314929,,Juana,Gomez,,,,5,2,Sí,Sí,,No,,No,,No,,Sí,Sí,No,,,,,,Sí,Sí,No,,No,Sí,Sí,C.A.P.S. 9,Sí,No,2,Sí,"Sí, todos","Sí, todos",Muy mal,Muy mal,Muy mal,Muy mal,Muy mal
Nueva Argentina,GS-A-00131,10/4/2026 10:57:55,,pablo giacomuzzi,,-33.1394057,-64.3135646,,Miguel,Molina,11979411,,,6,1,Sí,Sí,,Sí,,No,,No,,No,No,No,,,,,,Sí,Sí,No,,No,Sí,Sí,C.A.P.S. 9,Sí,No,2,Sí,No lo sé,No lo sé,Mal,Mal,Muy mal,Muy mal,Muy mal
Nueva Argentina,GS-A-00132,10/4/2026 10:58:02,,Gabriela Jackeline Gutierrez,,-33.1346073,-64.3167446,,Macarena,González,39475193,3586010201,,3,1,Sí,Sí,,No,,No,,No,,Sí,Sí,No,,,,,,No,,,,No,Sí,Sí,C.A.P.S. 9,No,No,4,Sí,"Sí, todos","Sí, todos",Mal,Bien,Mal,Mal,Mal
Nueva Argentina,GS-A-00133,10/4/2026 10:59:08,,Melina Cretton,,-33.1408143,-64.3154962,,Mauricio,Luna,,,,4,0,,Sí,,Sí,1,No,,No,,Sí,Sí,No,,,,,,No,,,,No,,Sí,C.A.P.S. 9,No,No,1,Sí,"Sí, todos","Sí, todos",Mal,Mal,Mal,Muy mal,Muy mal
Nueva Argentina,GS-A-00134,10/4/2026 11:00:20,,Escudero Maria Soledad,,-33.1406286,-64.3140035,,María,Franco,33682964,3586541925,,5,2,Sí,Sí,,No,,No,,No,,Sí,Sí,No,,,,,,No,,,,No,Sí,Sí,C.A.P.S. 9,No,No,4,Sí,No,Algunos,Bien,Bien,Mal,Mal,Bien
Nueva Argentina,GS-A-00135,10/4/2026 11:05:19,,Melina Cretton,,-33.141146,-64.3154981,,Brisa,Suarez,42638346,3586092819,,3,1,,Sí,,No,,No,,No,,Sí,Sí,No,,,,,,No,,,,No,Sí,Sí,C.A.P.S. 9,No,No,4,Sí,"Sí, todos",No,Bien,Bien,Mal,Mal,Mal
Nueva Argentina,GS-A-00136,10/4/2026 11:06:59,,pablo giacomuzzi,,-33.1386043,-64.3130397,,Juan Carlos,Oyola,6562161,3584318130,,3,1,Sí,Sí,,No,,No,,No,,Sí,Sí,Sí,Intelectual y Mental,No,No,,,Sí,Sí,Sí,Alberdi,No,Sí,No,,No,No,4,Sí,"Sí, todos",No,Muy mal,Muy mal,Muy mal,Muy mal,Muy mal
Nueva Argentina,GS-A-00137,10/4/2026 11:07:22,,Jessica Rossa,,-33.1385862,-64.3130089,,Luis,Mercado,13221514,3584731466,,2,0,,Sí,,No,,No,,No,,Sí,Sí,Sí,Visual,Sí,No,,,Sí,Sí,No,,No,,Sí,Centro de Salud Municipal,Sí,No,4,Sí,"Sí, todos",No,Muy bien,Mal,Mal,Bien,Mal
Nueva Argentina,GS-A-00138,10/4/2026 11:09:01,,Jael Rolon,,-33.1401018,-64.3151724,,Emilio,Lopez,,,,4,2,Sí,Sí,,No,,No,,No,,Sí,Sí,No,,,,,,No,,,,No,Sí,Sí,C.A.P.S. 9,No,No,2,Sí,Algunos,Algunos,Bien,Mal,Muy mal,Muy mal,Mal
Nueva Argentina,GS-A-00139,10/4/2026 11:09:40,,Anahi veron,,-33.13513514,-64.31443241,,María Eva,Cabral,,,,2,2,,Sí,,No,,No,,No,,Sí,No,No,,,,,,Sí,Sí,No,,No,Sí,No,,Sí,No,4,Sí,"Sí, todos","Sí, todos",Muy bien,Muy bien,Muy bien,Muy bien,Muy bien
Nueva Argentina,GS-A-00140,10/4/2026 11:11:54,,Jessica Rossa,,-33.1376914,-64.3132219,,Cardozo,Elba,,,,2,0,,Sí,,No,,No,,No,,Sí,Sí,No,,,,,,Sí,Sí,No,,No,,Sí,C.A.P.S. 9,No,No,2,No,,,Muy bien,Muy mal,Muy mal,Muy mal,Muy mal
Nueva Argentina,GS-A-00141,10/4/2026 11:13:06,,Escudero Maria Soledad,,-33.1384594,-64.3131279,,Jesica,Maidana,30840204,3585716278,,6,4,Sí,Sí,,No,,No,,Sí,Otro,Sí,Sí,No,,,,,,Sí,Sí,Sí,Otro,No,Sí,Sí,C.A.P.S. 9,No,No,4,Sí,Algunos,Algunos,Mal,Muy mal,Mal,Mal,Muy mal
Nueva Argentina,GS-A-00142,10/4/2026 11:14:10,,Anahi veron,,-33.13513514,-64.31443241,,Hugo,Gallardo,21694992,154202241,,5,1,Sí,Sí,,No,,No,,No,,Sí,Sí,Sí,Cardiovascular,No,No,,,No,,,,No,Sí,Sí,Hospital Regional San Antonio de Padua,Sí,No,4,Sí,"Sí, todos","Sí, todos",Muy bien,Muy bien,Muy bien,Muy bien,Muy bien
Nueva Argentina,GS-A-00143,10/4/2026 11:17:53,,Anahi veron,,-33.13513514,-64.31443241,,Cesar,Olmos,26652690,3585089741,,4,1,Sí,Sí,,No,,No,,No,,Sí,Sí,No,,,,,,No,,,,No,Sí,No,,No,No,4,Sí,"Sí, todos","Sí, todos",Bien,Bien,Bien,Bien,Bien
Nueva Argentina,GS-A-00144,10/4/2026 11:22:09,,Jessica Rossa,,-33.1373455,-64.3125811,,Albina,Ontivero,,,,5,0,,Sí,,No,,No,,No,,Sí,Sí,No,,,,,,No,,,,No,,Sí,C.A.P.S. 9,Sí,No,3,Sí,"Sí, todos","Sí, todos",Muy bien,Bien,Muy mal,Muy mal,Muy mal
Nueva Argentina,GS-A-00145,10/4/2026 11:24:11,,Jessica Rossa,,-33.1373455,-64.3125811,,Albina,Ontivero,,,,5,0,,Sí,,No,,No,,No,,Sí,Sí,No,,,,,,No,,,,No,,Sí,C.A.P.S. 9,Sí,No,3,Sí,"Sí, todos","Sí, todos",Muy bien,Bien,Muy mal,Muy mal,Muy mal
Nueva Argentina,GS-A-00146,10/4/2026 11:24:20,,Anahi veron,,-33.13513514,-64.31443241,,Monica,Gallardo,17356152,154817949,,2,0,,Sí,,No,,No,,No,,Sí,Sí,No,,,,,,Sí,Sí,No,,No,,Sí,C.A.P.S. 9,No,No,4,Sí,"Sí, todos","Sí, todos",Muy bien,Muy bien,Muy bien,Muy bien,Bien
Nueva Argentina,GS-A-00147,10/4/2026 11:26:18,,Anahi veron,,-33.13513514,-64.31443241,,Marcelino,Gallardo,,154817949,,1,0,,Sí,,No,,No,,No,,No,No,Sí,Visual,No,No,,,Sí,Sí,No,,No,,No,,No,No,3,No,,,Bien,Bien,Bien,Bien,Bien
Nueva Argentina,GS-A-00148,10/4/2026 11:27:28,,Escudero Maria Soledad,,-33.1373621,-64.3125982,,José Leonardo,Cejas,18448463,3584114430,,6,3,Sí,Sí,,No,,Sí,Asistencia Alimentaria a Familias,Sí,Otro,Sí,Sí,No,,,,,,No,,,,No,Sí,Sí,C.A.P.S. 9,Sí,No,4,Sí,No,No,Bien,Bien,Bien,Bien,Bien
Nueva Argentina,GS-A-00149,10/4/2026 11:29:36,,Anahi veron,,-33.13513514,-64.31443241,,Ricardo,Dominguez,37193156,155188316,,3,1,Sí,Sí,,No,,No,,No,,Sí,Sí,No,,,,,,No,,,,No,Sí,Sí,C.A.P.S. 9,No,No,4,Sí,"Sí, todos",Algunos,Muy bien,Muy bien,Muy bien,Muy bien,Muy bien
Nueva Argentina,GS-A-00150,10/4/2026 11:31:52,,Jessica Rossa,,-33.1358147,-64.3123167,,Corina,Cardoni,,,,2,0,,Sí,,No,,No,,No,,Sí,Sí,No,,,,,,No,,,,No,,Sí,C.A.P.S. 9,Sí,No,2,Sí,"Sí, todos","Sí, todos",Mal,Mal,Muy mal,Muy mal,Muy mal
Nueva Argentina,GS-A-00151,10/4/2026 11:32:52,,Anahi veron,,-33.13513514,-64.31443241,,Jimena,Rigonelli,32471050,3585174281,,10+,5+,Sí,Sí,,No,,No,,No,,Sí,Sí,Sí,Motora,Sí,No,,,No,,,,No,Sí,Sí,C.A.P.S. 9,No,No,3,Sí,No,No,Bien,Bien,Bien,Bien,Bien
Jardín (Oeste),GS-A-00152,"15/5/2026, 9:40:10 a. m.",,Rivarola Belén,,-33.11318329,-64.32327339,,Mónica,Garcia,,3584831261,,1,0,,Sí,,No,,No,,No,,Sí,Sí,No,,,,,,Sí,Sí,No,,No,,No,,Sí,No,4,No,,,Muy bien,Muy bien,Mal,Mal,Bien
Jardín (Oeste),GS-A-00153,15/5/2026 9:41:04,,Daniela Coria,,-33.1131293,-64.3230408,,Viviana,,,,,1,0,,Sí,,No,,No,,No,,Sí,Sí,No,,,,,,Sí,Sí,No,,No,,No,,Sí,No,4,Sí,"Sí, todos",No,Bien,Bien,Bien,Mal,Bien
Jardín (Oeste),GS-A-00154,15/5/2026 9:41:20,,Walter Guiñazú,,-33.1138701,-64.3226457,,Fernando,Castro,38204579,2942602460,,3,1,Sí,Sí,,No,,No,,No,,Sí,Sí,No,,,,,,No,,,,No,Sí,Sí,C.A.P.S. 8,Sí,No,4,Sí,"Sí, todos","Sí, todos",Bien,Bien,Bien,Mal,Bien
Jardín (Oeste),GS-A-00155,15/5/2026 9:41:28,,Melina Cretton,,-33.1088865,-64.324504,,Claudia,Arbillaba,,3585603112,,3,0,,Sí,,No,,No,,No,,Sí,Sí,No,,,,,,Sí,Sí,,,No,,No,,No lo sé,No,4,Sí,"Sí, todos","Sí, todos",Muy mal,Muy bien,Mal,Mal,Muy mal
Jardín (Oeste),GS-A-00156,15/5/2026 9:42:14,,Cintia Isabel  Díaz,,-33.1130028,-64.3231079,,Marcos,Rodriguez,34771469,3585604995,,6,3,Sí,Sí,,No,,No,,No,,Sí,Sí,No,,,,,,No,,,,No,Sí,No,,No,No,4,Sí,Algunos,No,Bien,Mal,Mal,Bien,Bien
Jardín (Oeste),GS-A-00157,15/5/2026 9:44:20,,María Reineri,,,,,Paola,Ustarroz,25698833,3584255271,,3,0,,Sí,,No,,No,,No,,Sí,Sí,No,,,,,,No,,,,No,,Sí,S24 Banda Norte,No,No,4,Sí,No,No,Bien,Bien,Bien,Mal,Muy mal
Jardín (Oeste),GS-A-00158,15/5/2026 9:45:18,,Vanina González,,-33.1140211,-64.3215538,,Walter,Flores,11865473,,,2,0,,Sí,,No,,No,,No,,No,Sí,No,,,,,,Sí,Sí,No,,No,,No,,Sí,No,4,Sí,"Sí, todos","Sí, todos",Bien,Bien,Ns/Nc,Muy mal,Bien
Jardín (Oeste),GS-A-00159,15/5/2026 9:49:10,,Margarita Gomez,,,,,Margarita,Gómez,,3584249778,,2,0,,Sí,,No,,No,,No,,Sí,No,Sí,Motora,Sí,Sí,,,Sí,Sí,Sí,Otro,No,,No,,No,No,4,Sí,"Sí, todos","Sí, todos",Bien,Bien,Bien,Muy mal,Muy mal
Jardín (Oeste),GS-A-00160,"15/5/2026, 9:52:13 a. m.",,Luciana Ariaudo,,,,,Alejandra,Montagut,16643700,3584368032,,2,0,,Sí,,No,,No,,No,,Sí,Sí,No,,,,,,Sí,Sí,No,,No,,Sí,S24 Banda Norte,No,No,4,Sí,"Sí, todos",Algunos,Muy bien,Muy bien,Muy bien,Mal,Bien
Jardín (Oeste),GS-A-00161,15/5/2026 9:53:24,,Carlos Marquez,,-33.1140994,-64.3227724,,Daniel Augusto,Vechi,17195060,3.58E+09,,2,1,Sí,Sí,,No,,No,,No,,Sí,Sí,No,,,,,,Sí,No,No,,No,Sí,Sí,C.A.P.S. 8,Sí,No,3,No,,,Bien,Mal,Bien,Mal,Mal
Jardín (Oeste),GS-A-00162,15/5/2026 9:53:52,,Degiovani C- Crosetto Maria,,,,,Rodrigo,Arteaga,,3585328622,,4,4,,Sí,,No,,No,,No,,Sí,Sí,No,,,,,,Sí,Sí,No,,No,No,No,,No,No,4,Sí,"Sí, todos",Algunos,Bien,Bien,Bien,Bien,Mal
Jardín (Oeste),GS-A-00163,15/5/2026 9:54:26,,Vanina gonzalez,,-33.1140302,-64.3215379,,Aida,Gomez,6173427,,,2,0,,Sí,,No,,No,,No,,No,No,No,,,,,,Sí,Sí,Sí,Otro,No,,Sí,C.A.P.S. 16,No,No,4,Sí,"Sí, todos","Sí, todos",Mal,Bien,Bien,Mal,Mal
Jardín (Oeste),GS-A-00164,15/5/2026 9:55:08,,María Reineri,,-33.111567,-64.3261447,,Daniel,Ciravegnia,16830927,3584021043,,2,0,,Sí,,No,,No,,No,,Sí,Sí,No,,,,,,Sí,No,No,,No,,Sí,S24 Banda Norte,No,No,4,Sí,No lo sé,"Sí, todos",Muy bien,Muy bien,Bien,Ns/Nc,Muy mal
Jardín (Oeste),GS-A-00165,15/5/2026 9:56:30,,Cintia Isabel  Díaz,,-33.1136052,-64.3217,,Jenifer,Giacomelli,33233153,3584321259,,3,1,Sí,Sí,,No,,No,,No,,Sí,Sí,No,,,,,,No,,,,No,Sí,Sí,C.A.P.S. 16,No,,4,Sí,No,No,Bien,Bien,Bien,Bien,Mal
Jardín (Oeste),GS-A-00166,15/5/2026 9:57:19,,Dayana Figueroa,,-33.1090593,-64.3243108,,Lita,,,3585099990,,3,0,,Sí,,No,,No,,No,,Sí,Sí,Sí,Visual,No,No,,,Sí,Sí,No,,No,,No,,Sí,No,2,Sí,"Sí, todos","Sí, todos",Muy mal,Bien,Mal,Mal,Bien
Jardín (Oeste),GS-A-00167,15/5/2026 9:57:51,,Guillermo,,-33.1122401,-64.3213975,,Silvia,,,,,5,0,,Sí,,No,,No,,No,,Sí,Sí,Sí,Intelectual y Mental,Sí,No,,,Sí,Sí,No,,No,,No,,No,No,4,Sí,"Sí, todos","Sí, todos",Bien,Bien,Bien,Bien,Bien
Jardín (Oeste),GS-A-00168,15/5/2026 10:00:35,,Carlos Marquez,,-33.1143346,-64.3223348,,Miguel Francisco,Videla,36669046,2995819055,,1,0,,Sí,,No,,No,,No,,Sí,Sí,No,,,,,,No,,,,No,,Sí,Hospital Regional San Antonio de Padua,No,No,3,No,,,Bien,Muy bien,Muy bien,Mal,Bien
Jardín (Oeste),GS-A-00169,"15/5/2026, 10:00:55 a. m.",,Vallero lorena,,,,,Patricia,Oyola,21694227,,,2,0,,Sí,,Sí,,Sí,Asistencia Monetaria a Familias,No,,No,No,Sí,,Sí,No,,,No,,,,No,,No,,Sí,No,4,No,,,Muy bien,Muy bien,Bien,Muy bien,Muy bien
Jardín (Oeste),GS-A-00170,"15/5/2026, 10:04:25 a. m.",,Luciana Ariaudo,,,,,Edit,Vasconsuelo,10821124,155083979,,1,0,,Sí,,No,,No,,No,,Sí,No,No,,,,,,Sí,Sí,No,,No,,Sí,S24 Banda Norte,Sí,No,4,No,,,Bien,Muy bien,Bien,Muy mal,Muy mal
Jardín (Oeste),GS-A-00171,15/5/2026 10:04:53,,Degiovani C- Crosetto Maria,,-33.1123195,-64.3215653,,Maria,Rosas,,358156548246,,4,2,Sí,Sí,,No,,No,,No,,Sí,Sí,No,,,,,,No,,,,No,Sí,Sí,C.A.P.S. 16,No,No,4,Sí,"Sí, todos",No,Bien,Bien,Bien,Bien,Bien
Jardín (Oeste),GS-A-00172,15/5/2026 10:05:27,,Fernando chavez,,-33.1121973,-64.3251788,,Gerardo,Bauche,32464770,3584854030,,6,4,Sí,Sí,,Sí,1,No,,No,,Sí,Sí,Sí,Intelectual y Mental,Sí,No,,,No,,,,No,Sí,Sí,C.A.P.S. 4,Sí,No,4,Sí,Algunos,"Sí, todos",Bien,Mal,Muy mal,Mal,Ns/Nc
Jardín (Oeste),GS-A-00173,"15/5/2026, 10:06:28 a. m.",,Ochoa Rosana,,-33.11316825,-64.32148015,,Raul,Suarez,11650179,3585093146,,2,0,,Sí,,No,,No,,No,,Sí,Sí,No,,,,,,Sí,Sí,Sí,Otro,No,,Sí,S24 Banda Norte,,Sí,3,No,,,Bien,Bien,Bien,Bien,Bien
Jardín (Oeste),GS-A-00174,15/5/2026 10:08:18,,Carlos Márquez,,-33.1142877,-64.3222581,,Maico,Allende,41377750,3585188316,,4,0,,Sí,,No,,No,,No,,Sí,Sí,No,,,,,,Sí,Sí,No,,No,,No,,No,No,4,Sí,No,No,Bien,Mal,Mal,Mal,Mal
Jardín (Oeste),GS-A-00175,15/5/2026 10:09:05,,Degiovani C- Crosetto Maria,,-33.1114152,-64.3223435,,Cristian,,,3586001186,,3,1,No,Sí,,No,,No,,No,,Sí,Sí,No,,,,,,No,,,,No,Sí,Sí,C.A.P.S. 16,No,No,3,Sí,"Sí, todos","Sí, todos",Bien,Mal,Bien,Mal,Mal
Jardín (Oeste),GS-A-00176,15/5/2026 10:11:15,,Guillermo,,-33.1118456,-64.3215229,,Daniel,Gauna,,,,3,0,,Sí,,No,,No,,No,,Sí,Sí,No,,,,,,Sí,Sí,No,,No,,No,,No,No,4,Sí,"Sí, todos","Sí, todos",Mal,Muy bien,Bien,Bien,Bien
Jardín (Oeste),GS-A-00177,15/5/2026 10:11:27,,Walter Guiñazú,,-33.1146894,-64.3221994,,Fernando,Parra,28192326,3585135251,,4,2,No,Sí,,No,,No,,No,,Sí,Sí,No,,,,,,No,,,,No,No,Sí,C.A.P.S. 8,No,No,4,Sí,No,No,Bien,Bien,Mal,Mal,Muy mal
Jardín (Oeste),GS-A-00178,15/5/2026 10:13:06,,Carlos Márquez,,-33.1145763,-64.3222995,,Carlos,Ortubia,38338737,3584816970,,3,1,Sí,Sí,,No,,No,,No,,Sí,Sí,No,,,,,,No,,,,No,Sí,No,,Sí,No,4,Sí,"Sí, todos","Sí, todos",Muy bien,Muy bien,Muy bien,Bien,Mal
Jardín (Oeste),GS-A-00179,"15/5/2026, 10:16:12 a. m.",,Demarchi Daniela,,,,,Santiago,Castro,41695530,3584021939,,8,0,,Sí,,No,,No,,No,,Sí,Sí,No,,,,,,No,,,,No,,,,No,Sí,4,Sí,No lo sé,No,Bien,Bien,Bien,Bien,Bien
Jardín (Oeste),GS-A-00180,15/5/2026 10:18:17,,Claudia gardiola,,,,,Analia,Correa,41367494,3584254118,,2,0,,Sí,,No,,No,,No,,No,Sí,No,,,,,,No,,,,No,,No,,No lo sé,No,4,Sí,"Sí, todos","Sí, todos",Muy bien,Muy bien,Muy bien,Muy bien,Muy bien
Jardín (Oeste),GS-A-00181,"15/5/2026, 10:19:40 a. m.",,Ochoa Rosana,,-33.11298652,-64.32144029,,Ximena,Silva,43647111,3584189472,,4,2,Sí,Sí,,No,,No,,No,,Sí,Sí,No,,,,,,No,,,,No,Sí,Sí,C.A.P.S. 16,No,No,3,Sí,No,No,Bien,Bien,Mal,Mal,Muy mal
Jardín (Oeste),GS-A-00182,"15/5/2026, 10:19:54 a. m.",,Demarchi Daniela,,,,,Martina,María de los angeles,21999678,358154395164,,2,0,,Sí,,No,,No,,No,,No,Sí,No,,,,,,Sí,Sí,No,,No,,Sí,C.A.P.S. 16,No,No,4,Sí,"Sí, todos","Sí, todos",Bien,Bien,Bien,Bien,Bien
Jardín (Oeste),GS-A-00183,15/5/2026 10:21:44,,Facundo moyano,,-33.1113852,-64.3228493,,Claudia,Ochoa,24203748,,,3,1,Sí,Sí,,Sí,,No,,No,,Sí,Sí,No,,,,,,No,,,,No,Sí,Sí,C.A.P.S. 2,No,No,4,Sí,"Sí, todos","Sí, todos",Muy bien,Muy bien,Muy bien,Muy bien,Muy bien
Jardín (Oeste),GS-A-00184,"15/5/2026, 10:24:28 a. m.",,Lorena vallero,,,,,Anabella,Salvo,,,,3,1,Sí,Sí,,No,,No,,No,,Sí,Sí,No,,,,,,No,,,,No,Sí,,,No lo sé,No,4,Sí,,,Muy bien,Muy bien,Muy bien,Muy bien,Muy bien
Jardín (Oeste),GS-A-00185,"15/5/2026, 10:29:17 a. m.",,Luciana Ariaudo,,,,,Mansilla,Erica,39546105,3585137239,,4,2,,Sí,,No,,No,,No,,Sí,Sí,No,,,,,,No,,,,No,Sí,No,,No,No,4,No,,,Muy bien,Muy bien,Mal,Muy mal,Mal
Jardín (Oeste),GS-A-00186,"15/5/2026, 10:29:44 a. m.",,Demarchi Daniela,,,,,Florencia,cardeti,41815656,3584123817,,9,3,,Sí,,Sí,1,No,,Sí,Amor y Esperanza,Sí,Sí,No,,,,,,Sí,Sí,Sí,Justicialistas,No,Sí,Sí,C.A.P.S. 16,No,No,4,Sí,No,Algunos,Bien,Bien,Bien,Bien,Bien
Jardín (Oeste),GS-A-00187,"15/5/2026, 10:31:00 a. m.",,Lorena vallero,,,,,Ivana,Ferrari,21013326,,,2,1,Sí,Sí,,No,,No,,No,,Sí,Sí,Sí,,Sí,No,,,No,,,,No,Sí,,,No,No,4,Sí,"Sí, todos","Sí, todos",Muy bien,Bien,Bien,Mal,Mal
Jardín (Oeste),GS-A-00188,15/5/2026 10:31:48,,Walter Guiñazú,,-33.1166301,-64.3236819,,Florencia,Andrada,37515421,3584197960,,4,2,Sí,Sí,,No,,No,,No,,Sí,Sí,Sí,Intelectual y Mental,Sí,No,,,No,,,,No,Sí,Sí,C.A.P.S. 8,No,No,3,Sí,No,"Sí, todos",Mal,Bien,Mal,Mal,Bien
Jardín (Oeste),GS-A-00189,"15/5/2026, 10:33:09 a. m.",,Ochoa Rosana,,-33.11126973,-64.32395202,,Maria,,,,,1,0,,Sí,,No,,No,,No,,Sí,Sí,No,,,,,,Sí,Sí,No,,No,,Sí,S24 Banda Norte,Sí,No,3,No,,,Bien,Bien,Bien,Bien,Bien
Jardín (Oeste),GS-A-00190,"15/5/2026, 10:38:01 a. m.",,Demarchi Daniela,,,,,Jackelin,Cordoba,38022308,3585404473,,3,1,Sí,Sí,,No,,No,,No,,Sí,Sí,No,,,,,,No,,,,No,Sí,No,,No,No,3,Sí,"Sí, todos","Sí, todos",Bien,Bien,Bien,Bien,Bien
Jardín (Oeste),GS-A-00191,15/5/2026 10:39:12,,Walter Guiñazú,,-33.1166517,-64.3235871,,Rocia,Rodríguez,42696894,3584397779,,4,2,Sí,Sí,,No,,No,,No,,Sí,Sí,No,,,,,,No,,,,No,Sí,Sí,C.A.P.S. 8,No,No,3,Sí,"Sí, todos","Sí, todos",Bien,Bien,Mal,Muy mal,Mal
Jardín (Oeste),GS-A-00192,15/5/2026 10:50:58,,Walter Guiñazú,,-33.1166772,-64.3237506,,Norma,Luna,14876739,3584824221,,2,0,,Sí,,No,,No,,No,,Sí,Sí,Sí,Motora,No,No,,,Sí,Sí,No,,No,,No,,Sí,No,4,Sí,No,Algunos,Bien,Bien,Mal,Mal,Bien
"Pueblo Alberdi (Mi Lugar, Mi Sueño 2 y 3)",GS-F-00001,5/6/2026 10:03:39,805,Fernando Garay,Catamarca 1029,,,,Maria,Moyano,5421147,,,4,1,Sí,Sí,,No,,No,,No,,Sí,Sí,No,,,,,,Sí,Sí,No,,No,Sí,No,,No,No,4,Sí,"Sí, todos","Sí, todos",Muy bien,Bien,Bien,Bien,Bien
"Pueblo Alberdi (Mi Lugar, Mi Sueño 2 y 3)",GS-F-00002,5/6/2026 10:15:18,1550,Rivarola belen,Psj Manuel prado 1073,,,,Juan Rodolfo Ortiz,,16960088,,,3,1,Sí,Sí,,Sí,,No,,No,,Sí,Sí,No,,,,,,Sí,No,No,,No,Sí,Sí,C.A.P.S. 11,No,No,4,No,,,Muy bien,Muy bien,Bien,Mal,Mal
"Pueblo Alberdi (Mi Lugar, Mi Sueño 2 y 3)",GS-F-00003,5/6/2026 10:16:58,797,Fernando Garay,Pje Manuel prado 1100,,,,Gladis,Bravo,14717956,,,3,0,,Sí,,Sí,,No,,Sí,Abuela Gladis,Sí,Sí,No,,,,,,Sí,Sí,No,,No,,Sí,S24 Alberdi,Sí,No,4,No,,,Bien,Bien,Bien,Bien,Bien
"Pueblo Alberdi (Mi Lugar, Mi Sueño 2 y 3)",GS-F-00004,5/6/2026 10:17:14,594,Ana Carina Campodónico,Pasaje Sanchez de Loria 1221,,,,Daniel Eduardo,IRIARTE,37490326,3584828511,,6,4,,No,,No,,No,,No,,Sí,Sí,No,,,,,,Sí,Sí,No,,No,Sí,Sí,C.A.P.S. 1,Sí,Sí,2,Sí,No,No,Bien,Mal,Bien,Mal,Muy mal
"Pueblo Alberdi (Mi Lugar, Mi Sueño 2 y 3)",GS-F-00005,5/6/2026 10:22:14,280,Ana Carina Campodónico,Pasaje Sanchez de Loria 1221,,,"-33.1470331, -64.3314236",Ana Rosa,BALMACEDA,29347503,3585097781,,10,5+,Sí,Sí,,No,,No,,No,,Sí,Sí,No,,,,,,Sí,Sí,No,,No,Sí,Sí,C.A.P.S. 1,Sí,No,2,Sí,No,No,Mal,Mal,Muy bien,Bien,Mal
"Pueblo Alberdi (Mi Lugar, Mi Sueño 2 y 3)",GS-F-00006,5/6/2026 10:36:48,871,Ana Carina Campodónico,Pasaje Sanchez de Loria 1258,,,"-33.1471486, -64.3314293",Osvaldo Antonio,MOREYRA,34884159,,,8,5+,Sí,No,,Sí,,No,,Sí,Abuela Gladis,Sí,Sí,Sí,Motora,,,,,Sí,Sí,No,,No,No lo sé,Sí,S24 Alberdi,Sí,Sí,2,Sí,No,No,Mal,Bien,Muy bien,Bien,Mal
"Pueblo Alberdi (Mi Lugar, Mi Sueño 2 y 3)",GS-F-00007,5/6/2026 10:38:32,459,Denice,Catamarca 1005,,,"-33.1456116, -64.3250893",Jonas,Castro,52898341,,,6,5+,Sí,Sí,,No,,No,,No,,Sí,Sí,No,,,,,,No,,,,No,Sí,Sí,C.A.P.S. 11,No,No,3,Sí,Algunos,Algunos,Muy bien,Mal,Mal,Mal,Bien
"Pueblo Alberdi (Mi Lugar, Mi Sueño 2 y 3)",GS-F-00008,5/6/2026 10:38:53,185,BENITEZ NOELIA,Manuelita rosas1177,,,,Mirna,Arancibia,,3584245467,,2,0,,Sí,,No,,No,,No,,Sí,Sí,No,,,,,,No,,,,No,,Sí,C.A.P.S. 11,Sí,No,4,Sí,"Sí, todos",No,Muy bien,Muy bien,Muy bien,Muy bien,Muy bien
"Pueblo Alberdi (Mi Lugar, Mi Sueño 2 y 3)",GS-F-00009,5/6/2026 10:39:13,522,Daniela Demarchi,,,,,Mirta,Sabena,4752060,3584123669,,2,0,,Sí,,Sí,,No,,No,,No,No,Sí,Visual,,,,,Sí,Sí,No,,No,,No,,No,No,4,Sí,No,No,Bien,Bien,Bien,Bien,Bien
"Pueblo Alberdi (Mi Lugar, Mi Sueño 2 y 3)",GS-F-00010,5/6/2026 10:41:08,1036,De Haes Joaquín Nicolas,Yapeyú 202,,,,José,Aguero,8556551,,,5,1,Sí,Sí,,No,,No,,No,,Sí,No,No,,,,,,Sí,Sí,No,,No,Sí,Sí,S24 Alberdi,Sí,No,3,Sí,"Sí, todos","Sí, todos",Muy bien,Muy bien,Mal,Bien,Bien
"Pueblo Alberdi (Mi Lugar, Mi Sueño 2 y 3)",GS-F-00011,5/6/2026 10:46:22,570,Ana Carina Campodónico,Pasaje Sanchez de Loria 1245,,,"-33.1473994, -64.3314196",Deslinda Ester,ROMERO,21864907,3585106086,,1,0,,Sí,,No,,No,,Sí,Abuela Gladis,Sí,Sí,No,,,,,,No,,,,No,,No,,Sí,No,1,No,,,Bien,Bien,Muy mal,Bien,Muy mal
"Pueblo Alberdi (Mi Lugar, Mi Sueño 2 y 3)",GS-F-00012,5/6/2026 10:46:24,367,Natalia Menazzi,Manuelita Rosas 1185,,,,Solange,Pervieux,34590963,3584120105,,6,3,No,Sí,,No,,No,,No,,Sí,Sí,No,,,,,,No,,,,No,Sí,Sí,C.A.P.S. 11,No,No,4,Sí,"Sí, todos","Sí, todos",Muy bien,Muy bien,Bien,Mal,Muy mal
"Pueblo Alberdi (Mi Lugar, Mi Sueño 2 y 3)",GS-F-00013,5/6/2026 10:49:25,611,Demarchi Daniela,,,,,Señora muda,No se podía comunicar,1111111,3583583582,,1,0,,Sí,,No,,No,,No,,No,No,Sí,Auditiva,,,,,No,,,,No lo sé,,No,,No lo sé,No lo sé,4,Sí,No,No,Muy bien,Bien,Muy mal,Muy mal,Ns/Nc
"Pueblo Alberdi (Mi Lugar, Mi Sueño 2 y 3)",GS-F-00014,5/6/2026 10:52:21,670,DE Haes Joaquín Nicolas,Adelia María 926,,,"-33.1454384, -64.3315944",Juan jorge,Garro,13738715,3584298831,,8,4,Sí,Sí,,Sí,,No,,No,,Sí,Sí,No,,,,,,Sí,Sí,No,,No,Sí,Sí,C.A.P.S. 9,Sí,No,4,Sí,"Sí, todos","Sí, todos",Muy bien,Muy bien,Bien,Bien,Muy mal
"Pueblo Alberdi (Mi Lugar, Mi Sueño 2 y 3)",GS-F-00015,5/6/2026 10:52:44,851,Denice,J v gonzalez 1095,,,"-33.1455751, -64.3250985",Mariela,Aguirre,0,3583583583,,2,0,,Sí,,No,,No,,No,,Sí,Sí,No,,,,,,No,,,,No,,Sí,C.A.P.S. 11,No,No,2,Sí,"Sí, todos","Sí, todos",Bien,Mal,Bien,Mal,Mal
"Pueblo Alberdi (Mi Lugar, Mi Sueño 2 y 3)",GS-F-00016,5/6/2026 10:53:12,857,BENITEZ NOELIA,,,,,Ruth,Faubeti,,3585712519,,4,2,Sí,Sí,,No,,No,,No,,Sí,Sí,No,,,,,,No,,,,No,Sí,No,,No,No,4,Sí,"Sí, todos",No,Muy bien,Muy bien,Mal,Muy bien,Muy bien
"Pueblo Alberdi (Mi Lugar, Mi Sueño 2 y 3)",GS-F-00017,5/6/2026 10:56:40,544,Natalia Menazzi,Fray Santa Maria de Oro 1166,,,,Sofia,Andrada,46511301,3582416374,,4,0,,Sí,,No,,No,,No,,Sí,Sí,No,,,,,,No,,,,No,,No,,No,No,4,Sí,"Sí, todos","Sí, todos",Muy bien,Muy bien,Bien,Bien,Bien
"Pueblo Alberdi (Mi Lugar, Mi Sueño 2 y 3)",GS-F-00018,5/6/2026 10:57:35,262,Noelia Benítez,,,,,Guillermo,Spina,,3584130389,,4,2,Sí,Sí,,No,,No,,No,,Sí,Sí,No,,,,,,No,,,,No,Sí,No,,No,No,4,Sí,"Sí, todos",No,Bien,Bien,Bien,Bien,Bien
"Pueblo Alberdi (Mi Lugar, Mi Sueño 2 y 3)",GS-F-00019,5/6/2026 10:57:52,307,Denice,Adelia maria 1323,,,"-33.1471573, -64.3259741",Tania,Palacios,45403293,3584445466,,3,1,Sí,Sí,,No,,No,,No,,Sí,Sí,No,,,,,,No,,,,No,Sí,Sí,C.A.P.S. 11,Sí,No,4,Sí,"Sí, todos",No,Mal,Bien,Mal,Mal,Mal
"Pueblo Alberdi (Mi Lugar, Mi Sueño 2 y 3)",GS-F-00020,5/6/2026 11:00:10,645,Demarchi Daniela,Adelia María 1347,,,,Veronica,Gonzalez,27699526,3585168804,,5,1,Sí,Sí,,No,,No,,No,,Sí,Sí,Sí,Motora,,,,,No,,,,No,Sí,Sí,S24 Banda Norte,Sí,Sí,4,Sí,"Sí, todos",Algunos,Bien,Bien,Bien,Bien,Bien
"Pueblo Alberdi (Mi Lugar, Mi Sueño 2 y 3)",GS-F-00021,5/6/2026 11:03:18,655,De Haes Joaquín,Adelia María 933,,,"-33.1452331, -64.3312941",Briana,Aguero,50181097,,,5,2,Sí,Sí,,No,,No,,No,,Sí,Sí,No,,,,,,No,,,,No,Sí,Sí,C.A.P.S. 9,Sí,No,4,Sí,"Sí, todos",Algunos,Muy bien,Bien,Muy mal,Mal,Muy mal
"Pueblo Alberdi (Mi Lugar, Mi Sueño 2 y 3)",GS-F-00022,5/6/2026 11:03:48,306,Denice,Adelia maria 1361,,,"-33.1467892, -64.3247972",Natalia,Aguero,27650030,3585187935,,3,0,,Sí,,No,,No,,No,,Sí,Sí,No,,,,,,No,,,,Sí,,Sí,C.A.P.S. 11,Sí,No,4,Sí,"Sí, todos","Sí, todos",Bien,Bien,Mal,Bien,Mal
"Pueblo Alberdi (Mi Lugar, Mi Sueño 2 y 3)",GS-F-00023,5/6/2026 11:05:07,457,Abigail Pomilio,Adelia María 934,,,,Tomas,López,47365713,3584199201,,3,1,Sí,Sí,,No,,No,,No,,Sí,Sí,No,,,,,,No,,,,No,Sí,No,,No,No,4,Sí,,,Bien,Muy mal,Mal,Muy mal,Bien
"Pueblo Alberdi (Mi Lugar, Mi Sueño 2 y 3)",GS-F-00024,5/6/2026 11:10:23,611,Demarchi Daniela,Fray Cardarelli 1096,,,,Elizabeth,Federice,16650613,3584265168,,6,1,,Sí,,No,,Sí,Asistencia Alimentaria a Familias,No,,Sí,Sí,Sí,Motora,,,,,Sí,Sí,No,,No,Sí,Sí,S24 Alberdi,No,No,2,Sí,No,"Sí, todos",Bien,Mal,Mal,Mal,Ns/Nc
"Pueblo Alberdi (Mi Lugar, Mi Sueño 2 y 3)",GS-F-00025,5/6/2026 11:11:22,1500,Ana Carina Campodónico,Pasaje Thames,,,"-33.1473943, -64.3313831",Miriam,RODRIGUEZ,32097853,3584259762,,2,0,,Sí,,No,,No,,No,,Sí,Sí,No,,,,,,No,,,,No,,Sí,S24 Alberdi,No,No,4,Sí,"Sí, todos",No,Muy bien,Bien,Mal,Muy bien,Mal
"Pueblo Alberdi (Mi Lugar, Mi Sueño 2 y 3)",GS-F-00026,5/6/2026 11:12:45,692,BENITEZ NOELIA,Santa María de oro 1129,,,,Natalia,Lucero,,3585009028,,4,1,Sí,Sí,,No,,No,,No,,No,Sí,Sí,Intelectual y Mental,,,,,No,,,,No,Sí,No,,Sí,Sí,3,Sí,No,"Sí, todos",Bien,Bien,Muy mal,Muy bien,Ns/Nc
"Pueblo Alberdi (Mi Lugar, Mi Sueño 2 y 3)",GS-F-00027,5/6/2026 11:12:51,547,De Haes Joaquín Nicolas,Adelia María 906,,,"-33.1452257, -64.3310499",Ramiro,Beltramino,50333705,3585146483,,5,3,Sí,Sí,,No,,No,,No,,Sí,Sí,No,,,,,,No,,,,No,Sí,Sí,S24 Alberdi,No,No,4,Sí,"Sí, todos","Sí, todos",Muy bien,Muy bien,Muy mal,Mal,Bien
"Pueblo Alberdi (Mi Lugar, Mi Sueño 2 y 3)",GS-F-00028,5/6/2026 11:18:34,872,Denice,Cardarelli 1054,,,"-33.1467216, -64.324618",Nilda,Moran,12659964,3584444444,,6,2,Sí,Sí,,No,,No,,No,,Sí,Sí,Sí,Visual,,,,,Sí,Sí,No,,No,No lo sé,Sí,C.A.P.S. 11,Sí,No,2,Sí,"Sí, todos","Sí, todos",Muy bien,Mal,Bien,Mal,Mal
"Pueblo Alberdi (Mi Lugar, Mi Sueño 2 y 3)",GS-F-00029,5/6/2026 11:22:33,670,Ana Carina Campodónico,Pasaje Thames 1158,,,"-33.1479634, -64.3280965",Jesica,CONDE,32071374,3585120214,,6,4,Sí,Sí,,No,,No,,No,,Sí,Sí,No,,,,,,No,,,,No,Sí,Sí,C.A.P.S. 11,Sí,No,4,Sí,No,No,Muy bien,Muy bien,Mal,Muy bien,Muy mal
"Pueblo Alberdi (Mi Lugar, Mi Sueño 2 y 3)",GS-F-00030,5/6/2026 11:23:39,1627,Natalia Menazzi,Sabta maría de oro 1231,,,,Gerardo flores,Flores,,3585133919,,5,2,Sí,Sí,,No,,No,,No,,Sí,Sí,No,,,,,,No,,,,No,Sí,Sí,C.A.P.S. 11,Sí,No lo sé,4,Sí,"Sí, todos","Sí, todos",Mal,Bien,Mal,Muy mal,Muy mal
"Pueblo Alberdi (Mi Lugar, Mi Sueño 2 y 3)",GS-F-00031,5/6/2026 11:28:34,280,Demarchi Daniela,Capitán prado 1322,,,,Núñez,Romina,33432337,3584855452,,7,1,Sí,Sí,,No,,No,,No,,Sí,Sí,Sí,Visual,,,,,Sí,Sí,Sí,Otro,No,Sí,Sí,S24 Alberdi,Sí,No,4,Sí,"Sí, todos","Sí, todos",Bien,Bien,Bien,Muy mal,Bien
"Pueblo Alberdi (Mi Lugar, Mi Sueño 2 y 3)",GS-F-00032,5/6/2026 11:29:30,651,Denice,Pje Manuel prado 1346,,,"-33.1465733, -64.3235464",Agustin,Diaz,12659982,3584238582,,5,1,,Sí,,No,,No,,No,,Sí,Sí,No,,,,,,Sí,Sí,No,,No,Sí,Sí,C.A.P.S. 11,No,No,4,Sí,"Sí, todos","Sí, todos",Mal,Bien,Bien,Mal,Bien
"Pueblo Alberdi (Mi Lugar, Mi Sueño 2 y 3)",GS-F-00033,5/6/2026 11:31:28,1116,De Haes Joaquín Nicolas,Yapeyú 1169,,,"-33.1452322, -64.3318258",Rene,Herrera,10697010,3584259697,,2,0,,Sí,,No,,No,,No,,Sí,Sí,No,,,,,,Sí,Sí,No,,No,,Sí,S24 Alberdi,Sí,No,4,Sí,No lo sé,No,Muy bien,Muy bien,Muy mal,Bien,Muy mal
"Pueblo Alberdi (Mi Lugar, Mi Sueño 2 y 3)",GS-F-00034,5/6/2026 11:33:10,570,Natalia Menazzi,Fray Santa Maria de Oro 1263,,,,Soledad,Morales,32680266,3584396401,,6,4,Sí,Sí,,No,,No,,No,,Sí,Sí,No,,,,,,No,,,,No,Sí,No,,No,No,4,Sí,"Sí, todos","Sí, todos",Mal,Muy mal,Bien,Muy mal,Muy mal
"Pueblo Alberdi (Mi Lugar, Mi Sueño 2 y 3)",GS-F-00035,5/6/2026 11:44:32,681,Natalia Menazzi,Fray Santa Maria de Oro 1279,,,,Ruben,Rodriguez,26652668,3584926730,,4,2,Sí,Sí,,No,,No,,No,,Sí,Sí,Sí,Intelectual y Mental,,,,,No,,,,No,Sí,Sí,S24 Alberdi,Sí,No,3,Sí,No,No,Bien,Ns/Nc,Mal,Bien,Muy mal
"Pueblo Alberdi (Mi Lugar, Mi Sueño 2 y 3)",GS-F-00036,5/6/2026 11:48:30,1014,De Haes Joaquín Nicolás,Yapeyú 1177,,,"-33.146118, -64.3318004",Belen,Baldoncini,38730499,3.59E+09,,4,2,Sí,Sí,,No,,No,,No,,Sí,Sí,No,,,,,,No,,,,No,,Sí,C.A.P.S. 11,Sí,No,4,Sí,No,No,Mal,Muy bien,Mal,Mal,Mal
"Pueblo Alberdi (Mi Lugar, Mi Sueño 2 y 3)",GS-F-00037,5/6/2026 11:59:03,298,Abigail Pomilio,Fray Justo Santa María de oro 918,,,"-33.1466839, -64.3317507",María,Alfonso,16960002,3585626229,,4,0,,Sí,,No,,No,,No,,No,Sí,Sí,,,,,,Sí,Sí,No,,No,,Sí,,Sí,No,3,Sí,,,Muy bien,Muy bien,Mal,Muy mal,Muy mal
"Pueblo Alberdi (Mi Lugar, Mi Sueño 2 y 3)",GS-F-00038,5/6/2026 12:01:45,785,De Haes Joaquín Nicolas,Santa María de oro 926,,,"-33.1462638, -64.3317894",Guillermina,Campos,12281641,3584287216,,2,0,,Sí,,No,,No,,No,,No,No,No,,,,,,Sí,Sí,,,No,,Sí,C.A.P.S. 1,Sí,No,4,Sí,Algunos,No,Muy bien,Muy bien,Mal,Muy bien,Ns/Nc
"Pueblo Alberdi (Mi Lugar, Mi Sueño 2 y 3)",GS-F-00039,5/6/2026 12:16:10,870,De Haes Joaquín Nicolas,Yapeyú 1213,,,"-33.1466851, -64.3313658",Carmen,Flesia,,3584200623,,2,0,,Sí,,No,,No,,No,,Sí,Sí,No,,,,,,Sí,Sí,No,,No,,No,,No,No,4,No,,,Muy bien,Muy bien,Muy mal,Muy mal,Bien
"Pueblo Alberdi (Mi Lugar, Mi Sueño 2 y 3)",GS-F-00040,10/6/2026 4:07:22,411,Daniela Coria,Juan díaz Solis 1140,,,,Nilda,López,13268382,,,3,1,Sí,Sí,,No,,Sí,Desarrollo Comunitario (asistencia a CIC),Sí,Abuela Gladis,Sí,Sí,No,,,,,,Sí,Sí,No,,No,Sí,Sí,C.A.P.S. 11,No,No,4,Sí,"Sí, todos","Sí, todos",Bien,Muy bien,Muy mal,Mal,Muy mal
"Pueblo Alberdi (Mi Lugar, Mi Sueño 2 y 3)",GS-F-00041,10/6/2026 4:14:02,394,Daniela Coria,Adelia María 1113,,,"-33.1464483, -64.3289117",Roberto Fabián,Genesio,18181319,,,2,0,,Sí,,No,,No,,Sí,Abuela Gladis,Sí,No,Sí,Cardiovascular,,,,,Sí,Sí,No,,No,,Sí,C.A.P.S. 11,Sí,No,4,No,,,Muy bien,Bien,Mal,Bien,Mal
"Pueblo Alberdi (Mi Lugar, Mi Sueño 2 y 3)",GS-F-00042,10/6/2026 4:20:17,376,Daniela Coria,Anibal Ponce 1159,,,"-33.1463783, -64.32943",Hugo Alfredo,Aguero,17866970,,,2,0,,Sí,,No,,No,,No,,Sí,Sí,Sí,Respiratoria,,,,,No,,,,No,,Sí,C.A.P.S. 11,Sí,No,4,No,,,Muy bien,Mal,Mal,Mal,Bien
"Pueblo Alberdi (Mi Lugar, Mi Sueño 2 y 3)",GS-F-00043,10/6/2026 4:26:39,332,Belén Rivarola,Salta 1010,,,"-33.14286891012979, -64.3288236991221",Ludmila,Pajon,,3584537515,,5,3,Sí,Sí,,No,,No,,No,,Sí,Sí,No,,,,,,No,,,,No,Sí,Sí,C.A.P.S. 11,No,No,3,Sí,No,Algunos,Bien,Mal,Bien,Muy bien,Ns/Nc
"Pueblo Alberdi (Mi Lugar, Mi Sueño 2 y 3)",GS-F-00044,10/6/2026 4:26:57,402,Daniela Coria,Fray santa María de oro 1053,,,"-33.1465254, -64.3304285",Cecilia,Vottero,33359928,3584824190,,5,2,Sí,Sí,,No,,No,,No,,Sí,Sí,No,,,,,,No,,,,No,Sí,Sí,S24 Alberdi,Sí,No,3,Sí,No,No,Bien,Bien,Bien,Bien,Ns/Nc
"Pueblo Alberdi (Mi Lugar, Mi Sueño 2 y 3)",GS-F-00045,10/6/2026 4:29:10,862,BENITEZ NOELIA,Anibal Ponce 1068,,,,Micaela,Rodríguez,35279706,3584015761,,6,4,Sí,Sí,,No,,No,,Sí,,Sí,Sí,No,,,,,,No,,,,No,Sí,Sí,C.A.P.S. 11,No,No,4,No,,,Bien,Bien,Bien,Mal,Bien
"Pueblo Alberdi (Mi Lugar, Mi Sueño 2 y 3)",GS-F-00046,10/6/2026 4:33:22,381,Daniela Coria,Juan díaz Solis 1160,,,"-33.1469583, -64.32975",Paola,Pérez,34371476,,,4,1,Sí,Sí,,No,,No,,No,,Sí,Sí,No,,,,,,Sí,Sí,No,,No,Sí,Sí,S24 Alberdi,No,No,4,Sí,No lo sé,No,Bien,Mal,Mal,Mal,Muy mal
"Pueblo Alberdi (Mi Lugar, Mi Sueño 2 y 3)",GS-F-00047,10/6/2026 4:37:33,652,María Soledad gabelle,Salta 1034,,,"-33.14285745049928, -64.32877639404197",Jennifer,Arce,,3.59E+09,,6,2,Sí,Sí,,Sí,,No,,No,,Sí,Sí,No,,,,,,Sí,Sí,No,,No,Sí,Sí,C.A.P.S. 11,No,No,4,Sí,"Sí, todos",Algunos,Muy bien,Bien,Muy bien,Muy bien,Ns/Nc
"Pueblo Alberdi (Mi Lugar, Mi Sueño 2 y 3)",GS-F-00048,10/6/2026 4:43:54,338,Benítez Noelia,Anibal Ponce al 1000,,,,Lucas,Ortiz,41483212,3584923409,,1,0,,Sí,,No,,No,,No,,No,Sí,No,,,,,,No,,,,No,,No,,No,Sí,4,Sí,No,No lo sé,Muy mal,Muy mal,Bien,Mal,Muy mal
"Pueblo Alberdi (Mi Lugar, Mi Sueño 2 y 3)",GS-F-00049,10/6/2026 4:45:07,450,Belén Rivarola,Salta 1080,,,"-33.14293955867786, -64.32837462205805",Margarita,Quevedo,,3586026518,,3,1,Sí,Sí,,No,,No,,No,,No,Sí,No,,,,,,Sí,Sí,No,,No,Sí,Sí,C.A.P.S. 11,Sí,No,4,Sí,"Sí, todos","Sí, todos",Muy bien,Bien,Bien,Muy bien,Ns/Nc
"Pueblo Alberdi (Mi Lugar, Mi Sueño 2 y 3)",GS-F-00050,10/6/2026 4:50:21,313,Belén Rivarola,Salta 1186,,,"-33.14314438147444, -64.32809031921445",Ciro,Sosa bertola,,3549445038,,2,0,,Sí,,No,,No,,No,,No,Sí,No,,,,,,Sí,No,No,,No,,No,,No,No,4,No,,,Muy bien,Bien,Bien,Bien,Ns/Nc
"Pueblo Alberdi (Mi Lugar, Mi Sueño 2 y 3)",GS-F-00051,10/6/2026 9:52:57,405,German Ortiz,Salta 1203,,,"-33.14361, -64.326483",Juan,Flores,,3584865436,,3,1,Sí,Sí,,No,,No,,No,,No,Sí,No,,,,,,No,,,,No,Sí,No,,No,No,4,Sí,,"Sí, todos",Muy bien,Bien,Muy bien,Bien,Bien
"Pueblo Alberdi (Mi Lugar, Mi Sueño 2 y 3)",GS-F-00052,10/6/2026 9:57:13,693,Joel martirnelli,Salta 1368,,,"-33.1435305, -64.326956",Ruben,Torres,21407741,3585098133,,6,3,Sí,Sí,,No,,No,,No,,Sí,Sí,Sí,Respiratoria,,,,,No,,,,No,Sí,Sí,C.A.P.S. 1,Sí,No,4,Sí,Algunos,No,Muy bien,Bien,Mal,Mal,Bien
"Pueblo Alberdi (Mi Lugar, Mi Sueño 2 y 3)",GS-F-00053,10/6/2026 9:58:24,251,Melina Cretton,pte peron este 1118,,,"-33.1410197, -64.3266824",Vanesa,Capello,31301371,3584364802,,5,2,Sí,Sí,,No,,No,,No,,Sí,Sí,No,,,,,,No,,,,No,Sí,Sí,C.A.P.S. 1,,No,4,Sí,No lo sé,No,Muy bien,Muy bien,Bien,Ns/Nc,Bien
"Pueblo Alberdi (Mi Lugar, Mi Sueño 2 y 3)",GS-F-00054,10/6/2026 10:00:09,283,Natalia Menazzi,Joaquín V Gonzalez 157,,,,Micaela,Alustiza,40928189,3585147810,,4,2,Sí,Sí,,No,,No,,No,,Sí,Sí,No,,,,,,No,,,,No,Sí,Sí,C.A.P.S. 1,No,No,4,Sí,No,No,Bien,Bien,Bien,Bien,Mal
"Pueblo Alberdi (Mi Lugar, Mi Sueño 2 y 3)",GS-F-00055,10/6/2026 10:00:15,379,Karina Gonzalez,Pasaje Alba 1050,,,,Eduardo,Godoy,26573453,3584229618,,1,0,,Sí,,No,,No,,No,,Sí,Sí,No,,,,,,No,,,,No,,Sí,C.A.P.S. 11,Sí,No,1,Sí,No,"Sí, todos",Bien,Bien,Mal,Bien,Muy mal
"Pueblo Alberdi (Mi Lugar, Mi Sueño 2 y 3)",GS-F-00056,10/6/2026 10:00:23,304,German Ortiz,Salta y José parioni,,,"-33.1437767, -64.3255457",,,,,,5,2,Sí,Sí,,No,,No,,No,,Sí,Sí,No,,,,,,No,,,,No,Sí,No,,No,No,4,Sí,"Sí, todos","Sí, todos",Muy bien,Bien,Muy bien,Muy mal,Muy bien
"Pueblo Alberdi (Mi Lugar, Mi Sueño 2 y 3)",GS-F-00057,10/6/2026 10:01:16,221,BENITEZ NOELIA,Presidente Perón este 721,,,,Taiel,Perez,,3584300803,,3,1,,Sí,,No,,No,,No,,Sí,Sí,No,,,,,,No,,,,No,Sí,No,,No,No,4,Sí,"Sí, todos","Sí, todos",Muy bien,Muy bien,Mal,Bien,Ns/Nc
"Pueblo Alberdi (Mi Lugar, Mi Sueño 2 y 3)",GS-F-00058,10/6/2026 10:03:36,643,Dayana figueroa,Precidente perón 1100,,,,Susana,Coria,24883746,3585822560,,2,0,,Sí,,No,,No,,No,,Sí,Sí,No,,,,,,No,,,,No,,No,,No,No,4,No,,,Bien,Bien,Bien,Bien,Mal
"Pueblo Alberdi (Mi Lugar, Mi Sueño 2 y 3)",GS-F-00059,10/6/2026 10:03:50,206,German ortiz,Salta 1292,,,"-33.143933, -64.325489",Laura,,,,,3,1,Sí,Sí,,No,,No,,No,,Sí,Sí,No,,,,,,No,,,,No,Sí,No,,No,No,4,No,,,Bien,Bien,Mal,Mal,Ns/Nc
"Pueblo Alberdi (Mi Lugar, Mi Sueño 2 y 3)",GS-F-00060,10/6/2026 10:04:16,1656,Hector Gonzalo Del Pozzi,Manuelita rosas 1024,,,"-33.1428696, -64.3285717",Ida,Ferrero,,3586013136,,1,0,,Sí,,No,,No,,No,,Sí,Sí,No,,,,,,Sí,Sí,No,,No,,No,,No,No,3,No,,,Bien,Bien,Mal,Mal,Mal
"Pueblo Alberdi (Mi Lugar, Mi Sueño 2 y 3)",GS-F-00061,10/6/2026 10:04:22,484,Ida Ferrero,Rosas 1024,,,"-33.1454279, -64.326957",,,,3586013136,,1,1,,Sí,,No,,No,,No,,Sí,No,No,,,,,,Sí,Sí,No,,No,No,No,,No,No,2,No,,,Muy bien,Muy bien,Ns/Nc,Muy mal,Muy bien
"Pueblo Alberdi (Mi Lugar, Mi Sueño 2 y 3)",GS-F-00062,10/6/2026 10:04:47,210,NOELIA BENITEZ,Gobernador bustos 1513,,,,Ignacio,Díaz,,3584253183,,2,0,,Sí,,No,,No,,No,,Sí,Sí,Sí,Visual,,,,,No,,,,No,,No,,No,No,4,Sí,"Sí, todos","Sí, todos",Bien,Bien,Muy mal,Mal,Bien
"Pueblo Alberdi (Mi Lugar, Mi Sueño 2 y 3)",GS-F-00063,10/6/2026 10:06:24,239,Joel martinelli,Salta 1283,,,"-33.1441492, -64.3250287",Jesica,Bustos,32097522,3584927992,,5,2,Sí,Sí,,No,,No,,No,,Sí,Sí,No,,,,,,No,,,,No,Sí,No,,Sí,No,4,No,,,Muy bien,Bien,Mal,Muy mal,Bien
"Pueblo Alberdi (Mi Lugar, Mi Sueño 2 y 3)",GS-F-00064,10/6/2026 10:07:42,445,Karina Gonzalez,I tendente daguerre 1191,,,"-33.1426707, -64.3277965",Facundo,Benitez,40204269,3585387370,,2,0,,Sí,,No,,No,,No,,Sí,Sí,No,,,,,,No,,,,Sí,,Sí,S24 Alberdi,No,No,4,Sí,"Sí, todos","Sí, todos",Mal,Bien,Bien,Muy bien,Muy bien
"Pueblo Alberdi (Mi Lugar, Mi Sueño 2 y 3)",GS-F-00065,10/6/2026 10:08:45,295,Germán Ortiz,Salta 1291,,,"-33.1438653, -64.3249903",Correa beatriz,Correa,,,,1,0,,Sí,,No,,No,,No,,Sí,Sí,No,,,,,,No,,,,No,,No,,No,No,4,Sí,"Sí, todos",No,Muy bien,Muy bien,Bien,Muy mal,Ns/Nc
"Pueblo Alberdi (Mi Lugar, Mi Sueño 2 y 3)",GS-F-00066,10/6/2026 10:12:08,468,Hector Gonzalo Del Pozzi,Manuelita rosas 1030,,,"-33.1454057, -64.3268876",Telma,Lucero,,,,1,1,,Sí,,Sí,,No,,No,,No,No,No,,,,,,Sí,Sí,No,,No,No,Sí,C.A.P.S. 11,No,No,3,No,,,Bien,Bien,Mal,Mal,Mal
"Pueblo Alberdi (Mi Lugar, Mi Sueño 2 y 3)",GS-F-00067,10/6/2026 10:13:09,486,Noelia BENITEZ,Joaquín v González 42,,,,Maro,Zuniga,,3584016264,,3,0,,Sí,,No,,No,,No,,Sí,Sí,No,,,,,,Sí,Sí,No,,No,,No,,Sí,No,4,No,,,Muy bien,Bien,Bien,Mal,Ns/Nc
"Pueblo Alberdi (Mi Lugar, Mi Sueño 2 y 3)",GS-F-00068,10/6/2026 10:14:18,332,German Ortiz,Salta 1276,,,"-33.1439433, -64.3248943",José aguero,,,,,2,0,,Sí,,No,,No,,No,,Sí,Sí,No,,,,,,No,,,,No,,No,,No,No,4,No,,,Bien,Bien,Mal,Bien,Mal
"Pueblo Alberdi (Mi Lugar, Mi Sueño 2 y 3)",GS-F-00069,10/6/2026 10:16:14,589,Joel Jaule,Salta 1445,,,"-33.1441714, -64.3247253",Nelson,Mercado,28455462,3586024321,,3,0,,Sí,,No,,No,,No,,Sí,Sí,No,,,,,,No,,,,No,,No,,No,No,4,Sí,"Sí, todos",Algunos,Muy bien,Bien,Mal,Mal,Ns/Nc
"Pueblo Alberdi (Mi Lugar, Mi Sueño 2 y 3)",GS-F-00070,10/6/2026 10:16:40,536,Karina Gonzalez,Pasaje agustin tosco 868,,,"-33.1427715, -64.3280608",Constanza,Gil,32933094,3586022033,,3,0,,Sí,,No,,No,,No,,Sí,Sí,Sí,Motora,,,,,Sí,Sí,No,,No,,Sí,C.A.P.S. 11,Sí,Sí,4,Sí,"Sí, todos","Sí, todos",Mal,Muy bien,Bien,Muy mal,Bien
"Pueblo Alberdi (Mi Lugar, Mi Sueño 2 y 3)",GS-F-00071,10/6/2026 10:19:21,303,German Ortiz,Salta 1204,,,"-33.1439275, -64.3254096",Magali,Martino,,,,4,2,Sí,Sí,,No,,No,,No,,Sí,Sí,No,,,,,,No,,,,Sí,Sí,No,,Sí,No,4,Sí,"Sí, todos",No,Bien,Bien,Bien,Mal,Muy mal
"Pueblo Alberdi (Mi Lugar, Mi Sueño 2 y 3)",GS-F-00072,10/6/2026 10:22:30,1445,Melina Cretton,Felipe del Junco 1393,,,"-33.1410023, -64.3267302",Gloria,Gallardo,29455367,3584834378,,5,2,Sí,Sí,,No,,No,,No,,Sí,Sí,No,,,,,,No,,,,No,Sí,Sí,C.A.P.S. 1,No,No,4,Sí,No lo sé,"Sí, todos",Bien,Bien,Ns/Nc,Muy mal,Mal
"Pueblo Alberdi (Mi Lugar, Mi Sueño 2 y 3)",GS-F-00073,10/6/2026 10:24:07,445,Karina gonzalez,Salta1159,,,"-33.1425685, -64.3284393",Ana,Vargas,94255884,3586021963,,3,1,Sí,Sí,,No,,No,,No,,Sí,Sí,No,,,,,,Sí,Sí,Sí,Alberdi,No,Sí,No,,No,No,4,Sí,"Sí, todos","Sí, todos",Muy mal,Mal,Bien,Muy mal,Bien
"Pueblo Alberdi (Mi Lugar, Mi Sueño 2 y 3)",GS-F-00074,10/6/2026 10:27:21,209,Noelia BENITEZ,Chiclana 1385,,,,Ornella,Moreira,,3586000181,,4,1,,Sí,,No,,No,,No,,No,Sí,No,,,,,,No,,,,No,Sí,Sí,C.A.P.S. 11,No,No,4,Sí,No,No,Bien,Bien,Bien,Mal,Mal
"Pueblo Alberdi (Mi Lugar, Mi Sueño 2 y 3)",GS-F-00075,10/6/2026 10:29:52,326,Dayana Figueroa,Pje Felipe de junco 1449,,,"-33.1426749, -64.3221777",Nilda,Palacios,5463916,,,2,0,,Sí,,No,,No,,No,,No,No,No,,,,,,Sí,Sí,No,,No,,No,,No,No,2,No,,,Bien,Muy bien,Bien,Bien,Mal
"Pueblo Alberdi (Mi Lugar, Mi Sueño 2 y 3)",GS-F-00076,10/6/2026 10:31:19,526,Melina Cretton,Felipe del Junco 1423,,,"-33.1422912, -64.3228001",Patricia,Márquez,28706201,3586009691,,2,1,Sí,Sí,,Sí,,No,,No,,Sí,Sí,Sí,Motora,,,,,No,,,,No,Sí,Sí,C.A.P.S. 4,Sí,No,3,Sí,"Sí, todos","Sí, todos",Bien,Bien,Muy mal,Mal,Muy mal
"Pueblo Alberdi (Mi Lugar, Mi Sueño 2 y 3)",GS-F-00077,10/6/2026 10:32:28,529,Deni eli,Catamarca 1341,,,"-33.1451399, -64.3256719",Milagrod,Oliva,44606568,3585618275,,3,1,Sí,Sí,,No,,No,,No,,Sí,Sí,No,,,,,,No,,,,No,Sí,Sí,C.A.P.S. 11,No,No,4,Sí,"Sí, todos",No lo sé,Bien,Bien,Bien,Mal,Mal
"Pueblo Alberdi (Mi Lugar, Mi Sueño 2 y 3)",GS-F-00078,10/6/2026 10:32:57,524,Karina Gonzalez,Cardareli 1270,,,"-33.1428236, -64.3278333",Paola,Aguilera,35543703,3584873777,,5,3,Sí,Sí,,No,,No,,Sí,Pasito a Pasito / Libres del Sur,Sí,Sí,Sí,Motora,,,,,No,,,,No,Sí,Sí,C.A.P.S. 11,Sí,No,4,Sí,"Sí, todos","Sí, todos",Bien,Bien,Bien,Muy mal,Muy mal
"Pueblo Alberdi (Mi Lugar, Mi Sueño 2 y 3)",GS-F-00079,10/6/2026 10:33:01,1968,Natalia Menazzi,Pje Agustín Tosco 853,,,,Carla,Abayay,40503927,3513754115,,2,0,,Sí,,No,,No,,No,,Sí,Sí,No,,,,,,No,,,,No,,No,,No,No,4,Sí,No,"Sí, todos",Bien,Bien,Mal,Muy mal,Ns/Nc
"Pueblo Alberdi (Mi Lugar, Mi Sueño 2 y 3)",GS-F-00080,10/6/2026 10:39:24,569,Dayana figueroa,Avid precidente perón 1466,,,"-33.142681, -64.3219657",Martin,Silva,32097820,,,5,2,Sí,Sí,,No,,No,,No,,Sí,Sí,No,,,,,,No,,,,No,Sí,No,,No,No,4,Sí,"Sí, todos","Sí, todos",Mal,Bien,Mal,Mal,Mal
"Pueblo Alberdi (Mi Lugar, Mi Sueño 2 y 3)",GS-F-00081,10/6/2026 10:39:32,393,Karina Gonzalez,B.roldan 1660,,,"-33.142487, -64.3286751",Ivan,Oyola,27034218,3586544819,,7,2,Sí,Sí,,No,,No,,No,,Sí,Sí,Sí,Intelectual y Mental,,,,,No,,,,No,Sí,Sí,S24 Alberdi,Sí,Sí,4,Sí,"Sí, todos","Sí, todos",Muy mal,Bien,Bien,Muy mal,Muy mal
"Pueblo Alberdi (Mi Lugar, Mi Sueño 2 y 3)",GS-F-00082,10/6/2026 10:39:41,432,Eli y deni,Catamarca 1419,,,"-33.1454216, -64.3244453",Paola,Flores,24048703,3584023799,,3,0,,Sí,,No,,No,,No,,Sí,Sí,No,,,,,,No,,,,No,,Sí,C.A.P.S. 1,No,No,4,Sí,No,No,Bien,Bien,Mal,Mal,Mal
"Pueblo Alberdi (Mi Lugar, Mi Sueño 2 y 3)",GS-F-00083,10/6/2026 10:39:56,515,Melina Cretton,pte peron este 1450,,,"-33.1425448, -64.3222284",mariela,Ekerman,,,,4,2,Sí,Sí,,No,,No,,No,,Sí,Sí,No,,,,,,No,,,,No,Sí,Sí,Centro de Salud Municipal,,No,4,Sí,"Sí, todos",No,Bien,Bien,Mal,Mal,Ns/Nc
"Pueblo Alberdi (Mi Lugar, Mi Sueño 2 y 3)",GS-F-00084,10/6/2026 10:42:17,162,Noelia BENITEZ,Juan Díaz de Solis 120,,,,Aaron,Carreras,,3584251629,,3,1,Sí,Sí,,No,,No,,No,,No,Sí,No,,,,,,No,,,,No,Sí,Sí,C.A.P.S. 11,No,No,4,No,,,Bien,Bien,Bien,Bien,Ns/Nc
"Pueblo Alberdi (Mi Lugar, Mi Sueño 2 y 3)",GS-F-00085,10/6/2026 10:45:53,215,NOELIA BENITEZ,Avenida Kennedy 921,,,,Gisela,Alfonso,,,,5,3,Sí,Sí,,No,,No,,No,,No,Sí,No,,,,,,No,,,,No,Sí,Sí,C.A.P.S. 11,No,No,4,Sí,"Sí, todos",Algunos,Bien,Bien,Bien,Mal,Ns/Nc
"Pueblo Alberdi (Mi Lugar, Mi Sueño 2 y 3)",GS-F-00086,10/6/2026 10:47:16,439,Melina Cretton,pte peron este 1318,,,"-33.1421678, -64.321802",Alberto,Marincons,,3584664777,,2,0,,Sí,,Sí,,No,,No,,Sí,Sí,No,,,,,,Sí,No,No,,No,,No,,No,No,4,Sí,"Sí, todos","Sí, todos",Bien,Bien,Mal,Muy mal,Ns/Nc
"Pueblo Alberdi (Mi Lugar, Mi Sueño 2 y 3)",GS-F-00087,10/6/2026 10:47:33,244,Karina Gonzalez,Quesadilla 1190,,,,Micaela,Lucero,36680770,3584251419,,2,0,,Sí,,No,,No,,No,,Sí,Sí,No,,,,,,Sí,Sí,No,,No,,No,,No,No,4,Sí,"Sí, todos","Sí, todos",Bien,Bien,Bien,Mal,Muy mal
"Pueblo Alberdi (Mi Lugar, Mi Sueño 2 y 3)",GS-F-00088,10/6/2026 10:48:05,1692,Eli deni,Catamarca 1435,,,"-33.1449948, -64.326419",Juan,Pereyra,23954390,3584222334,,4,0,,Sí,,No,,No,,No,,Sí,Sí,No,,,,,,No,,,,No,,No,,No,No,4,Sí,"Sí, todos","Sí, todos",Bien,Bien,Mal,Mal,Mal
"Pueblo Alberdi (Mi Lugar, Mi Sueño 2 y 3)",GS-F-00089,10/6/2026 10:51:15,335,Natalia Menazzi,Pje Gallo 1290,,,,Belen,Vergelin,35544472,3585623920,,4,2,Sí,Sí,,No,,No,,No,,Sí,Sí,No,,,,,,No,,,,No,Sí,Sí,C.A.P.S. 11,No,No,4,Sí,No,No,Bien,Bien,Bien,Bien,Ns/Nc
"Pueblo Alberdi (Mi Lugar, Mi Sueño 2 y 3)",GS-F-00090,10/6/2026 10:54:24,378,Dani y eli,Catamarca 1453,,,"-33.1457265, -64.323075",Rosana,Castro,26652621,3586008791,,10,2,Sí,Sí,,No,,No,,No,,Sí,Sí,No,,,,,,No,,,,No,Sí,Sí,C.A.P.S. 14,No,No,3,Sí,"Sí, todos","Sí, todos",Bien,Bien,Mal,Mal,Mal
"Pueblo Alberdi (Mi Lugar, Mi Sueño 2 y 3)",GS-F-00091,10/6/2026 11:01:46,629,Natalia Menazzi,Pje Gallo 1174,,,,Yamila,Torres,38110630,3584819819,,5,3,Sí,Sí,,No,,No,,No,,Sí,Sí,Sí,Intelectual y Mental,,,,,No,,,,No,Sí,Sí,C.A.P.S. 11,Sí,No,4,No,,,Bien,Bien,Bien,Ns/Nc,Muy mal
"Pueblo Alberdi (Mi Lugar, Mi Sueño 2 y 3)",GS-F-00092,10/6/2026 11:08:28,1254,Karina Gonzalez,Pasaje prado1080,,,"-33.1432551, -64.3284525",Graciela,Mardones,27504637,3584257772,,10,4,Sí,Sí,,No,,No,,No,,Sí,Sí,Sí,Motora,,,,,No,,,,No,Sí,Sí,C.A.P.S. 11,No,No,1,Sí,"Sí, todos","Sí, todos",Bien,Mal,Bien,Muy mal,Muy mal
"Pueblo Alberdi (Mi Lugar, Mi Sueño 2 y 3)",GS-F-00093,10/6/2026 11:57:42,559,Karina Gonzalez,Pasaje gallo 348,,,"-33.1429396, -64.3282247",Marina,Lopez,29347869,3585148234,,5,1,Sí,Sí,,No,,No,,No,,Sí,Sí,No,,,,,,Sí,Sí,No,,No,Sí,Sí,C.A.P.S. 1,Sí,No,3,Sí,"Sí, todos",No,Muy bien,Bien,Bien,Muy mal,Muy mal
"Pueblo Alberdi (Mi Lugar, Mi Sueño 2 y 3)",GS-F-00094,10/6/2026 12:01:46,242,Karina Gonzalez,Pasaje gallo 767,,,"-33.1432242, -64.3287524",Claudia,Gonzalez,20700843,3584118762,,2,0,,Sí,,No,,No,,No,,Sí,Sí,No,,,,,,No,,,,No,,Sí,C.A.P.S. 1,Sí,No,4,Sí,"Sí, todos","Sí, todos",Bien,Bien,Bien,Muy mal,Muy mal
"Pueblo Alberdi (Mi Lugar, Mi Sueño 2 y 3)",GS-F-00095,11/6/2026 10:47:40,86,Valentín Barroso,Daguerre 1147,,,,Nazareno,Goenaga,,3584368132,,3,1,Sí,Sí,,No,,No,,No,,Sí,Sí,No,,,,,,No,,,,No,Sí,No,,No,No,1,Sí,"Sí, todos",Algunos,Bien,Bien,Ns/Nc,Bien,Ns/Nc
"Pueblo Alberdi (Mi Lugar, Mi Sueño 2 y 3)",GS-F-00096,11/6/2026 10:53:04,335,Benítez Noelia,Daguerre 1167,,,,Juan carlos,Torrazzo,20197102,3584230171,,3,0,,Sí,,No,,No,,No,,Sí,Sí,No,,,,,,No,,,,No,,No,,No,No,4,Sí,Algunos,Algunos,Muy bien,Muy bien,Muy mal,Muy bien,Mal
"Pueblo Alberdi (Mi Lugar, Mi Sueño 2 y 3)",GS-F-00097,11/6/2026 10:55:02,1155,Mía villareal,Salta 1030,,,"-33.1229402, -64.3472462",Melania,Gatica,35543798,3585139403,,4,3,Sí,Sí,,No,,No,,Sí,Otro,Sí,No,Sí,Motora,,,,,No,,,,No,Sí,Sí,C.A.P.S. 11,No,No,2,Sí,"Sí, todos","Sí, todos",Bien,Bien,Bien,Bien,Ns/Nc
"Pueblo Alberdi (Mi Lugar, Mi Sueño 2 y 3)",GS-F-00098,11/6/2026 10:56:26,201,Benítez Noelia,Daguerre 1188,,,,Hugo,Benedetti,12467875,3584308195,,2,0,,Sí,,No,,No,,No,,Sí,Sí,No,,,,,,Sí,Sí,No,,No,,No,,No,No,4,No,,,Muy bien,Muy bien,Bien,Bien,Bien
"Pueblo Alberdi (Mi Lugar, Mi Sueño 2 y 3)",GS-F-00099,11/6/2026 11:01:27,300,Valentín Barroso,Daguerre 1053,,,,Jorge,González,18043223,3586056617,,5,3,Sí,Sí,,No,,No,,No,,Sí,Sí,No,,,,,,Sí,Sí,Sí,Alberdi,No,No,Sí,,No,No,4,Sí,No,No,Mal,Mal,Ns/Nc,Bien,Ns/Nc
"Pueblo Alberdi (Mi Lugar, Mi Sueño 2 y 3)",GS-F-00100,11/6/2026 11:03:46,138,Valentín Barroso,Daguerre 1175,,,,Monica,Caminos,14549468,3585098268,,1,0,,Sí,,No,,No,,No,,Sí,Sí,No,,,,,,Sí,Sí,No,,No,,Sí,,No,No,4,No,,,Muy bien,Bien,Ns/Nc,Ns/Nc,Ns/Nc
"Pueblo Alberdi (Mi Lugar, Mi Sueño 2 y 3)",GS-F-00101,11/6/2026 11:04:10,546,Mía villareal,Fray Luis Beltran 968,,,"-33.1229514, -64.3472633",Ana,Bustos,28208760,3584846911,,4,2,Sí,Sí,,No,,No,,No,,Sí,Sí,Sí,Motora,,,,,No,,,,No,Sí,No,,Sí,No,4,Sí,"Sí, todos","Sí, todos",Mal,Bien,Muy mal,Muy mal,Muy mal
"Pueblo Alberdi (Mi Lugar, Mi Sueño 2 y 3)",GS-F-00102,11/6/2026 11:08:07,260,Priscila oliva,José de alba 1073,,,,Jorge,Torres,32015516,3585110241,,5,2,Sí,Sí,,No,,No,,No,,Sí,Sí,No,,,,,,No,,,,No,Sí,Sí,,No,No,4,Sí,"Sí, todos","Sí, todos",Bien,Bien,Mal,Muy mal,Muy mal
"Pueblo Alberdi (Mi Lugar, Mi Sueño 2 y 3)",GS-F-00103,16/6/2026 8:10:12,308,UMA CARRANZA,INTENDENTE DAGUERRE 1036,,,,NOELIA,GONZALEZ,39422766,3585144932,,6,3,Sí,Sí,,No,,No,,No,,Sí,Sí,No,,,,,,Sí,Sí,Sí,Alberdi,No,Sí,No,,Sí,No,4,Sí,Algunos,No,Mal,Bien,Mal,Muy mal,Muy mal
"Pueblo Alberdi (Mi Lugar, Mi Sueño 2 y 3)",GS-F-00104,16/6/2026 8:13:56,223,MIA VILLARREAL,SALTA Y YAPEYÚ,,,,ESTELA,RODRIGUEZ,,3584183953,,1,0,,Sí,,No,,No,,No,,Sí,Sí,No,,,,,,Sí,Sí,Sí,Alberdi,No,,No,,Sí,No,4,Sí,"Sí, todos","Sí, todos",Bien,Bien,Bien,Bien,Bien
"Pueblo Alberdi (Mi Lugar, Mi Sueño 2 y 3)",GS-F-00105,16/6/2026 8:18:30,271,MIA VILLARREAL,SALTA 1088,,,,VICTOR,RIOS,23902947,3585105227,,2,0,,Sí,,No,,No,,No,,Sí,Sí,Sí,Cardiovascular,,,,,No,,,,No,,No,,Sí,No,4,Sí,"Sí, todos",No,Bien,Bien,Bien,Mal,Ns/Nc
"Pueblo Alberdi (Mi Lugar, Mi Sueño 2 y 3)",GS-F-00106,16/6/2026 8:25:26,414,BENITEZ NOELIA,INTENDENTE DAGUERRE 1119,,,,OSVALDO,PIOSSI,17184198,3585146727,,2,0,,Sí,,No,,No,,No,,Sí,Sí,No,,,,,,Sí,No,No,,No,,Sí,S24 Alberdi,Sí,No,4,Sí,"Sí, todos","Sí, todos",Bien,Bien,Ns/Nc,Muy mal,Ns/Nc
"Pueblo Alberdi (Mi Lugar, Mi Sueño 2 y 3)",GS-F-00107,16/6/2026 8:37:16,708,PRISCILA OLIVA,INTENDENTE DAGUERRE 1018,,,,ANALIA,BARRERA,21996994,3585602718,,4,1,Sí,Sí,,No,,No,,No,,Sí,Sí,No,,,,,,Sí,No,No,,No,Sí,No,,Sí,No,4,Sí,"Sí, todos","Sí, todos",Bien,Mal,Bien,Muy mal,Muy mal
"Pueblo Alberdi (Mi Lugar, Mi Sueño 2 y 3)",GS-F-00108,16/6/2026 8:42:33,316,VALENTIN BARROSO,INTENDENTRE DAGUERRE 1196,,,,HUGO,BESSONI,25408272,3584118252,,4,2,Sí,Sí,,No,,No,,No,,Sí,Sí,No,,,,,,No,,,,No,Sí,No,,No,No,4,Sí,"Sí, todos","Sí, todos",Bien,Bien,Bien,Bien,Ns/Nc
"Pueblo Alberdi (Mi Lugar, Mi Sueño 2 y 3)",GS-F-00109,16/6/2026 8:46:11,217,MIA VILLARREAL,SALTA 914,,,,MIRIAM,BAEZ,45247474,3584377255,,5,1,Sí,Sí,,No,,No,,No,,Sí,Sí,Sí,Respiratoria,,,,,Sí,Sí,No,,No,Sí,Sí,C.A.P.S. 11,Sí,No,3,Sí,"Sí, todos",No,Bien,Mal,Bien,Bien,Ns/Nc
"Pueblo Alberdi (Mi Lugar, Mi Sueño 2 y 3)",GS-F-00110,16/6/2026 8:50:23,251,MIA VILLARREAL,3585482538,,,,EDUARDO,MANSILLA,35544327,,,6,4,Sí,Sí,,No,,No,,No,,Sí,Sí,No,,,,,,No,,,,No,,Sí,S24 Alberdi,No,No,4,Sí,"Sí, todos","Sí, todos",Bien,Mal,Bien,Bien,Ns/Nc
"Pueblo Alberdi (Mi Lugar, Mi Sueño 2 y 3)",GS-F-00111,16/6/2026 8:53:40,195,MIA VILLARREAL,SALTA 1060,,,,CINTIA,SCOLARI,,3585107199,,3,1,Sí,Sí,,No,,No,,No,,Sí,Sí,No,,,,,,No,,,,No,Sí,Sí,S24 Alberdi,No,No,4,Sí,No,Algunos,Bien,Bien,Bien,Bien,Ns/Nc
"Pueblo Alberdi (Mi Lugar, Mi Sueño 2 y 3)",GS-F-00112,16/6/2026 8:59:22,341,MARIA SOLEDADGABELLE,SALTA 911,,,,JESICA,AGUILERA,,3586008822,,5,3,Sí,Sí,,No,,No,,No,,Sí,Sí,No,,,,,,No,,,,No,No,Sí,C.A.P.S. 11,No,No,4,Sí,No,No,Muy bien,Muy bien,Bien,Muy bien,Ns/Nc
"Pueblo Alberdi (Mi Lugar, Mi Sueño 2 y 3)",GS-F-00113,16/6/2026 9:02:33,190,MARIA SOLEDAD GABELLE,SALTA 912 INTERNA,,,,LORENA,AGUILERA,,3585606035,,4,1,Sí,Sí,,No,,No,,No,,Sí,Sí,No,,,,,,No,,,,No,No,No,,No,No,4,Sí,No,No,Bien,Bien,Bien,Muy bien,Ns/Nc
"Pueblo Alberdi (Mi Lugar, Mi Sueño 2 y 3)",GS-F-00114,16/6/2026 9:12:02,568,MARIA SOLEDAD GABELLE,SALTA 964,,,,CECILIA,VESA,,3584310656,,3,1,Sí,Sí,,No,,No,,Sí,,Sí,Sí,No,,,,,,No,,,,No,Sí,Sí,C.A.P.S. 11,No,No,4,Sí,"Sí, todos","Sí, todos",Bien,Bien,Bien,Bien,Ns/Nc
"Pueblo Alberdi (Mi Lugar, Mi Sueño 2 y 3)",GS-F-00115,16/6/2026 9:16:09,246,PRICILA OLIVA,PJE VICENTE1336,,,,ELVA,LOIMA,11840499,3584235111,,2,0,,Sí,,No,,No,,Sí,Abuela Gladis,Sí,Sí,No,,,,,,Sí,Sí,Sí,Alberdi,No,,Sí,S24 Alberdi,Sí,No,3,No,,,Bien,Bien,Bien,Bien,Muy mal
"Pueblo Alberdi (Mi Lugar, Mi Sueño 2 y 3)",GS-F-00116,16/6/2026 9:35:03,1131,KEILA PEREZ,INTENDENTE DAGUERRE 1044,,,,FLORENCIA,LUNA,,,,4,2,Sí,Sí,,No,,No,,No,,Sí,Sí,No,,,,,,No,,,,No,Sí,,,,No,4,Sí,No,No,Bien,Bien,Bien,Bien,Muy mal
"Pueblo Alberdi (Mi Lugar, Mi Sueño 2 y 3)",GS-F-00117,16/6/2026 9:41:12,368,UMA CARRANZA,JOSÉ DE ALVA 1075,,,,RICARDO,DOMINGUEZ,10252572,,,1,0,,Sí,,No,,Sí,Otro,No,,No,No,No,,,,,,Sí,Sí,No,,No,,Sí,C.A.P.S. 11,Sí,No,4,No,,,Bien,Muy bien,Muy bien,Bien,Bien
"Pueblo Alberdi (Mi Lugar, Mi Sueño 2 y 3)",GS-F-00118,16/6/2026 9:49:18,483,KEILA PEREZ,PJE JOSÉ DE ALVA 1023,,,,MILENA,ARECO,44203057,3584247148,,5,3,Sí,Sí,,No,,No,,No,,Sí,Sí,Sí,Motora,,,,,No,,,,No,Sí,No,,No,No,4,No,,,Bien,Bien,Bien,Bien,Muy mal
"Pueblo Alberdi (Mi Lugar, Mi Sueño 2 y 3)",GS-F-00119,16/6/2026 9:50:46,193,Keila Pérez,Pasaje de alva 1089,,,,Yanina,Pérez,31904830,3585006833,,4,2,Sí,Sí,,No,,No,,No,,Sí,Sí,No,,,,,,No,,,,No,Sí,No,,No,No,4,Sí,Algunos,Algunos,Bien,Bien,Bien,Mal,Mal
"Pueblo Alberdi (Mi Lugar, Mi Sueño 2 y 3)",GS-F-00120,16/6/2026 9:53:38,171,Noelia Benítez,Anibal Ponce 1046,,,,Ludmila,Pérez,46532004,3584823095,,5,2,Sí,Sí,,No,,No,,No,,Sí,Sí,No,,,,,,No,,,,No,No,Sí,C.A.P.S. 2,No,No,4,Sí,"Sí, todos","Sí, todos",Bien,Muy mal,Muy mal,Bien,Bien
"Pueblo Alberdi (Mi Lugar, Mi Sueño 2 y 3)",GS-F-00121,16/6/2026 9:54:10,293,NOELIA BENITEZ,ADELIA MARIA 1024,,,,AYELEN,MONTIEL,41887852,,,5,1,Sí,Sí,,No,,No,,No,,Sí,Sí,Sí,Motora,,,,,No,,,,No,Sí,Sí,C.A.P.S. 11,No,No,4,No,,,Bien,Bien,Mal,Bien,Bien
"Pueblo Alberdi (Mi Lugar, Mi Sueño 2 y 3)",GS-F-00122,16/6/2026 9:56:37,177,Uma Carranza,Intendente deguerre 1084,,,,Delfina,De Giovani,,3584202803,,5,1,Sí,Sí,,No,,No,,No,,Sí,Sí,No,,,,,,No,,,,No,No,No,,No,No,4,Sí,"Sí, todos","Sí, todos",Muy mal,Bien,Bien,Bien,Muy mal
Goretti,GS-F-00123,"26/6/2026, 10:18:24",268,Rosana Ochoa,Remedios de escalada455,,,"-33.145105460425484, -64.36205877570963",Sofia,Leanis,42513513,3584317934,,5,0,,Sí,,No,,No,,No,,Sí,Sí,No,,,,,,No,,,,No,,No,,No,No,4,Sí,"Sí, todos",No,Bien,Bien,Bien,Mal,Mal
Goretti,GS-F-00124,"26/6/2026, 10:22:15",255,Ana Carina Campodónico,SANTA ROSA 420,,,"-33.14674, -64.3620435",Susana,FERNÁNDEZ,24432152,3585609900,,4,3,Sí,Sí,,No,,No,,No,,Sí,Sí,No,,,,,,No,,,,No,Sí,No,,No,No,4,Sí,"Sí, todos",No lo sé,Bien,Muy bien,Bien,Bien,Bien
Goretti,GS-F-00125,"26/6/2026, 10:22:40",598,Veronica Muñoz,Santa rosa 415,,,,Maria Cristina,Romo,10215100,3584383570,,2,0,,Sí,,Sí,,No,,No,,No,No,No,,,,,,Sí,Sí,No,,No,,No,,No,No,4,No,,,Bien,Mal,Mal,Muy mal,Muy mal
Goretti,GS-F-00126,"26/6/2026, 10:22:45",244,Guillermo Ferrer,,,,"-33.1453724, -64.3616627",Franco,Oliva,30771366,3584183269,,2,0,,Sí,,No,,No,,No,,Sí,Sí,No,,,,,,Sí,Sí,No,,No,,No,,No,No,4,No,,,Bien,Bien,Bien,Mal,Bien
Goretti,GS-F-00127,"26/6/2026, 10:25:01",226,María Noelia Benitez,Antonio lucero 3329,,,,Noelia,Maugouber,,3586024991,,3,1,Sí,Sí,,No,,No,,No,,Sí,Sí,No,,,,,,No,,,,No,Sí,No,,Sí,No,4,Sí,"Sí, todos","Sí, todos",Muy bien,Bien,Muy mal,Mal,Muy mal
Goretti,GS-F-00128,"26/6/2026, 10:28:19",592,Rosana Ochoa,Remedios de escalada445,,,"-33.14525336053322, -64.3620048528723",Cesar,Alesandroni,17105587,3584125623,,5,1,Sí,Sí,,No,,No,,No,,Sí,Sí,No,,,,,,Sí,No,No,,No,Sí,No,,Sí,No,4,Sí,No,No,Bien,Bien,Mal,Mal,Mal
Goretti,GS-F-00129,"26/6/2026, 10:28:23",311,Vanina gonzalez,Soler 3095,,,,Marcos,Rivero,11689979,,,4,1,Sí,Sí,,No,,No,,No,,Sí,Sí,No,,,,,,Sí,Sí,No,,No,No,No,,No,No,3,Sí,No,Algunos,Bien,Bien,Bien,Bien,Mal
Goretti,GS-F-00130,"26/6/2026, 10:29:41",248,NOELIA BENITEZ,Antonio lucero3361,,,,zulema,,,3584118135,,3,1,,Sí,,No,,No,,No,,Sí,Sí,No,,,,,,No,,,,No,Sí,No,,No,No,4,Sí,"Sí, todos","Sí, todos",Muy bien,Muy bien,Bien,Bien,Muy mal
Goretti,GS-F-00131,"26/6/2026, 10:31:39",249,Ivana,Trabajo y precisión 3476,,,"-33.153153153153156, -64.37068353926016",Lorena,Paez,35472574,3584176731,,4,1,Sí,Sí,,Sí,,No,,No,,Sí,Sí,No,,,,,,No,,,,No,,Sí,C.A.P.S. 12,No,No,4,No,,,Muy bien,Muy bien,Mal,Mal,Muy mal
Goretti,GS-F-00132,"26/6/2026, 10:34:08",434,Veronica Muñoz,Santa rosa 645,,,"-33.1466102, -64.3626664",Juan Carlos,Ballestero,11865602,3586541103,,3,1,Sí,Sí,,No,,No,,No,,Sí,Sí,No,,,,,,Sí,Sí,No,,No,Sí,No,,Sí,No,4,Sí,"Sí, todos",No,Bien,Muy bien,Mal,Bien,Muy mal
Goretti,GS-F-00133,"26/6/2026, 10:35:59",376,NOELIA BENÍTEZ,Antonio lucero 3527,,,,Eugenia,Barela,,3584014524,,4,2,Sí,Sí,,No,,No,,No,,No,Sí,No,,,,,,No,,,,No,Sí,,,No,No,4,No,,,Bien,Bien,Bien,Mal,Muy mal
Goretti,GS-F-00134,"26/6/2026, 10:36:30",875,Rivarola Belén,Andrés terzaga 1269,,,"-33.15124539449963, -64.37948962488372",Gastón,Schmidt,,3584119374,,3,1,Sí,Sí,,No,,No,,No,,Sí,Sí,No,,,,,,No,,,,No,Sí,No,,No,No,4,Sí,"Sí, todos","Sí, todos",Bien,Bien,Bien,Bien,Muy bien
Goretti,GS-F-00135,"26/6/2026, 10:36:45",867,Ana Carina Campodónico,SANTA ROSA 475,,,"-33.1467195, -64.3620997",Lucía,GUEVARA,10252439,3585139215,,3,0,,Sí,,No,,No,,No,,Sí,Sí,No,,,,,,Sí,Sí,No,,No,,No,,No,No,4,No,,,Bien,Bien,Ns/Nc,Muy bien,Muy mal
Goretti,GS-F-00136,"26/6/2026, 10:37:18",538,Rosana Ochoa,Remedios de escaladas417,,,"-33.1452938334373, -64.36206837235405",Teresa,Correa,6173458,3585062266,,2,0,,Sí,,No,,No,,No,,Sí,Sí,No,,,,,,Sí,Sí,No,,No,,No,,Sí,No,4,Sí,"Sí, todos",No,Bien,Bien,Muy mal,Mal,Muy mal
Goretti,GS-F-00137,"26/6/2026, 10:38:51",963,Melina cretton,lacase y Dinkeldein,,,"-33.1501971, -64.368818",rita,deaes,29582053,3584244171,,3,1,Sí,Sí,,No,,No,,No,,Sí,Sí,No,,,,,,No,,,,No,Sí,Sí,C.A.P.S. 12,No,No,4,Sí,"Sí, todos",No,Bien,Bien,Muy mal,Muy mal,Muy mal
Goretti,GS-F-00138,"26/6/2026, 10:41:37",1415,Dayana figueroa,Francisco zarco 1172,,,"-33.1483228, -64.3668482",Norma,Carballo,,3584340402,,2,0,,Sí,,No,,No,,No,,Sí,No,No,,,,,,Sí,Sí,No,,No,,No,,Sí,No,4,Sí,"Sí, todos","Sí, todos",Muy bien,Muy bien,Muy bien,Muy bien,Muy bien
Goretti,GS-F-00139,"26/6/2026, 10:41:49",603,Carlos,Cecilia guierson 1430,,,"-33.153153153153156, -64.37068353926016",Alberto,Urquiza,20195917,3585611688,,4,2,Sí,Sí,,No,,No,,No,,Sí,Sí,No,,,,,,No,,,,No,Sí,No,,No,No,4,Sí,"Sí, todos","Sí, todos",Muy bien,Bien,Mal,Mal,Mal
Goretti,GS-F-00140,"26/6/2026, 10:42:05",1242,Karina Gonzalez,Antonio Lucero 3552,,,,Gisela,Rosale,33006357,3585012717,,4,2,Sí,Sí,,No,,No,,No,,Sí,Sí,No,,,,,,No,,,,No,Sí,No,,No,No,4,Sí,No,No,Bien,Bien,Mal,Bien,Mal
Goretti,GS-F-00141,"26/6/2026, 10:43:26",142,Patricia sosa,Soler 3068,,,,Marcela,Echandia,21694189,3584848565,,3,0,,Sí,,No,,No,,No,,Sí,Sí,No,,,,,,No,,,,No,,No,,No,No lo sé,4,Sí,Algunos,No,Muy bien,Muy bien,Mal,Mal,Mal
Goretti,GS-F-00142,"26/6/2026, 10:45:27",536,Rivarola Belén,Terzaga 1188,,,"-33.15169771874737, -64.37730469758797",Emmanuel,Abregu,,3586090578,,4,2,Sí,Sí,,No,,No,,No,,Sí,Sí,No,,,,,,No,,,,No,Sí,Sí,,No,No,4,Sí,No,"Sí, todos",Muy bien,Mal,Mal,Mal,Mal
Goretti,GS-F-00143,"26/6/2026, 10:46:41",468,Melina Cretton,zarco 1196,,,"-33.1494856, -64.3745143",Alicia,reinoso,12092126,3584846619,,1,0,,Sí,,No,,Sí,Asistencia Alimentaria a Familias,No,,Sí,Sí,No,,,,,,Sí,Sí,No,,No,,Sí,C.A.P.S. 12,Sí,No,3,No,,,Muy bien,Muy bien,Mal,Bien,Mal
Goretti,GS-F-00144,"26/6/2026, 10:48:06",279,Vanina González,Gral soler 3076,,,,Silvia,Barzola,20570808,3584015973,,3,0,,Sí,,No,,No,,No,,Sí,Sí,No,,,,,,No,,,,No,,Sí,S24 Sur,No,No,4,Sí,"Sí, todos",No,Muy bien,Muy bien,Muy bien,Bien,Bien
Goretti,GS-F-00145,"26/6/2026, 10:49:42",742,Rosana Ochoa,Remedios de escalada 375,,,"-33.14538231010621, -64.36141715080439",Marta,Garino,12630727,3584234037,,5,2,Sí,Sí,,No,,No,,No,,Sí,Sí,Sí,Digestiva / Hepática,,,,,Sí,Sí,No,,No,Sí,Sí,Centro de Salud Municipal,No,No,4,Sí,No,No,Bien,Bien,Bien,Bien,Bien
Goretti,GS-F-00146,"26/6/2026, 10:50:21",292,Rivarola Belén,Andrés terzaga 1230,,,"-33.15206077705801, -64.37572515201913",Lucia,Peralta,,3585149712,,4,0,,Sí,,No,,No,,No,,Sí,Sí,No,,,,,,No,,,,No,,Sí,,No,No,4,Sí,"Sí, todos","Sí, todos",Bien,Bien,Mal,Mal,Bien
Goretti,GS-F-00147,"26/6/2026, 10:51:04",152,Noelia BENITEZ,Pje público 3527,,,,Santino,Lavarda,,3584252993,,4,1,Sí,Sí,,No,,No,,No,,Sí,Sí,No,,,,,,No,,,,No,Sí,,,No,No,4,Sí,"Sí, todos","Sí, todos",Bien,Bien,Bien,Bien,Bien
Goretti,GS-F-00148,"26/6/2026, 10:51:47",596,Ivana Petrof,Guierson 1322,,,"-33.153153153153156, -64.37068353926016",Matías,Marcos,27671933,3584119209,,3,1,Sí,Sí,,No,,No,,No,,Sí,Sí,No,,,,,,No,,,,No,Sí,No,,No,No,4,Sí,"Sí, todos","Sí, todos",Muy bien,Muy bien,Muy bien,Bien,Mal
Goretti,GS-F-00149,"26/6/2026, 10:51:49",611,Dayana figueroa,Marcos zarco 1303,,,"-33.1492726, -64.3751738",Angel,Martinez,23893956,,,5,2,Sí,Sí,,No,,No,,No,,Sí,Sí,No,,,,,,No,,,,No,Sí,No,,No,No,4,Sí,"Sí, todos","Sí, todos",Mal,Mal,Mal,Mal,Mal
Goretti,GS-F-00150,"26/6/2026, 10:54:46",413,Ana Carina Campodónico,SANTA ROSA 561,,,"-33.1463166, -64.3640287",Carlos,CACERES,11203969,3585101205,,2,0,,Sí,,No,,No,,No,,Sí,Sí,No,,,,,,Sí,Sí,Sí,Alberdi,No,,Sí,C.A.P.S. 7,No,No,4,No,,,Muy bien,Bien,Muy bien,Bien,Mal
Goretti,GS-F-00151,"26/6/2026, 10:55:05",418,Sosa Patricia,Soler 3066,,,,Laura,Degiorgi,29581813,3584229703,,5,2,Sí,Sí,,No,,No,,No,,Sí,Sí,No,,,,,,No,,,,No,Sí,No,,No,No,4,Sí,No lo sé,Algunos,Muy bien,Mal,Bien,Muy bien,Bien
Goretti,GS-F-00152,"26/6/2026, 10:58:03",681,Melina Cretton,zarco 1412,,,"-33.1493153, -64.3753061",Shirley,funes,35544493,3585180168,,4,2,Sí,Sí,,No,,No,,No,,Sí,Sí,No,,,,,,No,,,,No,Sí,No,,No,No,4,Sí,"Sí, todos",No,Bien,Bien,Mal,Bien,Ns/Nc
Goretti,GS-F-00153,"26/6/2026, 10:59:40",1054,Karina Gonzalez,Pues 12 de octubre 3444,,,,Lucas,Arsca,26488000,3586002157,,4,2,Sí,Sí,,No,,No,,No,,Sí,Sí,No,,,,,,No,,,,No,Sí,No,,Sí,No,4,Sí,No,Algunos,Bien,Bien,Mal,Bien,Mal
Goretti,GS-F-00154,"26/6/2026, 11:02:21",285,BENITEZ NOELIA,Trabajo y precisión 3503,,,,Sofia,Cook,,3584820301,,4,1,Sí,Sí,,No,,No,,No,,Sí,Sí,No,,,,,,No,,,,No,Sí,Sí,C.A.P.S. 9,No,No,4,Sí,"Sí, todos",No,Bien,Mal,Muy mal,Bien,Mal
Goretti,GS-F-00155,"26/6/2026, 11:02:55",467,Vanina  gonzalez,Gral soler 3059,,,,Lauro,Pagano,12144215,,,1,0,,Sí,,No,,No,,No,,Sí,Sí,No,,,,,,Sí,Sí,No,,No,,Sí,Centro de Salud Municipal,No,No,4,Sí,No,Algunos,Muy bien,Muy bien,Bien,Bien,Muy bien
Goretti,GS-F-00156,"26/6/2026, 11:03:08",304,Melina Cretton,zarco 1461,,,"-33.148115, -64.3789062",ariel,grovetta,34684982,,,1,0,,Sí,,No,,No,,No,,Sí,Sí,No,,,,,,No,,,,No,,No,,No,No,4,Sí,"Sí, todos","Sí, todos",Bien,Bien,Mal,Mal,Mal
Goretti,GS-F-00157,"26/6/2026, 11:04:21",380,Rosana Ochoa,Remedio de escaladas 567,,,,Gaston,Peralta,12467922,3584021964,,2,0,,Sí,,No,,No,,No,,Sí,Sí,Sí,Motora,,Sala multisensorial 'Una mirada psicomotriz',,,Sí,Sí,No,,No,,No,,No,No,4,Sí,"Sí, todos","Sí, todos",Bien,Mal,Mal,Mal,Muy mal
Goretti,GS-F-00158,"26/6/2026, 11:09:59",1178,Rivarola Belén,Andrés terzaga 1587,,,"-33.15173537677008, -64.37669985630994",Marisel,Romero,,3584873138,,3,1,Sí,Sí,,No,,No,,No,,Sí,Sí,No,,,,,,No,,,,No,Sí,No,,No,No,4,Sí,"Sí, todos","Sí, todos",Muy bien,Muy bien,Muy bien,Muy bien,Muy bien
Goretti,GS-F-00159,"26/6/2026, 11:10:29",216,Guillermo Ferrer,,,,"-33.1447474, -64.3645559",Daniela,Barroso,,,,3,1,Sí,Sí,,No,,No,,No,,Sí,Sí,No,,,,,,No,,,,No,Sí,No,,No,No,4,Sí,"Sí, todos","Sí, todos",Bien,Bien,Bien,Bien,Bien
Goretti,GS-F-00160,"26/6/2026, 11:11:52",451,Rosana Ochoa,Remedios de escalada 350,,,,Graciela,Requekme,10821200,3586545488,,1,0,,Sí,,No,,No,,No,,Sí,No,No,,,,,,Sí,Sí,No,,No,,Sí,Centro de Salud Municipal,No,No,4,No,,,Bien,Bien,Mal,Bien,Bien
Goretti,GS-F-00161,"26/6/2026, 11:13:24",211,Ivana perrof,,,,"-33.153153153153156, -64.37068353926016",María Belén,Musa,32208071,3584043174,,4,2,,Sí,,No,,No,,No,,Sí,Sí,No,,,,,,No,,,,No,Sí,No,,No,No,4,Sí,"Sí, todos","Sí, todos",Muy bien,Muy bien,Muy mal,Mal,Muy bien
Goretti,GS-F-00162,"26/6/2026, 11:15:52",776,Sosa Patricia,Gral soler 3002,,,,Luciano,Lopez,41964686,3584123771,,2,0,,Sí,,No,,No,,No,,Sí,Sí,No,,,,,,No,,,,No,,No,,No,No,4,Sí,No lo sé,No,Muy bien,Muy bien,Bien,Bien,Bien
Goretti,GS-F-00163,"26/6/2026, 11:16:32",1482,Dayana figueroa,,,,"-33.149058, -64.3772391",Daniel,Sosa,35543860,3585618925,,4,2,Sí,Sí,,No,,No,,No,,Sí,Sí,No,,,,,,No,,,,No,Sí,Sí,C.A.P.S. 12,No,No,4,Sí,"Sí, todos","Sí, todos",Bien,Mal,Bien,Bien,Bien
Goretti,GS-F-00164,"26/6/2026, 11:18:09",336,Rosana Ochoa,Remedios de escalada 500,,,,Alberto,Castro,13090179,,,2,0,,Sí,,No,,No,,No,,Sí,Sí,No,,,,,,Sí,Sí,No,,No,,No,,No,No,4,Sí,"Sí, todos","Sí, todos",Bien,Bien,Bien,Mal,Mal
Goretti,GS-F-00165,"26/6/2026, 11:22:50",415,Vanina González,Gral soler 2999,,,,Melbin,Aralla,,,,3,0,,Sí,,No,,No,,No,,Sí,Sí,No,,,,,,No,,,,No,,No,,No,No,4,Sí,No lo sé,No,Bien,Muy bien,Mal,Mal,Mal
Goretti,GS-F-00166,"26/6/2026, 11:22:58",573,Carlos Marquez,Videla 839,,,"-33.153153153153156, -64.37068353926016",Leonela,Vieira,33577813,3586003169,,4,2,,Sí,,No,,No,,No,,Sí,Sí,Sí,Intelectual y Mental,,,,,No,,,,No,Sí,No,,No,No,4,Sí,No,"Sí, todos",Mal,Mal,Muy mal,Mal,Muy mal
Goretti,GS-F-00167,"26/6/2026, 11:25:33",278,Veronica Muñoz,Pasaje darragueira 2865,,,,Osvaldo,Barez,6646411,,,4,1,Sí,Sí,,No,,No,,No,,Sí,Sí,No,,,,,,Sí,Sí,Sí,Otro,No,Sí,No,,No,No,4,No,,,Muy bien,Bien,Bien,Muy bien,Muy bien
Goretti,GS-F-00168,"26/6/2026, 11:30:01",430,Patricia sosa,Gral soler 2970,,,,Claudia,Bustos,,,,1,0,,Sí,,No,,No,,No,,Sí,Sí,No,,,,,,No,,,,No,,No,,No,No,4,No,,,Bien,Bien,Mal,Mal,Mal
Goretti,GS-F-00169,"26/6/2026, 11:31:45",1303,Rivarola Belén,12 de agosto 1229,,,"-33.15065218096108, -64.38152882715197",Julia mercedes,Esperanza,,3586541141,,3,0,,Sí,,No,,No,,No,,Sí,Sí,No,,,,,,No,,,,No,,Sí,C.A.P.S. 12,Sí,Sí,4,No,,,Mal,Bien,Bien,Mal,Mal
Goretti,GS-F-00170,"26/6/2026, 11:38:06",482,Vanina González,Gral soler 2960,,,,Julio,Rosales,,,,4,1,Sí,Sí,,No,,No,,No,,Sí,Sí,Sí,Intelectual y Mental,,,,,No,,,,No,Sí,No,,No,No,4,Sí,"Sí, todos","Sí, todos",Bien,Bien,Mal,Mal,Bien
Goretti,GS-F-00171,"26/6/2026, 11:38:44",300,Ana Carina Campodónico,PJE DARRAGUEIRA 2746,,,"-33.1446723, -64.3617944",Carmen,CHILO,13090686,3584251155,,2,0,,Sí,,No,,No,,No,,Sí,Sí,Sí,Auditiva,,,,,Sí,Sí,No,,No,,Sí,Centro de Salud Municipal,Sí,No,4,Sí,"Sí, todos","Sí, todos",Bien,Bien,Ns/Nc,Bien,Bien
Goretti,GS-F-00172,"26/6/2026, 11:42:29",643,Rivarola Belén,Gilda contrera 3617,,,"-33.153031456450215, -64.37729205877002",Anabella,Brizuela,,3585136516,,5,4,Sí,Sí,,No,,No,,No,,Sí,Sí,Sí,Intelectual y Mental,,,,,No,,,,No,Sí,Sí,C.A.P.S. 12,Sí,No,4,Sí,No,No,Bien,Bien,Mal,Bien,Mal
Goretti,GS-F-00173,"26/6/2026, 11:45:05",216,Ana Carina Campodónico,PASO DE LOS ANDES 490,,,"-33.1440875, -64.3617766",Maricel,CASALI,22843041,3584200531,,3,0,,Sí,,No,,No,,No,,Sí,Sí,No,,,,,,No,,,,No,,No,,No,No,4,Sí,"Sí, todos","Sí, todos",Muy bien,Muy mal,Muy mal,Bien,Muy mal
Goretti,GS-F-00174,"26/6/2026, 11:48:04",334,Rivarola Belén,Gilda contrera 3726,,,"-33.15292592497633, -64.3776545383732",Florencia,Guiñazu,,3586028397,,4,2,Sí,Sí,,No,,No,,No,,Sí,Sí,Sí,Intelectual y Mental,,,,,No,,,,No,Sí,Sí,C.A.P.S. 12,No,No,4,No,,,Mal,Bien,Bien,Bien,Mal
Goretti,GS-F-00175,"26/6/2026, 11:49:16",670,Patricia sosa,Gral soler 2925,,,,Romina,Gigena,32680830,3584200123,,4,2,Sí,Sí,,No,,No,,No,,Sí,Sí,Sí,Intelectual y Mental,,,,,No,,,,No,Sí,Sí,C.A.P.S. 4,Sí,Sí,4,Sí,No,"Sí, todos",Muy bien,Muy bien,Muy bien,Bien,Bien
Goretti,GS-F-00176,"26/6/2026, 11:55:16",527,Cintia Diaz,Pje Gilda Contreras 3653,,,"-33.1534181, -64.377542",Gabriela,Cabral,33825256,3584863032,,6,4,Sí,Sí,,No,,No,,No,,Sí,Sí,No,,,,,,No,,,,No,Sí,Sí,C.A.P.S. 12,No,No,4,Sí,"Sí, todos",Algunos,Bien,Bien,Bien,Bien,Mal
Goretti,GS-F-00177,"26/6/2026, 11:57:24",136,Patricia sosa,Gral soler 2869,,,,Camila,Reales,46590428,,,4,2,Sí,Sí,,No,,No,,No,,Sí,Sí,No,,,,,,No,,,,No,No lo sé,No,,No,No,4,No,,,Bien,Bien,Mal,Mal,Muy bien
San Pantaleón,GS-F-00178,22/7/2026 4:17:14,297,Priscila oliva,Perú 526,,,,Laura,Villa verde,,3585766881,,7,4,Sí,Sí,,No,,No,,No,,Sí,Sí,No,,,,,,No,,,,No,Sí,Sí,S24 Banda Norte,Sí,No,4,Sí,"Sí, todos",No,Bien,Muy bien,Muy mal,Muy bien,Mal
San Pantaleón,GS-F-00179,22/7/2026 4:24:23,311,Priscila oliva,Perú 474,,,,Patricia,Rufener,14566275,35850066948,,4,0,,Sí,,No,,No,,No,,Sí,Sí,No,,,,,,Sí,Sí,No,,No,,Sí,S24 Banda Norte,No,No,4,Sí,Algunos,Algunos,Muy bien,Bien,Muy bien,Muy bien,Muy mal
San Pantaleón,GS-F-00180,22/7/2026 10:21:10,323,Daniela Coria,Saul Taborda 1205,,,"-33.0949334, -64.3379858",Carolina,Zaioco,,,,3,0,,Sí,,No,,No,,No,,Sí,Sí,No,,,,,,Sí,Sí,No,,No,,No,,No,No,4,No,,,Muy bien,Muy bien,Muy bien,Muy bien,Ns/Nc
San Pantaleón,GS-F-00181,22/7/2026 10:21:20,330,Belén Rivarola,Amadeo Mozart 556,,,"-33.0950712884974, -64.3377652649323",Jesica,Giachero,,3585078376,,4,2,Sí,Sí,,No,,No,,No,,No,Sí,No,,,,,,No,,,,No,Sí,No,,No,No,4,Sí,"Sí, todos",No,Bien,Bien,Bien,Mal,Ns/Nc
San Pantaleón,GS-F-00182,22/7/2026 10:26:28,340,Florencia Tesorero,Jose verdi 1421,,,"-33.0964243, -64.3332414",Gabriela,Bolatti,21406573,3584905433,,2,0,,Sí,,Sí,,No,,No,,Sí,Sí,No,,,,,,Sí,Sí,No,,No,,Sí,,No,No,4,No,,,Mal,Bien,Bien,Mal,Mal
San Pantaleón,GS-F-00183,22/7/2026 10:27:52,391,Belen rivarola,Amadeo Mozart 536,,,"-33.09508348070966, -64.33772013462062",Sara,Crespo,,3585065864,,3,0,,Sí,,No,,No,,No,,No,Sí,No,,,,,,Sí,Sí,Sí,Otro,No,,Sí,S24 Banda Norte,No,No,4,Sí,"Sí, todos","Sí, todos",Bien,Bien,Bien,Mal,Ns/Nc
San Pantaleón,GS-F-00184,22/7/2026 10:29:52,520,Daniela Coria,Amado Mozart 512,,,"-33.0950599, -64.3375526",Mariano,Prone,32015538,,,5,4,Sí,Sí,,No,,No,,No,,Sí,Sí,No,,,,,,No,,,,No,Sí,Sí,S24 Banda Norte,No,No,4,No,,,Bien,Muy bien,Bien,Mal,Ns/Nc
San Pantaleón,GS-F-00185,22/7/2026 10:30:46,640,Mariela Romero,Neri guerra 320,,,"-33.0990990990991, -64.3525759522944",Fabricio,Antonetti,47711665,3585047445,,5,2,Sí,Sí,,No,,No,,No,,Sí,Sí,Sí,Motora,,Sala multisensorial 'Una mirada psicomotriz',,,No,,,,No,Sí,No,,No,No,4,Sí,"Sí, todos",No lo sé,Muy mal,Muy bien,Bien,Mal,Bien
San Pantaleón,GS-F-00186,22/7/2026 10:31:59,1163,Mario muro,Neru guerra 335,,,"-33.0934291, -64.337664",Noelua,Cabrera,25698948,3582416873,,4,0,,Sí,,No,,No,,No,,Sí,Sí,No,,,,,,No,,,,No,,Sí,C.A.P.S. 13,Sí,No,4,Sí,"Sí, todos",Algunos,Bien,Muy bien,Bien,Bien,Mal
San Pantaleón,GS-F-00187,22/7/2026 10:32:13,259,Belén Rivarola,Amadeo Mozart 528,,,"-33.095379069184744, -64.33751626655058",Jonathan,Taverna,,3584393478,,4,2,Sí,Sí,,No,,No,,No,,Sí,Sí,No,,,,,,No,,,,No,Sí,No,,No,No,4,Sí,No lo sé,No,Muy bien,Muy bien,Bien,Bien,Ns/Nc
San Pantaleón,GS-F-00188,22/7/2026 10:32:48,802,Ochoa Rosana,Nicaragua551,,,"-33.09378584230356, -64.3368855267597",Ruben,Rosales,11782067,3584183864,,1,0,,Sí,,No,,No,,No,,Sí,Sí,Sí,Visual,,,,,Sí,Sí,No,,No,,No,,Sí,No,4,Sí,No,No,Bien,Bien,Bien,Mal,Mal
San Pantaleón,GS-F-00189,22/7/2026 10:37:35,334,Mario muro,Negrita 292,,,"-33.0962486, -64.333946",Betiana,Vargad,27452818,3584307368,,1,0,,Sí,,Sí,,No,,No,,Sí,No,No,,,,,,No,,,,No,,No,,No,No,4,No,,,Bien,Muy bien,Muy bien,Bien,Mal
San Pantaleón,GS-F-00190,22/7/2026 10:37:56,483,Daniela Coria,Buteler 480,,,"-33.0954588, -64.3372512",Lucrecia,Luján,,,,4,2,Sí,Sí,,No,,No,,No,,Sí,No,Sí,Intelectual y Mental,,,,,No,,,,No,Sí,No,,No,No,4,Sí,"Sí, todos","Sí, todos",Muy bien,Muy bien,Muy bien,Muy bien,Ns/Nc
San Pantaleón,GS-F-00191,22/7/2026 10:38:29,639,Milena Ivonne SEITZ Maricel nuñez,Paul Harris 1568,,,"-33.0939316, -64.3327085",Zulema,Ercole,7770307,3586540667,,2,2,,Sí,,No,,No,,No,,Sí,No,No,,,,,,Sí,Sí,No,,No,No,No,,No,No,4,Sí,"Sí, todos","Sí, todos",Muy bien,Muy bien,Bien,Muy mal,Muy mal
San Pantaleón,GS-F-00192,22/7/2026 10:39:49,655,Lorena Vallero,López de vega 1440,,,,Fernando,Abraham,24054542,3585000674,,6,3,Sí,Sí,,No,,No,,No,,Sí,Sí,Sí,Intelectual y Mental,,,,,No,,,,No,Sí,No,,No,No lo sé,4,Sí,Algunos,No,Bien,Bien,Bien,Muy mal,Muy mal
San Pantaleón,GS-F-00193,22/7/2026 10:39:53,1218,Carolina martinasso,Eduardo jenner1484,,,,Camila,Arias,44954706,3585601151,,1,0,,Sí,,No,,No,,No,,Sí,Sí,No,,,,,,No,,,,No,,,,No,No,4,No,,,Mal,Bien,Mal,Mal,Mal
San Pantaleón,GS-F-00194,22/7/2026 10:39:55,548,Carlos Márquez,Neri guerra 268,,,"-33.0990990990991, -64.3525759522944",,,,,,3,0,,Sí,,No,,No,,No,,Sí,Sí,No,,,,,,Sí,Sí,No,,No,,No,,No,No,4,Sí,"Sí, todos",No,Muy mal,Muy bien,Mal,Bien,Bien
San Pantaleón,GS-F-00195,22/7/2026 10:41:06,525,Belén Rivarola,Amadeo Mozart 483,,,"-33.095397473536615, -64.33740553505264",Jorge,Vorochevici,,3584112332,,2,0,,Sí,,No,,No,,No,,No,Sí,No,,,,,,Sí,Sí,Sí,Otro,No,,Sí,S24 Banda Norte,Sí,No,3,Sí,No lo sé,No,Bien,Bien,Ns/Nc,Bien,Ns/Nc
San Pantaleón,GS-F-00196,22/7/2026 10:41:40,911,Florencia Tesorero,Jose verdi 1357,,,"-33.0963118, -64.333127",Maria Gladys,Viale,16486014,3585239703,,8,3,Sí,Sí,,No,,No,,No,,Sí,Sí,No,,,,,,Sí,Sí,No,,No,Sí,Sí,C.A.P.S. 13,Sí,No,4,Sí,"Sí, todos",No,Bien,Bien,Mal,Mal,Mal
San Pantaleón,GS-F-00197,22/7/2026 10:43:29,331,Daniela Coria,Amadeo Mozart 490,,,"-33.0954394, -64.3374355",Luisa,Pra,,,,2,0,,Sí,,No,,No,,No,,Sí,Sí,No,,,,,,Sí,Sí,No,,No,,No,,No,No,4,Sí,"Sí, todos",No,Muy bien,Muy bien,Mal,Mal,Ns/Nc
San Pantaleón,GS-F-00198,22/7/2026 10:44:06,256,Lorena vallero,L vega 1480,,,,Jorge,Antuña,29833796,3584310188,,5,2,Sí,Sí,,No,,No,,No,,Sí,Sí,Sí,Intelectual y Mental,,,,,No,,,,No,No,No,,No,No,4,No,,,Bien,Bien,Muy mal,Muy mal,Ns/Nc
San Pantaleón,GS-F-00199,22/7/2026 10:45:22,300,Milena Seitz Maricel nuñez,Paul Harris 1520,,,"-33.0943432, -64.3330772",Vicente,Elieser,96137654,3585109252,,5,2,Sí,Sí,,No,,No,,No,,Sí,Sí,No,,,,,,No,,,,No,Sí,Sí,C.A.P.S. 13,No,No,4,Sí,"Sí, todos",No,Mal,Bien,Mal,Bien,Muy mal
San Pantaleón,GS-F-00200,22/7/2026 10:45:56,498,Mario muro,Guerra 265,,,"-33.0967159, -64.3332724",Dario,Firpo,21013022,3584830224,,3,1,,Sí,,Sí,,No,,No,,Sí,Sí,Sí,Intelectual y Mental,,,,,No,,,,No,Sí,No,,No,No,4,Sí,"Sí, todos","Sí, todos",Mal,Muy bien,Bien,Bien,Muy bien
San Pantaleón,GS-F-00201,22/7/2026 10:47:04,356,Belén Rivarola,Amadeo Mozart 461,,,"-33.09589696000013, -64.33670120422428",Franco,Ibáñez,,3585078054,,2,0,,Sí,,No,,No,,No,,Sí,Sí,No,,,,,,Sí,Sí,Sí,La Agustina,No,,No,,No,No,3,No,,,Bien,Bien,Ns/Nc,Mal,Ns/Nc
San Pantaleón,GS-F-00202,22/7/2026 10:49:36,474,Florencia Tesorero,Jose verdi 1523,,,"-33.0957874, -64.3326888",Carina,Palacio,26327985,3584330778,,4,0,,Sí,,No,,No,,No,,Sí,Sí,No,,,,,,Sí,Sí,No,,No,,Sí,S24 Banda Norte,Sí,No,4,Sí,"Sí, todos",No,Bien,Bien,Bien,Bien,Mal
San Pantaleón,GS-F-00203,22/7/2026 10:49:40,581,Carlos Marquez,Neri guerra 243,,,"-33.0990990990991, -64.3525759522944",Sandria,Poloni,17724601,3584190953,,3,0,,Sí,,No,,No,,No,,Sí,Sí,No,,,,,,Sí,No,No,,No,,No,,No,No,4,Sí,"Sí, todos",No,Muy mal,Muy bien,Bien,Mal,Mal
San Pantaleón,GS-F-00204,22/7/2026 10:50:58,448,Daniela Coria,Mozart 445,,,"-33.0957364, -64.3372366",Carina,Aguilar,,,,3,1,Sí,Sí,,No,,No,,No,,Sí,Sí,No,,,,,,No,,,,No,Sí,No,,No,No,4,Sí,"Sí, todos","Sí, todos",Bien,Bien,Bien,Mal,Ns/Nc
San Pantaleón,GS-F-00205,22/7/2026 10:51:13,219,Maricel Priscila Nuñez,Paul Harris 1523,,,"-33.0942882, -64.3334271",Emilio guillermo,Seimandi,21998500,3584221916,,1,0,,Sí,,No,,No,,No,,Sí,Sí,No,,,,,,No,,,,No,,,,No,No,4,Sí,"Sí, todos",No,Bien,Muy bien,Muy mal,Muy bien,Bien
San Pantaleón,GS-F-00206,22/7/2026 10:53:46,401,Belén Rivarola,Amadeo Mozart 424,,,"-33.09597075439052, -64.33641711834332",Gloria,Sánchez,11217770,,,1,0,,Sí,,No,,No,,No,,No,No,No,,,,,,Sí,Sí,No,,No,,No,,No,No,3,No,,,Muy bien,Muy bien,Ns/Nc,Bien,Ns/Nc
San Pantaleón,GS-F-00207,22/7/2026 10:54:02,445,Seitz milena,Paul Harris 1498,,,"-33.0944432, -64.3331045",Petrona sanchez,Sanchez,,35815412026,,1,0,,Sí,,Sí,,No,,No,,Sí,Sí,No,,,,,,Sí,Sí,Sí,Santa Rita,No,,Sí,C.A.P.S. 13,No,No,4,No,,,Mal,Muy bien,Bien,Bien,Muy mal
San Pantaleón,GS-F-00208,22/7/2026 10:56:14,618,Mario muro,Guerri 297,,,"-33.0970053, -64.3331114",Pablo,Bucci,34247398,,,2,0,,Sí,,No,,No,,No,,No,Sí,No,,,,,,No,,,,No,,No,,No,No,4,Sí,"Sí, todos","Sí, todos",Bien,Muy bien,Mal,Mal,Bien
San Pantaleón,GS-F-00209,22/7/2026 10:57:27,388,Daniela Coria,Mozart 393,,,"-33.0963, -64.3364467",Jairo,Cardona,,,,1,0,,Sí,,No,,No,,No,,Sí,No,No,,,,,,No,,,,No,,No,,No,No,4,No,,,Muy bien,Muy bien,Muy bien,Mal,Ns/Nc
San Pantaleón,GS-F-00210,22/7/2026 10:58:06,838,Lorena vallero,L vega 1567,,,,Enzo,Arguello,41483188,3585629185,,6,0,,Sí,,No,,No,,Sí,Asociación Vecinal Jardín Norte,Sí,Sí,Sí,Cardiovascular,,,,,No,,,,No,,Sí,C.A.P.S. 16,Sí,No lo sé,4,Sí,No lo sé,Algunos,Bien,Bien,Muy mal,Muy mal,Muy mal
San Pantaleón,GS-F-00211,22/7/2026 10:58:13,208,Florencia tesorero,Jose verdi 1521,,,"-33.0950218, -64.3320953",Antonia,Perez,0,0,,2,0,,Sí,,No,,No,,No,,Sí,Sí,No,,,,,,Sí,Sí,No,,No,,No,,No,No,4,Sí,"Sí, todos","Sí, todos",Bien,Bien,Bien,Mal,Mal
San Pantaleón,GS-F-00212,22/7/2026 10:58:34,531,Carlos Marquez,Neri guerra 202,,,"-33.0990990990991, -64.3525759522944",Nicolás,Pellisioti,6623837,3585777363,,2,0,,Sí,,No,,No,,No,,Sí,Sí,No,,,,,,Sí,Sí,No,,No,,No,,No,No,4,No,,,Muy mal,Muy bien,Bien,Bien,Bien
San Pantaleón,GS-F-00213,22/7/2026 11:01:12,1702,Rosana Ochoa,Genner1366,,,"-33.09308862411964, -64.33600877002195",Rita,Lucero,24456795,3584183157,,2,0,,Sí,,No,,No,,No,,Sí,Sí,No,,,,,,No,,,,No,,Sí,S24 Banda Norte,Sí,No,3,No,,,Bien,Bien,Mal,Mal,Mal
San Pantaleón,GS-F-00214,22/7/2026 11:02:16,249,Lorena Vallero,L vega 1551,,,,Luciana,Di Bella,33866801,3584844186,,4,2,Sí,Sí,,No,,No,,No,,Sí,Sí,No,,,,,,No,,,,No,Sí,No,,No,No,4,No,,,Bien,Bien,Muy mal,Muy mal,Muy mal
San Pantaleón,GS-F-00215,22/7/2026 11:03:17,570,Belén Rivarola,Amadeo Mozart 414,,,"-33.09636342927181, -64.33613633896968",Valeria,Zalazar,,3585705630,,10,5+,Sí,Sí,,No,,No,,No,,Sí,Sí,Sí,Intelectual y Mental,,,,,No,,,,No,Sí,Sí,S24 Banda Norte,Sí,No,2,No,,,Bien,Bien,Bien,Bien,Ns/Nc
San Pantaleón,GS-F-00216,22/7/2026 11:04:13,405,Daniela Coria,Mozart 393,,,"-33.0968208, -64.3356964",Mariana,Pereyra,,,,2,0,,Sí,,No,,No,,No,,Sí,No,No,,,,,,Sí,Sí,No,,No,,Sí,S24 Banda Norte,Sí,No,4,Sí,"Sí, todos","Sí, todos",Bien,Muy bien,Bien,Mal,Ns/Nc
San Pantaleón,GS-F-00217,22/7/2026 11:04:45,508,mario rolando pablo muro,Victor Hugo 1389,,,"-33.0974226, -64.3324374",Pedro,San millan,20283704,3584307109,,4,1,,Sí,,No,,No,,No,,Sí,Sí,No,,,,,,No,,,,No,No,No,,No,No,4,Sí,"Sí, todos","Sí, todos",Muy bien,Muy bien,Muy bien,Muy bien,Muy bien
San Pantaleón,GS-F-00218,22/7/2026 11:05:00,257,Ana Carina Campodónico,Panamá 391,,,"-33.0938047, -64.3322899",Ruben Darío,PRADO,24620091,3584011986,,5,3,Sí,Sí,,No,,No,,No,,Sí,Sí,No,,,,,,No,,,,No,Sí,Sí,C.A.P.S. 2,No,No,4,Sí,Algunos,Algunos,Mal,Bien,Mal,Muy mal,Mal
San Pantaleón,GS-F-00219,22/7/2026 11:05:10,825,Maricel Nuñez,Paul Harris 1440,,,"-33.0944243, -64.3334253",Cristina,Gonzalez,17576526,3584300694,,2,0,,Sí,,No,,No,,No,,Sí,Sí,No,,,,,,Sí,No,No,,No,,,,Sí,No,4,No,,,Bien,Muy bien,Mal,Mal,Mal
San Pantaleón,GS-F-00220,22/7/2026 11:06:00,222,Lorena vallero,L vega 1543,,,,Tiziana,Monte,45247233,3585045940,,5,0,,Sí,,No,,No,,No,,Sí,Sí,Sí,Motora,,,,,Sí,Sí,No,,No,,Sí,C.A.P.S. 13,Sí,No,4,Sí,No,No,Muy bien,Bien,Muy mal,Muy mal,Muy mal
San Pantaleón,GS-F-00221,22/7/2026 11:09:03,628,Carlos Marquez,Victor Hugo 1437,,,"-33.0990990990991, -64.3525759522944",Lucia Maricel,Cabello,37421788,3584183641,,4,1,Sí,Sí,,No,,No,,No,,Sí,Sí,Sí,Motora,,,,,Sí,No,No,,No,Sí,Sí,C.A.P.S. 1,Sí,No,4,Sí,Algunos,Algunos,Bien,Muy bien,Bien,Muy bien,Ns/Nc
San Pantaleón,GS-F-00222,22/7/2026 11:09:30,314,Daniela Coria,Mozart 306,,,"-33.0968334, -64.3356917",Erica,Diaz,,,,5,1,Sí,Sí,,No,,No,,No,,Sí,Sí,No,,,,,,No,,,,No,Sí,No,,No,No,4,Sí,No,"Sí, todos",Bien,Bien,Mal,Mal,Ns/Nc
San Pantaleón,GS-F-00223,22/7/2026 11:10:36,207,Ana Carina Campodónico,Panamá 383,,,"-33.0939401, -64.3323275",Paula,SIERRA,34884088,3584340883,,3,1,,Sí,,No,,No,,No,,Sí,Sí,No,,,,,,No,,,,No,Sí,Sí,C.A.P.S. 2,No,No,4,Sí,"Sí, todos",No,Muy mal,Muy bien,Bien,Muy mal,Muy mal
San Pantaleón,GS-F-00224,22/7/2026 11:12:45,870,Florencia Tesorero,Jose verdi 1355,,,"-33.0952082, -64.3320704",Domngo,Gallego,8439638,3584360667,,2,0,,Sí,,No,,No,,No,,Sí,No,No,,,,,,Sí,Sí,No,,No,,No,,Sí,No,4,Sí,"Sí, todos","Sí, todos",Bien,Bien,Mal,Mal,Mal
San Pantaleón,GS-F-00225,22/7/2026 11:17:57,433,Carolina martinasso,Jenner1307,,,"-33.0946895, -64.3379444",Marta,Ramirez,10585310,3584080890,,2,0,,Sí,,Sí,,No,,No,,Sí,Sí,No,,,,,,Sí,Sí,Sí,Santa Rita,No,,No,,Sí,No,4,No,,,Bien,Bien,Bien,Muy mal,Mal
San Pantaleón,GS-F-00226,22/7/2026 11:21:28,1215,Rosana Ochoa,Genner1328,,,"-33.094148725182436, -64.3374014695578",Lucas,Garcia,8473140,3584242745,,3,0,,Sí,,No,,No,,No,,Sí,Sí,Sí,Motora,,,,,Sí,Sí,No,,No,,Sí,C.A.P.S. 13,Sí,No,3,Sí,No,No,Muy mal,Bien,Bien,Muy mal,Bien
San Pantaleón,GS-F-00227,22/7/2026 11:21:39,529,Ana Carina Campodónico,Panamá 371,,,"-33.0938943, -64.3322135",Sabrina,CABALLERO,30316060,3584189358,,3,1,Sí,Sí,,No,,No,,No,,Sí,Sí,No,,,,,,No,,,,Sí,Sí,Sí,C.A.P.S. 2,No,No,4,Sí,"Sí, todos",Algunos,Bien,Bien,Ns/Nc,Muy mal,Muy mal
San Pantaleón,GS-F-00228,22/7/2026 11:22:03,210,Seitz milena,Paul Harris 1251,,,"-33.0972061, -64.3364458",Ariel,Brian,23226848,3584859758,,4,0,,Sí,,No,,No,,No,,Sí,Sí,No,,,,,,No,,,,No,,No,,No,No,4,Sí,No,No,Muy bien,Muy bien,Muy mal,Muy mal,Muy mal
San Pantaleón,GS-F-00229,22/7/2026 11:22:50,1059,Maricel Nuñez,Paul Harris 1240,,,"-33.095201, -64.334072",Laura,Garro,16529870,3584836938,,4,1,Sí,Sí,,No,,No,,No,,Sí,Sí,No,,,,,,Sí,Sí,No,,No,Sí,Sí,C.A.P.S. 13,No,No,4,Sí,No,"Sí, todos",Bien,Bien,Mal,Bien,Bien
San Pantaleón,GS-F-00230,22/7/2026 11:26:00,236,Seitz milena,Paul Harris 1255,,,"-33.0971235, -64.336406",Mafalda,Sosa,4109924,,,1,0,,Sí,,No,,No,,No,,Sí,No,No,,,,,,Sí,Sí,No,,No,,No,,No,No,4,Sí,No,No,Muy bien,Muy bien,Muy bien,Mal,Muy mal
San Pantaleón,GS-F-00231,22/7/2026 11:29:17,182,Maricel Nuñez,Paul Harris 1204,,,"-33.0976033, -64.3366167",Francisco,Piacenza,43131821,3585126608,,2,0,,Sí,,No,,No,,No,,Sí,Sí,No,,,,,,No,,,,No,,No,,No,No,4,Sí,No,No,Muy bien,Muy bien,Bien,Muy bien,Bien
San Pantaleón,GS-F-00232,22/7/2026 11:30:29,307,Ana Carina Campodónico,Panamá 357,,,"-33.0939716, -64.3320236",Juan Carlos,CEJAS,,,,5,2,Sí,Sí,,No,,No,,No,,Sí,Sí,Sí,Motora,,,,,Sí,Sí,No,,No,Sí,No,,No,No,4,Sí,"Sí, todos","Sí, todos",Bien,Muy bien,Muy mal,Mal,Bien
San Pantaleón,GS-F-00233,22/7/2026 11:30:51,290,Seitz milena,Paul Harris 1243,,,"-33.0971183, -64.3364838",Gonzalo,Ponce de leon,38109865,3585624957,,3,1,Sí,Sí,,No,,No,,No,,Sí,Sí,No,,,,,,No,,,,No,Sí,No,,No,No,4,Sí,No,No,Muy bien,Muy bien,Bien,Muy bien,Mal
San Pantaleón,GS-F-00234,22/7/2026 11:31:28,809,Martinasso carolina,Mozar y jenner,,,"-33.094532, -64.3378188",Lucrecia,Gordon,35915295,3584869182,,3,1,Sí,Sí,,No,,No,,No,,Sí,Sí,No,,,,,,No,,,,No,Sí,Sí,C.A.P.S. 13,No,No,4,Sí,No lo sé,No,Bien,Bien,Mal,Mal,Mal
San Pantaleón,GS-F-00235,22/7/2026 11:37:58,281,Vanesa Lopez,Panamá 341,,,"-33.0942281, -64.3319325",Andrea,Pavon,22843644,,,4,1,Sí,Sí,,No,,No,,No,,Sí,Sí,No,,,,,,No,,,,No,Sí,Sí,C.A.P.S. 13,No,No,2,Sí,"Sí, todos",No,Muy mal,Bien,Bien,Muy mal,Muy mal
San Pantaleón,GS-F-00236,"22/7/2026, 11:41:39",1209,Ochoa Rosana,Genner1225,,,"-33.094477195104766, -64.33789073914741",Margarita,Desplats,11432982,3584652588,,1,0,,Sí,,No,,No,,No,,Sí,Sí,No,,,,,,Sí,Sí,No,,No,,Sí,S24 Banda Norte,No,No,4,Sí,"Sí, todos","Sí, todos",Bien,Bien,Bien,Bien,Bien
San Pantaleón,GS-F-00237,"22/7/2026, 11:47:57",586,Vanesa Lopez,Panamá 269,,,"-33.094101, -64.3317176",Silvia,Gonzalez,14566286,,,4,0,,Sí,,No,,No,,No,,Sí,Sí,No,,,,,,Sí,Sí,No,,No,,Sí,S24 Banda Norte,No,No,1,Sí,"Sí, todos",No,Bien,Bien,Bien,Muy mal,Muy mal
San Pantaleón,GS-F-00238,"22/7/2026, 11:47:57",266,Ana Carina Campodónico,Panamá w83,,,"-33.0946857, -64.3311025",Ayelén,TISSERA,,3585132861,,4,2,Sí,No,,No,,No,,No,,Sí,Sí,No,,,,,,No,,,,No,Sí,Sí,C.A.P.S. 2,No,No,3,Sí,No,No,Bien,Muy bien,Muy mal,Bien,Muy mal
San Pantaleón,GS-F-00239,"22/7/2026, 11:52:54",1285,Carolina martinasso,Jenner1291,,,"-33.0950103, -64.338473",Blanca,Oyola,13090087,3585009688,,2,0,,Sí,,No,,No,,No,,Sí,Sí,No,,,,,,No,,,,No,,Sí,C.A.P.S. 13,Sí,No,2,Sí,No,No,Bien,Bien,Mal,Mal,Muy bien
San Pantaleón,GS-F-00240,"22/7/2026, 12:02:45",887,Ana Carina Campodónico,Panamá 227,,,"-33.0946926, -64.3311088",Camila,LLABRES,44694686,3585618292,,3,1,Sí,No,,No,,No,,No,,Sí,Sí,No,,,,,,No,,,,No,Sí,Sí,C.A.P.S. 13,No,No,2,Sí,"Sí, todos","Sí, todos",Bien,Muy bien,Bien,Muy mal,Bien
Quintitas Golf,GS-F-00241,"31/7/2026, 1:04:14",260,Ana Carina Campodónico,Islas Georgias 248,-33.1081821,-64.3842299,"-33.1081821, -64.3842299",Gustavo,Carbonari,13268385,3585092431,,1,0,,Sí,,No,,No,,No,,Sí,No,No,,,,,,Sí,Sí,No,,No,,No,,No,No,"Desayuno, Almuerzo, Merienda, Cena",Sí,No,"Sí, todos",Bien,Bien,Bien,Muy bien,Muy bien
Quintitas Golf,GS-F-00242,"31/7/2026, 1:07:23",335,Seitz Milena Joel martinelli,Martin fierro 358,-33.1102278,-64.3825849,"-33.1102278, -64.3825849",Miguel,Urdiales,16830982,3584124464,,1,0,,Sí,,No,,No,,No,,Sí,Sí,No,,,,,,No,,,,No,,No,,No lo sé,No,"Desayuno, Almuerzo, Merienda, Cena",Sí,"Sí, todos","Sí, todos",Muy bien,Muy bien,Muy bien,Muy bien,Muy mal
Quintitas Golf,GS-F-00243,"31/7/2026, 1:12:02",633,Karina Gonzalez,Comandante balmaceda 271,-33.1090248,-64.3833626,"-33.1090248, -64.3833626",Mirta,Becerra,17974007,3584306587,,4,1,,Sí,,No,,No,,No,,Sí,Sí,No,,,,,,No,,,,No,,Sí,C.A.P.S. 6,No,No,"Desayuno, Almuerzo, Merienda",Sí,"Sí, todos",Algunos,Muy bien,Bien,Mal,Bien,Mal
Quintitas Golf,GS-F-00244,"31/7/2026, 1:12:45",728,Vanesa Lopez,Islas georgias 240,-33.1083548,-64.3841661,"-33.1083548, -64.3841661",Nicolas,Villagra,41555717,3584382315,,2,0,,Sí,,Sí,,Sí,Otro,No,,Sí,Sí,Sí,Motora,Sí,No,,Falta de tiempo,No,,,,No,,No,,No,No,"Desayuno, Cena",No,,,Bien,Mal,Ns/Nc,Mal,Muy mal
Quintitas Golf,GS-F-00245,"31/7/2026, 1:13:16",479,Figueroa dayana,Roma 2721,-33.1109894,-64.3833899,"-33.1109894, -64.3833899",Edith,Aguilera,6728253,,,2,2,,Sí,,No,,No,,No,,No,No,No,,,,,,No,,,,No,Sí,No,,Sí,No,"Desayuno, Almuerzo, Merienda, Cena",Sí,"Sí, todos","Sí, todos",Muy bien,Muy bien,Muy bien,Bien,Muy bien
Quintitas Golf,GS-F-00246,"31/7/2026, 1:14:21",911,Lorena vallero,Moreno 2756,,,,Adriana,Candelero,16959812,3584622923,,1,0,,Sí,,No,,No,,No,,Sí,Sí,No,,,,,,Sí,Sí,No,,No,,No,,Sí,No,"Desayuno, Almuerzo, Merienda, Cena",Sí,"Sí, todos",No lo sé,Muy bien,Muy bien,Muy bien,Muy bien,Muy bien
Quintitas Golf,GS-F-00247,"31/7/2026, 1:14:36",431,Seitz Milena Martinelli Joel,Martin fierro 374 (empresa dyr),-33.1102465,-64.38254,"-33.1102465, -64.38254",Victor hugo,Riesgo,29176885,3586543624,,6,0,,Sí,,No,,No,,No,,Sí,Sí,No,,,,,,No,,,,No,,No,,No,No,"Desayuno, Almuerzo, Merienda, Cena",No,,,Muy bien,Bien,Bien,Mal,Mal
Quintitas Golf,GS-F-00248,"31/7/2026, 1:15:05",654,Rosana ochoa,Islas orcadas 239,,,,Maria,Adaro,24521211,3584175837,,2,0,,Sí,,No,,No,,No,,Sí,Sí,No,,,,,,Sí,No,No,,No,,No,,Sí,No,"Desayuno, Almuerzo, Merienda, Cena",Sí,"Sí, todos","Sí, todos",Bien,Muy mal,Bien,Bien,Bien
Quintitas Golf,GS-F-00249,"31/7/2026, 1:18:08",531,Agustin Quinteros,Islas de los estados 497,-33.1119921,-64.3837023,"-33.1119921, -64.3837023",Héctor,Merlo,11865568,,,2,0,,Sí,,No,,No,,No,,Sí,Sí,No,,,,,,Sí,Sí,No,,No,,Sí,S24 Sur,No,No,"Desayuno, Almuerzo, Merienda, Cena",Sí,No,No,Bien,Bien,Bien,Bien,Mal
Quintitas Golf,GS-F-00250,"31/7/2026, 1:19:15",378,Vanesa Lopez,Islas georgias 210,-33.1081581,-64.384222,"-33.1081581, -64.384222",Carlos,Carraro,11689857,3585484569,,2,0,,Sí,,No,,No,,No,,Sí,Sí,No,,,,,,Sí,Sí,No,,No,,No,,No,No,"Desayuno, Almuerzo, Merienda, Cena",Sí,"Sí, todos","Sí, todos",Bien,Bien,Bien,Bien,Muy mal
Quintitas Golf,GS-F-00251,"31/7/2026, 1:19:38",379,Figueroa Dayana,Roma,-33.1121556,-64.3835877,"-33.1121556, -64.3835877",Cristian,Lucero,28390435,3584189540,,4,0,,Sí,,No,,No,,No,,Sí,Sí,No,,,,,,No,,,,No,,No,,No,No,"Desayuno, Almuerzo, Merienda, Cena",Sí,"Sí, todos","Sí, todos",Bien,Muy bien,Mal,Bien,Bien
Quintitas Golf,GS-F-00252,"31/7/2026, 1:19:40",924,Ana Carina Campodónico,Islas Georgias 228,-33.108174,-64.3842279,"-33.108174, -64.3842279",Oriana,Echevarria,40504250,3584322692,,5,3,Sí,Sí,,No,,No,,No,,Sí,Sí,No,,,,,,No,,,,No,Sí,No,,No,No,"Desayuno, Almuerzo, Merienda, Cena",No,,,Bien,Muy bien,Bien,Muy bien,Muy bien
Quintitas Golf,GS-F-00253,"31/7/2026, 1:19:59",322,Seitz- Martinelli,Martin fierro 387,-33.1104365,-64.3827951,"-33.1104365, -64.3827951",Veronica,Diaz,28579637,3584191134,,5,1,Sí,Sí,,No,,No,,No,,Sí,Sí,No,,,,,,No,,,,Sí,Sí,Sí,C.A.P.S. 3,Sí,No,"Desayuno, Almuerzo, Merienda, Cena",Sí,"Sí, todos",No,Muy bien,Muy bien,Mal,Bien,Muy mal
Quintitas Golf,GS-F-00254,"31/7/2026, 1:20:37",339,Denice Minudri,Peroto moreno 2773,-33.1081883,-64.3842254,"-33.1081883, -64.3842254",Ivana,Moreno,27070682,3585189871,,5,2,Sí,Sí,,No,,No,,No,,Sí,Sí,No,,,,,,No,,,,No,Sí,Sí,C.A.P.S. 5,No,No,"Desayuno, Almuerzo, Merienda, Cena",Sí,"Sí, todos","Sí, todos",Muy bien,Muy bien,Mal,Bien,Mal
Quintitas Golf,GS-F-00255,"31/7/2026, 1:21:13",410,Lorena Vallero,Balmaceda 100,,,,Jorge,Rivarola,12144076,3584000000,,1,0,,Sí,,Sí,,No,,No,,No,No,No,,,,,,Sí,Sí,,,No,,No,,No,No,"Desayuno, Almuerzo, Merienda, Cena",Sí,"Sí, todos",No,Bien,Bien,Bien,Bien,Bien
Quintitas Golf,GS-F-00256,"31/7/2026, 1:24:15",726,Karina Gonzalez,Islas orcadas 27,-33.1093145,-64.3833471,"-33.1093145, -64.3833471",Eduardo,Coria,24783983,3585097155,,4,2,Sí,Sí,,Sí,,No,,No,,Sí,Sí,No,,,,,,No,,,,No,Sí,No,,No,No,"Desayuno, Almuerzo, Merienda, Cena",Sí,No,No,Mal,Bien,Mal,Mal,Mal
Quintitas Golf,GS-F-00257,"31/7/2026, 1:25:24",249,Lorena vallero,Moreno 2836,,,,Ana,Rivero,11968937,35804000000,,3,0,,Sí,,No,,No,,No,,Sí,Sí,No,,,,,,Sí,Sí,No,,No,,No,,No,No,"Desayuno, Almuerzo, Merienda, Cena",No,,,Bien,Bien,Bien,Bien,Bien
Quintitas Golf,GS-F-00258,"31/7/2026, 1:25:45",502,María Soledad Frattari,Islas orcadas 289,-33.1080348,-64.3850576,"-33.1080348, -64.3850576",Jorge Luis,Almagro,17576502,3584184630,,3,0,,Sí,,No,,No,,No,,Sí,Sí,No,,,,,,No,,,,No,,No,,No,No,"Desayuno, Almuerzo, Merienda, Cena",Sí,"Sí, todos",No,Muy bien,Mal,Bien,Bien,Mal
Quintitas Golf,GS-F-00259,"31/7/2026, 1:26:25",386,Seitz martinelli,Martin fierro 430,-33.11069,-64.382471,"-33.11069, -64.382471",Mario,Rodriguez,26728232,3584354095,,3,1,Sí,Sí,,No,,No,,No,,Sí,Sí,No,,,,,,No,,,,No,Sí,No,,No,No,"Desayuno, Almuerzo, Merienda, Cena",Sí,"Sí, todos",No,Muy bien,Muy bien,Muy bien,Muy bien,Muy mal
Quintitas Golf,GS-F-00260,"31/7/2026, 1:27:05",1146,Carlos Marquez,Perrito moreno2921,-33.11711712,-64.38728647,"-33.11711711711712, -64.38728647336964",Osvaldo,Calderón,11398588,3385444118,,3,0,,Sí,,Sí,1,No,,No,,Sí,Sí,Sí,Motora,Sí,No,,Por desconocimiento,Sí,Sí,No,,No,,No,,Sí,No,"Desayuno, Almuerzo, Merienda, Cena",Sí,No,Algunos,Mal,Muy bien,Muy mal,Bien,Muy mal
Quintitas Golf,GS-F-00261,"31/7/2026, 1:27:51",514,Vanesa Lopez,Islas Georgias 164,-33.1079,-64.3842102,"-33.1079, -64.3842102",Nahuel,Escudero,38731649,3584307504,,4,0,,Sí,,No,,No,,No,,Sí,Sí,No,,,,,,No,,,,No,,Sí,Hospital Regional San Antonio de Padua,No,No,"Desayuno, Almuerzo, Merienda, Cena",Sí,"Sí, todos","Sí, todos",Bien,Bien,Mal,Mal,Bien
Quintitas Golf,GS-F-00262,"31/7/2026, 1:28:31",531,Figueroa dayana,Roma 2675,-33.1121457,-64.3831951,"-33.1121457, -64.3831951",Ana isabel,Viales,4940964,,,2,2,,Sí,,No,,No,,No,,No,Sí,No,,,,,,No,,,,No,Sí,No,,No,No,"Desayuno, Merienda",No,,,Bien,Bien,Bien,Bien,Bien
Quintitas Golf,GS-F-00263,"31/7/2026, 1:31:57",331,Seitz- martinelli,Martin fierro 450,-33.1113391,-64.3829153,"-33.1113391, -64.3829153",Manuel,Carballo,12630583,3584397364,,4,0,,Sí,,No,,No,,No,,Sí,Sí,No,,,,,,Sí,Sí,No,,No,,No,,No,No,"Desayuno, Almuerzo, Merienda, Cena",Sí,"Sí, todos",No,Muy bien,Muy bien,Muy bien,Bien,Muy mal
Quintitas Golf,GS-F-00264,"31/7/2026, 1:34:26",884,Ana Carina Campodónico,Islas Georgias 130,-33.1081157,-64.3841882,"-33.1081157, -64.3841882",Yuliana,Alaniz,44203049,3585624324,,3,1,,Sí,,No,,No,,No,,Sí,Sí,No,,,,,,No,,,,No,Sí,Sí,C.A.P.S. 5,No,No,"Desayuno, Almuerzo, Merienda, Cena",No,,,Muy bien,Muy bien,Bien,Bien,Muy bien
Quintitas Golf,GS-F-00265,"31/7/2026, 1:34:39",617,Karina Gonzalez,Buenos Aires 1869,-33.1094343,-64.3818302,"-33.1094343, -64.3818302",Lorena,Soloa,28706185,3585127784,,3,0,,Sí,,Sí,,No,,No,,Sí,Sí,No,,,,,,Sí,Sí,No,,No,,Sí,C.A.P.S. 3,No,No,"Desayuno, Cena",No,,,Bien,Bien,Mal,Bien,Ns/Nc
Quintitas Golf,GS-F-00266,"31/7/2026, 1:36:46",660,Maria Soledad Frattari,Islas orcadas 164,-33.1075919,-64.3850507,"-33.1075919, -64.3850507",Gastón,Minardi,26519879,3585646490,,1,0,,Sí,,No,,No,,No,,Sí,Sí,No,,,,,,No,,,,No,,No,,No,No,"Desayuno, Almuerzo, Merienda, Cena",No,,,Muy bien,Bien,Muy bien,Muy bien,Bien
Quintitas Golf,GS-F-00267,"31/7/2026, 1:40:19",219,Seitz-martinelli,Martin fierro 466,-33.1115775,-64.3828867,"-33.1115775, -64.3828867",Judith,Escobar,27185398,3584822449,,4,2,Sí,Sí,,No,,No,,No,,Sí,Sí,No,,,,,,No,,,,No,Sí,Sí,Centro de Salud Municipal,No,No,"Desayuno, Almuerzo, Merienda, Cena",Sí,No,No,Muy bien,Muy bien,Bien,Muy mal,Mal
Quintitas Golf,GS-F-00268,"31/7/2026, 1:45:24",305,Seitz Martinelli,Martin fierro 474,-33.1116432,-64.3829946,"-33.1116432, -64.3829946",Ricardo,Costantino,12630550,3585484625,,2,0,,Sí,,No,,No,,No,,Sí,Sí,No,,,,,,Sí,Sí,No,,No,,No,,No,No,"Desayuno, Almuerzo, Merienda, Cena",No,,,Mal,Muy bien,Mal,Bien,Mal
Quintitas Golf,GS-F-00269,"31/7/2026, 1:45:31",1018,Dayana Figueroa,Roma 2624,-33.1122817,-64.3827335,"-33.1122817, -64.3827335",Maria,Becerra,10337291,,,2,0,,Sí,,No,,No,,No,,No,No,No,,,,,,No,,,,No,,No,,No,No,"Desayuno, Almuerzo, Merienda, Cena",No,,,Muy bien,Muy bien,Bien,Muy bien,Bien
Quintitas Golf,GS-F-00270,"31/7/2026, 1:46:24",216,Vanesa Lopez,Islas georgias 40,-33.1055608,-64.3843482,"-33.1055608, -64.3843482",Emanuel,Alaniz,40772858,3584295064,,5,0,,Sí,,No,,No,,No,,Sí,Sí,No,,,,,,No,,,,No,,Sí,Hospital Regional San Antonio de Padua,No,No,"Desayuno, Almuerzo, Merienda, Cena",Sí,"Sí, todos","Sí, todos",Mal,Bien,Mal,Bien,Bien
Quintitas Golf,GS-F-00271,"31/7/2026, 1:49:11",743,Maria Soledad Frattari,Islas orcadas 160,-33.1070367,-64.3851129,"-33.1070367, -64.3851129",Nora,Allende,12762764,,,8,5,Sí,Sí,,No,,No,,No,,Sí,Sí,No,,,,,,Sí,Sí,No,,No,Sí,Sí,C.A.P.S. 5,No,No,"Desayuno, Almuerzo, Merienda, Cena",Sí,No,No,Muy bien,Muy bien,Bien,Bien,Bien
Quintitas Golf,GS-F-00272,"31/7/2026, 1:50:18",293,Seitz-martinelli,Martin fierro 494,-33.1117835,-64.3830959,"-33.1117835, -64.3830959",Agustina,Oviedo,40417249,3585720392,,3,2,Sí,Sí,,No,,No,,No,,Sí,Sí,No,,,,,,No,,,,No,Sí,Sí,C.A.P.S. 5,No,No,"Desayuno, Almuerzo, Merienda, Cena",Sí,No,No,Muy bien,Muy bien,Mal,Mal,Bien
Quintitas Golf,GS-F-00273,"31/7/2026, 1:52:01",418,Agustín Quinteros,Toma 2602,-33.1126078,-64.3818541,"-33.1126078, -64.3818541",Ida,Bustos,13268276,3585147042,,1,0,,Sí,,Sí,1,No,,No,,No,Sí,No,,,,,,Sí,Sí,No,,No,,No,,No,No,"Desayuno, Almuerzo, Merienda, Cena",No,,,Mal,Muy mal,Mal,Bien,Bien
Quintitas Golf,GS-F-00274,"31/7/2026, 1:58:31",559,Maria Soledad Frattari,Islas orcadas 41,-33.1069231,-64.3851996,"-33.1069231, -64.3851996",Cecilia,Trigoso,36426228,3584831552,,4,2,Sí,Sí,,No,,No,,No,,Sí,Sí,No,,,,,,No,,,,No,Sí,No,,No,No,"Desayuno, Almuerzo, Merienda, Cena",Sí,"Sí, todos","Sí, todos",Muy bien,Mal,Bien,Bien,Mal
Quintitas Golf,GS-F-00275,"31/7/2026, 1:58:50",511,Seitz Milena Joel martinelli,Martin fierro 518,-33.1120995,-64.3830924,"-33.1120995, -64.3830924",Fani,Pereyra,6412291,,,4,0,,Sí,,No,,No,,No,,Sí,Sí,No,,,,,,Sí,Sí,No,,No,,Sí,C.A.P.S. 2,Sí,Sí,"Desayuno, Almuerzo, Merienda",Sí,No,No,Muy bien,Muy bien,Muy bien,Muy bien,Muy bien
Quintitas Golf,GS-F-00276,"31/7/2026, 1:59:30",958,Rosana Ochoa,Islas orcadas 65,-33.10698034,-64.38478322,"-33.1069803407996, -64.38478322268453",Luciano,Disanto,38731241,3586008490,,3,0,,Sí,,No,,No,,No,,Sí,Sí,Sí,Auditiva,No,No,,No le interesa,Sí,Sí,No,,No,,No,,Sí,No,"Desayuno, Almuerzo, Merienda",Sí,"Sí, todos","Sí, todos",Bien,Bien,Mal,Mal,Bien
Quintitas Golf,GS-F-00277,"31/7/2026, 2:04:56",365,Seitz Milena Joel martinelli,Martin fierro 520,-33.1124107,-64.3833151,"-33.1124107, -64.3833151",Jose,Leal,29573379,3585041687,,2,1,Sí,Sí,,No,,No,,No,,Sí,Sí,Sí,Intelectual y Mental,Sí,No,,Le interesaría asesoramiento,No,,,,No,Sí,No,,No,No,"Desayuno, Almuerzo, Merienda, Cena",No,,,Muy bien,Muy bien,Bien,Mal,Muy mal
Quintitas Golf,GS-F-00278,"31/7/2026, 2:05:55",384,Rosana ochoa,Islas orcadas 41,-33.10571306,-64.38506331,"-33.105713057262484, -64.38506331012776",Gaston,Ochoa,34771476,35815490759,,4,2,Sí,Sí,,No,,No,,No,,Sí,Sí,No,,,,,,No,,,,No,Sí,No,,No,No,"Desayuno, Almuerzo, Merienda, Cena",Sí,"Sí, todos","Sí, todos",Bien,Bien,Bien,Mal,Mal
Quintitas Golf,GS-F-00279,"31/7/2026, 2:11:35",339,Rosana Ochoa,Islas orcadas 25,-33.10548881,-64.38479942,"-33.105488808463704, -64.38479941600738",Maria,Velazquez,28173348,3585104010,,7,4,,Sí,,No,,No,,No,,Sí,Sí,No,,,,,,No,,,,No,Sí,Sí,C.A.P.S. 5,No,No,"Desayuno, Almuerzo, Merienda, Cena",Sí,"Sí, todos",Algunos,Bien,Bien,Bien,Mal,Bien
Quintitas Golf,GS-F-00280,"31/7/2026, 2:11:51",414,Seitz Milena Joel martinelli,Martin fierro 640,-33.1124875,-64.3832708,"-33.1124875, -64.3832708",Juan carlos,Bocardo,10054083,,,1,0,,Sí,,No,,No,,No,,Sí,Sí,No,,,,,,Sí,Sí,No,,No,,No,,No,No,"Desayuno, Almuerzo, Merienda, Cena",No,,,Bien,Muy bien,Bien,Muy bien,Muy mal
Quintitas Golf,GS-F-00281,"31/7/2026, 2:12:52",861,Maria Soledad Frattari,Islas orcadas 70,-33.1063378,-64.3851755,"-33.1063378, -64.3851755",Griselda,Diez,14251761,3586548175,,2,0,,Sí,,No,,No,,No,,Sí,Sí,No,,,,,,Sí,Sí,No,,No,,No,,No,No,"Desayuno, Almuerzo, Merienda, Cena",No,,,Bien,Bien,Mal,Muy mal,Muy mal
Alem,GS-F-00282,"14/8/2026, 12:58:38",498,Carolina Marchiscio y Monica Becerra,Psje Moyano 949,,,,Blanca,Pellegrini,6663294,33333333333,,1,0,,Sí,,No,,No,,No,,Sí,Sí,No,,,,,,Sí,Sí,No,,No,,No,,No,No,"Desayuno, Almuerzo, Merienda, Cena",Sí,No,No lo sé,Bien,Bien,Bien,Bien,Bien
Alem,GS-F-00283,"14/8/2026, 12:59:37",621,Karina Gonzalez,Salta426,,,,Monica,Fernandez,12659919,3584663076,,2,0,,Sí,,No,,No,,No,,Sí,Sí,No,,,,,,Sí,Sí,No,,No,,No,,Sí,No,"Desayuno, Almuerzo, Merienda, Cena",Sí,"Sí, todos",No,Muy bien,Bien,Bien,Mal,Ns/Nc
Alem,GS-F-00284,"14/8/2026, 1:00:41",238,Benítez Noelia,Catamarca 459,-33.1422929,-64.3378668,"-33.1422929, -64.3378668",Liliana,Brizuela,34059729,2645668612,,3,1,,Sí,,No,,No,,No,,Sí,Sí,No,,,,,,No,,,,No,Sí,No,,Sí,No,"Desayuno, Almuerzo, Merienda, Cena",Sí,"Sí, todos","Sí, todos",Muy bien,Bien,Muy bien,Bien,Bien
Alem,GS-F-00285,"14/8/2026, 1:01:53",249,Daniela Coria,Chiclana 1355,-33.147905,-64.3356683,"-33.147905, -64.3356683",Belen,Fuentes,26006049,,,4,1,Sí,Sí,,No,,No,,No,,Sí,Sí,No,,,,,,No,,,,No,Sí,Sí,S24 Alberdi,No,No,"Desayuno, Almuerzo, Merienda, Cena",Sí,"Sí, todos","Sí, todos",Bien,Muy bien,Mal,Bien,Mal
Alem,GS-F-00286,"14/8/2026, 1:03:38",299,Carolina Marchiscio y Monica Becerra,Pasaje moyano 931,,,,Zulma,Peruchini,5576393,33333333333,,2,0,,Sí,,No,,No,,No,,Sí,Sí,No,,,,,,Sí,Sí,No,,No,,No,,Sí,No,"Desayuno, Almuerzo, Merienda, Cena",No,,,Bien,Bien,Bien,Bien,Bien
Alem,GS-F-00287,"14/8/2026, 1:04:40",1342,Carla Russo,Catamarca 600,,,,Carina,Gallardo,,3585612820,,3,3,Sí,Sí,,No,,No,,No,,Sí,Sí,No,,,,,,No,,,,No,,No,,No,No,"Desayuno, Almuerzo, Merienda, Cena",Sí,"Sí, todos","Sí, todos",Bien,Mal,Bien,Bien,Bien
Alem,GS-F-00288,"14/8/2026, 1:05:04",366,Lucy P,Adelia María 730,-33.1448022,-64.334273,"-33.1448022, -64.334273",Miriam,Lujan,21406728,3585145542,,5,1,,Sí,,No,,No,,No,,Sí,Sí,No,,,,,,No,,,,No,Sí,Sí,S24 Alberdi,Sí,No,"Merienda, Cena",Sí,"Sí, todos","Sí, todos",Muy bien,Bien,Bien,Muy mal,Muy mal
Alem,GS-F-00289,"14/8/2026, 1:05:32",332,Seitz milena,Belisario Roldán 1262,,,,Rosana,Guardia,25136565,3584187502,,4,1,Sí,Sí,,No,,No,,No,,Sí,Sí,No,,,,,,No,,,,No,Sí,Sí,C.A.P.S. 1,Sí,No,"Desayuno, Almuerzo, Merienda, Cena",No,,,Muy bien,Muy bien,Muy mal,Muy mal,Mal
Alem,GS-F-00290,"14/8/2026, 1:07:44",277,Daniela Coria,Pj curchod,-33.147965,-64.3356983,"-33.147965, -64.3356983",Juan ignacio,Zabala,48602681,,,5,2,Sí,Sí,,No,,No,,No,,Sí,Sí,No,,,,,,No,,,,No,Sí,No,,No,No,"Desayuno, Almuerzo, Merienda, Cena",Sí,No lo sé,"Sí, todos",Bien,Mal,Mal,Bien,Bien
Alem,GS-F-00291,"14/8/2026, 1:08:49",997,Facundo moyano,Adelia maria 460,,,,Romina,Brescia,32094803,3585099275,,5,3,Sí,Sí,,No,,No,,No,,Sí,Sí,No,,,,,,No,,,,No,Sí,Sí,Centro de Salud Municipal,No,No,"Desayuno, Almuerzo, Merienda, Cena",Sí,No,No,Bien,Mal,Bien,Mal,Mal
Alem,GS-F-00292,"14/8/2026, 1:10:03",270,Seitz,Belisario Roldán 1276,-33.145947,-64.338584,"-33.145947, -64.338584",Fabiana,Ortiz,24333450,3585041973,,6,0,,Sí,,No,,No,,No,,Sí,Sí,No,,,,,,No,,,,Sí,,Sí,C.A.P.S. 14,Sí,No,"Desayuno, Almuerzo, Merienda, Cena",Sí,"Sí, todos",No,Muy bien,Muy bien,Mal,Bien,Muy mal
Alem,GS-F-00293,"14/8/2026, 1:11:42",422,Figueroa dayana,,-33.1430132,-64.3359826,"-33.1430132, -64.3359826",Maria luz,Aguero,42185458,,,3,0,,Sí,,No,,No,,No,,Sí,Sí,Sí,,Sí,No,,Falta de informacion,No,,,,No,,No,,No,No,"Desayuno, Almuerzo, Merienda, Cena",Sí,"Sí, todos","Sí, todos",Muy bien,Muy bien,Muy bien,Muy bien,Mal
Alem,GS-F-00294,"14/8/2026, 1:11:59",737,Karina Gonzalez,Salta 490,-33.1411117,-64.3380924,"-33.1411117, -64.3380924",Rodrigo,Vega,24538276,3585750604,,5,0,,Sí,,No,,No,,No,,Sí,Sí,No,,,,,,No,,,,No,,Sí,C.A.P.S. 9,Sí,No,"Desayuno, Almuerzo, Merienda, Cena",No,,,Muy bien,Bien,Bien,Mal,Ns/Nc
Alem,GS-F-00295,"14/8/2026, 1:12:24",744,Maricel Nuñez,Belisario roldan 1270,-33.1455193,-64.3383142,"-33.1455193, -64.3383142",Marisa,Guardia,22843679,3584206532,,8,3,No,Sí,,No,,Sí,Asistencia Monetaria a Familias,Sí,Otro,Sí,Sí,No,,,,,,No,,,,No,Sí,Sí,C.A.P.S. 14,Sí,No,Almuerzo,Sí,"Sí, todos",No,Muy bien,Muy bien,Bien,Bien,Mal
Alem,GS-F-00296,"14/8/2026, 1:12:52",421,Cintia Diaz,Pje curchot 647,,,,Paola,KLopo,32097699,3584908743,,7,3,Sí,Sí,,No,,No,,No,,Sí,Sí,No,,,,,,No,,,,No,Sí,No,,No,No,"Desayuno, Almuerzo, Merienda, Cena",Sí,No,No,Bien,Bien,Bien,Bien,Bien
Alem,GS-F-00297,"14/8/2026, 1:14:00",373,Daniela Coria,Pj curchod 646,-33.1478414,-64.3361369,"-33.1478414, -64.3361369",Paola,Arguello,26006230,,,5,2,Sí,Sí,,No,,No,,No,,Sí,Sí,No,,,,,,No,,,,No,Sí,No,,Sí,No,"Desayuno, Almuerzo, Merienda, Cena",Sí,No lo sé,No,Muy bien,Muy bien,Mal,Bien,Muy bien
Alem,GS-F-00298,"14/8/2026, 1:14:46",305,Lucy P,Sarratea 1112,-33.1451455,-64.3332236,"-33.1451455, -64.3332236",Ester,Carrizo,13731728,,,2,0,,Sí,,No,,No,,No,,Sí,Sí,No,,,,,,Sí,Sí,No,,No,,Sí,S24 Alberdi,Sí,No,"Desayuno, Almuerzo, Merienda",Sí,No lo sé,No,Muy bien,Muy bien,Bien,Muy mal,Mal
Alem,GS-F-00299,"14/8/2026, 1:15:10",443,Carlos Marquez,Adelia María 774,-33.1448006,-64.3335152,"-33.1448006, -64.3335152",Lidia,Lupano,13268163,3584223122,,5,3,Sí,Sí,,No,,No,,No,,Sí,Sí,No,,,,,,Sí,Sí,No,,No,Sí,No,,No,No,"Desayuno, Almuerzo, Merienda, Cena",Sí,Algunos,Algunos,Bien,Muy bien,Muy mal,Muy bien,Bien
Alem,GS-F-00300,"14/8/2026, 1:16:28",445,Carolina Marchiscio y Monica Becerra,Pasaje elias moyano 900,-33.13513514,-64.33594945,"-33.13513513513514, -64.33594944718456",Rosa,PereZ,4670048,3585082901,,2,0,,Sí,,No,,No,,No,,Sí,Sí,No,,,,,,Sí,Sí,No,,No,,No,,Sí,No,"Desayuno, Almuerzo",Sí,"Sí, todos","Sí, todos",Bien,Bien,Bien,Bien,Bien
Alem,GS-F-00301,"14/8/2026, 1:16:59",483,Facundo moyano,Adelia maria 470,,,,Nanci,Moreno,23982336,3584842833,,5,2,Sí,Sí,,No,,No,,No,,Sí,Sí,No,,,,,,No,,,,No,Sí,Sí,Centro de Salud Municipal,Sí,No,"Desayuno, Almuerzo, Merienda, Cena",Sí,"Sí, todos","Sí, todos",Bien,Bien,Bien,Muy mal,Mal
Alem,GS-F-00302,"14/8/2026, 1:20:41",400,Daniela Coria,Pj curchod 637,-33.1477256,-64.3365131,"-33.1477256, -64.3365131",Analia,Cabrera,35544417,,,5,3,Sí,Sí,,Sí,1,No,,No,,Sí,Sí,Sí,Respiratoria,Sí,No,,Falta de información,No,,,,No,Sí,No,,No,No,"Desayuno, Almuerzo, Merienda, Cena",Sí,No lo sé,No,Bien,Bien,Bien,Muy bien,Mal
Alem,GS-F-00303,"14/8/2026, 1:20:54",325,Lucy P,Sarratea 1120,-33.1452845,-64.3333152,"-33.1452845, -64.3333152",Elisa,Leal,37490332,3585486023,,5,4,Sí,Sí,,Sí,1,No,,No,,Sí,Sí,Sí,Intelectual y Mental,Sí,No,,,No,,,,No,Sí,Sí,S24 Alberdi,No,No,"Desayuno, Almuerzo, Merienda, Cena",Sí,"Sí, todos",Algunos,Muy bien,Muy bien,Mal,Muy mal,Mal
Alem,GS-F-00304,"14/8/2026, 1:21:25",582,Russo carla,Adelia María 565,-33.1437181,-64.3361012,"-33.1437181, -64.3361012",Analia,Klopot,24521970,3584301734,,4,1,Sí,Sí,,No,,No,,No,,Sí,Sí,No,,,,,,Sí,Sí,Sí,Otro,No,Sí,Sí,S24 Alberdi,No,No,"Desayuno, Almuerzo, Merienda, Cena",Sí,"Sí, todos","Sí, todos",Bien,Bien,Bien,Mal,Mal
Alem,GS-F-00305,"14/8/2026, 1:23:21",381,Facundo moyano,Adelia maria 455,,,,Dalma,Mercado,43132036,3584201047,,4,2,Sí,Sí,,No,,No,,No,,Sí,Sí,No,,,,,,No,,,,No,Sí,Sí,C.A.P.S. 1,No,No,"Desayuno, Almuerzo, Merienda, Cena",No,,,Bien,Bien,Bien,Muy mal,Muy mal
Alem,GS-F-00306,"14/8/2026, 1:24:50",502,Carolina Marchiscio y Monica Becerra,Pasaje elias moyano 1050,-33.13513514,-64.33594945,"-33.13513513513514, -64.33594944718456",Juan,Robinet,,3584160820,,3,5+,Sí,Sí,,No,,No,,No,,Sí,Sí,No,,,,,,Sí,Sí,No,,No,Sí,No,,,No,"Desayuno, Almuerzo, Merienda, Cena",No,,,Bien,Bien,Bien,Bien,Bien
Alem,GS-F-00307,"14/8/2026, 1:25:17",275,Daniela Coria,Montevideo 1361,-33.1475308,-64.3366342,"-33.1475308, -64.3366342",María Luz,Giammarco,46887612,,,3,0,,Sí,,No,,No,,No,,Sí,Sí,No,,,,,,No,,,,No,,Sí,S24 Alberdi,No,No,"Desayuno, Almuerzo, Merienda, Cena",Sí,"Sí, todos","Sí, todos",Bien,Muy bien,Bien,Mal,Bien
Alem,GS-F-00308,"14/8/2026, 1:26:30",620,Seitz,Pasaje Guillermo monte 1285,-33.1463679,-64.3387274,"-33.1463679, -64.3387274",Rosa beatriz,Monroy,,3584227557,,10+,3,Sí,Sí,,No,,No,,No,,Sí,Sí,Sí,Motora,Sí,No,,Falta de movilidad.,Sí,Sí,No,,No,Sí,Sí,C.A.P.S. 4,No,No,Almuerzo,Sí,No,Algunos,Muy bien,Muy bien,Muy bien,Mal,Bien
Alem,GS-F-00309,"14/8/2026, 1:27:07",882,Maricel nuñez,Pedro goyena 1141/ guayaquil 485 Walter diario perez,-33.1459518,-64.3385529,"-33.1459518, -64.3385529",Hernan florentino,Perez,23902962,3585047612,,1,0,,Sí,,No,,No,,No,,Sí,No,Sí,Motora,No lo sé,No,,Al cuidado de hermanos (nombre de encuestado),No,,,,No,,No,,Sí,No,Almuerzo,No,,,Muy bien,Muy mal,Bien,Muy mal,Mal
Alem,GS-F-00310,"14/8/2026, 1:27:22",921,Karina Gonzalez,Salta 522,-33.1412893,-64.3372202,"-33.1412893, -64.3372202",Miguel,Caniguiani,7643415,3584901228,,2,0,,Sí,,No,,No,,No,,Sí,No,Sí,Cardiovascular,No,No,,No sabe,Sí,Sí,No,,No,,No,,Sí,No,"Desayuno, Cena",Sí,No,No,Muy bien,Bien,Bien,Bien,Ns/Nc
Alem,GS-F-00311,"14/8/2026, 1:28:14",408,Dayana figueroa,Pje STA cejas 1070,-33.1440004,-64.3367274,"-33.1440004, -64.3367274",Vanesa,Torres,29402516,3584300080,,4,2,Sí,Sí,,No,,No,,No,,Sí,Sí,No,,,,,,No,,,,No,Sí,No,,No,No,"Desayuno, Almuerzo, Merienda, Cena",Sí,"Sí, todos",No,Muy bien,Muy bien,Mal,Bien,Bien
Alem,GS-F-00312,"14/8/2026, 1:29:19",241,Daniela Coria,Montevideo 1377,-33.1474916,-64.3369665,"-33.1474916, -64.3369665",Miriam,Rivero,18489048,,,1,0,,Sí,,No,,No,,No,,Sí,Sí,No,,,,,,No,,,,No,,No,,Sí,No,"Desayuno, Merienda, Cena",Sí,"Sí, todos","Sí, todos",Bien,Muy bien,Bien,Mal,Mal
Alem,GS-F-00313,"14/8/2026, 1:32:28",456,Carolina Marchiscio y Monica Becerra,Linier 1006,-33.13513514,-64.33594945,"-33.13513513513514, -64.33594944718456",Luz,Aguilar,41769630,3584243215,,7,3,Sí,Sí,,No,,No,,No,,Sí,Sí,No,,,,,,Sí,Sí,No,,No,Sí,Sí,C.A.P.S. 1,No,No,"Desayuno, Almuerzo, Merienda, Cena",Sí,"Sí, todos",No,Bien,Bien,Bien,Bien,Bien
Alem,GS-F-00314,"14/8/2026, 1:32:56",316,Lucy P,Sarratea 1188,-33.1454789,-64.3333713,"-33.1454789, -64.3333713",Nidia,Escudero,,,,2,0,,Sí,,No,,Sí,Asistencia Alimentaria a Familias,No,,Sí,Sí,No,,,,,,No,,,,No,,Sí,Centro de Salud Municipal,Sí,No,"Desayuno, Cena",Sí,"Sí, todos",No,Muy bien,Bien,Mal,Muy mal,Muy mal
Alem,GS-F-00315,"14/8/2026, 1:33:37",608,Facundo moyano,Leandro alem 1153,,,,Tomas,Rodriguez,18060330,3584839096,,5,1,,Sí,,No,,No,,No,,Sí,Sí,No,,,,,,No,,,,No,No,No,,No,No,"Desayuno, Almuerzo, Merienda, Cena",Sí,"Sí, todos","Sí, todos",Bien,Bien,Bien,Bien,Bien
Alem,GS-F-00316,"14/8/2026, 1:35:47",382,Daniela Coria,Fray Luis Beltrán 631,-33.1478055,-64.3373943,"-33.1478055, -64.3373943",Natalia,Esmori,27743387,,,3,1,Sí,Sí,,No,,No,,No,,Sí,Sí,No,,,,,,No,,,,No,Sí,No,,No,No,"Desayuno, Almuerzo, Merienda, Cena",Sí,No,No,Bien,Bien,Muy mal,Muy mal,Mal
Alem,GS-F-00317,"14/8/2026, 1:36:34",550,Karina Gonzalez,Salta530,-33.1415649,-64.3366956,"-33.1415649, -64.3366956",Gisela,Cismondi,35913898,3585164889,,6,4,Sí,Sí,,No,,No,,No,,Sí,Sí,Sí,Intelectual y Mental,Sí,No,,Xq va al colegio,No,,,,No,Sí,Sí,C.A.P.S. 1,No,No,"Desayuno, Merienda, Cena",No,,,Muy bien,Bien,Mal,Mal,Ns/Nc
Alem,GS-F-00318,"14/8/2026, 1:37:03",239,Carolina Marchiscio y Monica Becerra,Liniers 1028,-33.13513514,-64.33594945,"-33.13513513513514, -64.33594944718456",Maria,Pereyra,6173507,3584081297,,2,0,,Sí,,No,,No,,No,,Sí,Sí,Sí,Intelectual y Mental,Sí,No lo sé,,,No,,,,No,,No,,No,No,"Desayuno, Almuerzo, Merienda, Cena",Sí,"Sí, todos","Sí, todos",Bien,Bien,Bien,Bien,Bien
Alem,GS-F-00319,"14/8/2026, 1:38:22",581,Maricel nuñez,Guayaquil 439,-33.1464268,-64.3388297,"-33.1464268, -64.3388297",Mia,Heredia,49501855,3586543052,,4,3,Sí,Sí,,No,,Sí,Asistencia Alimentaria a Familias,No,,Sí,Sí,Sí,Intelectual y Mental,Sí,No,,Autismo. Ya no quiere participar,No,,,,No,Sí,Sí,C.A.P.S. 1,Sí,No,Cena,Sí,"Sí, todos",No,Muy bien,Muy bien,Mal,Mal,Mal
Alem,GS-F-00320,"14/8/2026, 1:38:35",339,Lucy P,Sarratea 1196,-33.145845,-64.3335804,"-33.145845, -64.3335804",Sandra,González,,3586026579,,6,3,Sí,Sí,,No,,No,,No,,Sí,Sí,Sí,Digestiva / Hepática,No,No,,,No,,,,No,Sí,Sí,S24 Alberdi,Sí,No,"Desayuno, Almuerzo, Merienda",Sí,"Sí, todos",No,Muy bien,Bien,Bien,Muy mal,Mal
Alem,GS-F-00321,"14/8/2026, 1:39:15",205,Daniela Coria,Fray Luis Beltrán 653,-33.1481097,-64.3367726,"-33.1481097, -64.3367726",Waldo,Sánchez,40202326,,,5,3,Sí,Sí,,No,,No,,No,,Sí,Sí,No,,,,,,No,,,,No,Sí,Sí,S24 Alberdi,No,No,"Desayuno, Almuerzo, Merienda, Cena",Sí,"Sí, todos","Sí, todos",Bien,Muy mal,Muy mal,Muy mal,Muy mal
Alem,GS-F-00322,"14/8/2026, 1:40:32",738,Figueroa Dayana,Pje señorita cejas 1060,-33.1436205,-64.3368178,"-33.1436205, -64.3368178",Oscar,Ceballo,13525485,3584191675,,2,0,,Sí,,No,,No,,No,,Sí,Sí,No,,,,,,Sí,No,No,,No,,No,,No,No,"Desayuno, Almuerzo, Merienda, Cena",No,,,Muy bien,Muy bien,Mal,Bien,Muy bien
Alem,GS-F-00323,"14/8/2026, 1:40:52",861,Seitz milena,Guayaquil 421,-33.1462069,-64.3393666,"-33.1462069, -64.3393666",Estela maris,Fernandez,17866866,,,2,0,,No,1,No,,No,,No,,No,Sí,Sí,Intelectual y Mental,Sí,No,,,Sí,No,No,,No,,Sí,C.A.P.S. 1,Sí,Sí,"Almuerzo, Cena",Sí,"Sí, todos",No,Muy bien,Muy bien,Muy bien,Mal,Mal
Alem,GS-F-00324,"14/8/2026, 1:42:52",348,Carolina Marchiscio y Monica Becerra,Liniers 1050,-33.13513514,-64.33594945,"-33.13513513513514, -64.33594944718456",Hugo,Barrios,16650681,3585171652,,2,0,,Sí,,No,,No,,No,,Sí,Sí,No,,,,,,Sí,Sí,No,,No,,No,,No,No,"Desayuno, Almuerzo, Merienda, Cena",No,,,Bien,Bien,Bien,Mal,Bien
Alem,GS-F-00325,"14/8/2026, 1:43:02",387,Karina Gonzalez,Salta 540,-33.1415163,-64.3364424,"-33.1415163, -64.3364424",Maria,Pereyra,6401987,3584300782,,2,0,,Sí,,No,,No,,No,,Sí,Sí,No,,,,,,Sí,Sí,No,,No,,No,,No,No,"Desayuno, Almuerzo, Merienda, Cena",Sí,No,Algunos,Muy bien,Bien,Mal,Mal,Ns/Nc
Alem,GS-F-00326,"14/8/2026, 1:44:57",256,Carla Russo,Pasaje cejas 1022,-33.1434029,-64.3368173,"-33.1434029, -64.3368173",Fatima,Vilchez,46131138,3584171919,,2,0,,Sí,,No,,No,,No,,Sí,Sí,No,,,,,,No,,,,No,,Sí,S24 Alberdi,No,No,"Desayuno, Almuerzo, Merienda, Cena",Sí,"Sí, todos","Sí, todos",Bien,Bien,Bien,Bien,Mal
Alem,GS-F-00327,"14/8/2026, 1:45:58",4773,Barrera Macarena,Fray STA María de oro 749,-33.1423163,-64.3378538,"-33.1423163, -64.3378538",Jazmín trinidad,Rosales,48816608,3585108093,,3,1,Sí,Sí,,No,,No,,No,,Sí,Sí,Sí,Intelectual y Mental,Sí,No lo sé,,,Sí,Sí,Sí,Alberdi,No,Sí,Sí,S24 Alberdi,No,No,"Desayuno, Almuerzo, Merienda, Cena",Sí,"Sí, todos","Sí, todos",Muy bien,Bien,Bien,Muy bien,Mal
Alem,GS-F-00328,"14/8/2026, 1:49:25",392,Carolina Marchiscio y Monica Becerra,Liniers 1076,-33.13513514,-64.33594945,"-33.13513513513514, -64.33594944718456",Nicolas,Peña,35508316,3585146779,,3,0,,Sí,,No,,No,,No,,Sí,Sí,No,,,,,,No,,,,No,,Sí,C.A.P.S. 1,No,No,"Desayuno, Almuerzo, Merienda, Cena",Sí,"Sí, todos","Sí, todos",Bien,Bien,Bien,Bien,Bien
Alem,GS-F-00329,"14/8/2026, 1:51:04",366,Dayana figueroa,Belisario Roldán 315,-33.1431002,-64.3367715,"-33.1431002, -64.3367715",Lourdes,Andrada,34884226,3586546797,,4,2,Sí,Sí,,No,,No,,No,,Sí,Sí,No,,,,,,No,,,,Sí,Sí,No,,No,No,"Desayuno, Almuerzo, Merienda, Cena",Sí,"Sí, todos","Sí, todos",Muy bien,Muy bien,Muy bien,Muy bien,Muy bien
Alem,GS-F-00330,"14/8/2026, 1:51:20",496,Karina Gonzalez,Salta 580,-33.1415413,-64.3361363,"-33.1415413, -64.3361363",Victor,Llanos,33194535,3586544721,,4,2,Sí,Sí,,No,,No,,No,,Sí,Sí,No,,,,,,No,,,,No,Sí,No,,No,No,"Desayuno, Almuerzo, Merienda, Cena",Sí,"Sí, todos","Sí, todos",Muy bien,Bien,Bien,Mal,Ns/Nc
Alem,GS-F-00331,"14/8/2026, 1:56:18",1061,Lucy P,Chiclana1199,-33.1462754,-64.3334535,"-33.1462754, -64.3334535",Luis,Zabala,20283552,3585187514,,5,1,Sí,Sí,,Sí,1,No,,No,,Sí,Sí,Sí,Intelectual y Mental,No,No,,,No,,,,No,Sí,Sí,S24 Alberdi,No,No,"Desayuno, Almuerzo, Merienda",Sí,"Sí, todos",No,Muy bien,Muy bien,Bien,Mal,Muy mal
Alem,GS-F-00332,"14/8/2026, 1:56:31",326,Carla Russo,Belisario Roldán 1039,-33.1428636,-64.3374109,"-33.1428636, -64.3374109",Jorge,Keovongsa,28105774,3584394288,,3,1,Sí,Sí,,No,,No,,No,,Sí,Sí,No,,,,,,No,,,,No,Sí,No,,No,No,"Desayuno, Almuerzo, Merienda, Cena",Sí,"Sí, todos","Sí, todos",Muy bien,Bien,Bien,Mal,Mal
Alem,GS-F-00333,"14/8/2026, 1:56:46",325,Karina Gonzalez,Salta y montevideo,-33.141648,-64.33572,"-33.141648, -64.33572",Alicia,Olguin,47667953,3585140219,,4,0,,Sí,,No,,No,,No,,Sí,Sí,No,,,,,,Sí,Sí,No,,No,,Sí,C.A.P.S. 1,Sí,No,"Desayuno, Almuerzo, Merienda, Cena",Sí,"Sí, todos","Sí, todos",Muy bien,Mal,Mal,Mal,Ns/Nc
Alem,GS-F-00334,"14/8/2026, 1:58:00",1176,Maricel nuñez,Leandro alem 1279,-33.1456281,-64.3394657,"-33.1456281, -64.3394657",Celeste,Tissera,27718347,3586012778,,4,2,,Sí,,No,,No,,No,,Sí,Sí,No,,,,,,No,,,,Sí,Sí,No,,No,No,"Desayuno, Almuerzo, Merienda, Cena",Sí,"Sí, todos","Sí, todos",Bien,Bien,Bien,Bien,Bien
Alem,GS-F-00335,"14/8/2026, 1:58:51",1078,Seitz milena,Leandro Alem 1275,-33.1462069,-64.3393666,"-33.1462069, -64.3393666",Alejandra,Escudero,18611098,3584372553,,2,0,,Sí,,No,,No,,No,,Sí,Sí,No,,,,,,Sí,No,No,,No,,Sí,C.A.P.S. 1,Sí,No,"Desayuno, Almuerzo, Merienda, Cena",Sí,No,No,Muy bien,Muy bien,Muy bien,Bien,Bien
Alem,GS-F-00336,"14/8/2026, 2:01:44",189,Carolina Marchiscio y Monica Becerra,Catamarca  483,-33.13513514,-64.33594945,"-33.13513513513514, -64.33594944718456",Rodrigo,Avila,30597598,3585107435,,2,0,,Sí,,No,,No,,No,,Sí,Sí,No,,,,,,No,,,,No,,Sí,C.A.P.S. 1,No,No,"Desayuno, Almuerzo, Merienda, Cena",Sí,No,No,Bien,Bien,Bien,Bien,Bien
Alem,GS-F-00337,"14/8/2026, 2:03:10",259,Seitz,Alem 1255,-33.1462069,-64.3393666,"-33.1462069, -64.3393666",Carina,Quevedo,,3584258680,,4,0,,Sí,,No,,No,,No,,Sí,Sí,No,,,,,,No,,,,No,,No,,No,No,"Desayuno, Almuerzo, Merienda, Cena",Sí,"Sí, todos","Sí, todos",Muy bien,Muy bien,Mal,Bien,Muy mal
Alem,GS-F-00338,"14/8/2026, 2:04:17",376,Maricel nuñez,Leandro alem 1271,-33.1455734,-64.3397655,"-33.1455734, -64.3397655",Pamela,Herrera,38281198,3585705663,,5,3,Sí,Sí,,No,,No,,No,,Sí,Sí,No,,,,,,No,,,,No,Sí,Sí,C.A.P.S. 11,No,No,"Desayuno, Almuerzo, Merienda, Cena",Sí,"Sí, todos",No,Bien,Bien,Bien,Bien,Bien
Alem,GS-F-00339,"14/8/2026, 2:04:29",476,dayana Figueroa,Adelia María 509,-33.1432192,-64.3373972,"-33.1432192, -64.3373972",Noelia,Ochello,30346621,3585022038,,4,2,,Sí,,No,,No,,No,,Sí,Sí,No,,,,,,No,,,,No,Sí,No,,No,No,"Almuerzo, Merienda, Cena",Sí,"Sí, todos","Sí, todos",Bien,Bien,Bien,Bien,Bien
Alem,GS-F-00340,"14/8/2026, 2:08:46",332,Carolina Marchiscio y Monica Becerra,Azopardo 999,-33.13513514,-64.33594945,"-33.13513513513514, -64.33594944718456",Nelidá,Lopez,4603883,3585160570,,1,0,,Sí,,No,,No,,No,,Sí,No,No,,,,,,Sí,Sí,Sí,Otro,No,,No,,No,No,"Desayuno, Almuerzo, Merienda, Cena",No,,,Bien,Bien,Bien,Mal,Bien
Alem,GS-F-00341,"14/8/2026, 2:10:24",433,Seitz,Alem 1239,-33.1455799,-64.3398957,"-33.1455799, -64.3398957",Daniel,Heredia,45247226,3585169436,,2,0,,Sí,,Sí,1,Sí,Asistencia Monetaria a Familias,No,,Sí,Sí,No,,,,,,No,,,,No,,Sí,C.A.P.S. 11,Sí,No,"Almuerzo, Cena",Sí,"Sí, todos",No,Bien,Bien,Mal,Bien,Mal
Alem,GS-F-00342,"14/8/2026, 2:10:33",364,Carla Russo,Catamarca 572,-33.1439401,-64.3373386,"-33.1439401, -64.3373386",Maria Fernanda,Olivares,36787164,3585724272,,6,2,Sí,Sí,,No,,No,,No,,Sí,Sí,No,,,,,,No,,,,No,Sí,No,,No,No,"Desayuno, Almuerzo, Merienda, Cena",Sí,"Sí, todos","Sí, todos",Bien,Bien,Bien,Bien,Bien
Alem,GS-F-00343,"14/8/2026, 2:14:12",326,Carolina Marchiscio y Monica Becerra,Azopardo 957,-33.13513514,-64.33594945,"-33.13513513513514, -64.33594944718456",Nora,Lucero,11233265,3585626212,,2,0,,Sí,,No,,No,,No,,Sí,Sí,No,,,,,,Sí,,,,No,,No,,No,No,"Desayuno, Almuerzo, Merienda, Cena",Sí,"Sí, todos","Sí, todos",Bien,Bien,Bien,Bien,Bien
Alem,GS-F-00344,"14/8/2026, 2:15:54",696,Maricel nuñez,Leandro alem 1229,-33.1457206,-64.3398314,"-33.1457206, -64.3398314",Pablo,Quevedo,33814467,3584858490,,6,4,Sí,Sí,,No,,No,,No,,Sí,Sí,No,,,,,,No,,,,No,Sí,Sí,C.A.P.S. 14,No,No,"Desayuno, Almuerzo, Merienda, Cena",Sí,"Sí, todos",No,Bien,Bien,Bien,Bien,Bien
Alem,GS-F-00345,"14/8/2026, 2:16:38",146,Carolina Marchiscio y Monica Becerra,Azopardo 960,-33.13513514,-64.33594945,"-33.13513513513514, -64.33594944718456",Carina,Flores,33923693,3584857871,,3,1,Sí,Sí,,No,,No,,No,,Sí,Sí,No,,,,,,No,,,,No,Sí,No,,No,No,"Desayuno, Almuerzo, Merienda, Cena",Sí,"Sí, todos","Sí, todos",Bien,Bien,Bien,Bien,Bien
Alem,GS-F-00346,"14/8/2026, 2:19:39",179,Carolina marchiscio y Monica Becerra,Azopardo 959,-33.13513514,-64.33594945,"-33.13513513513514, -64.33594944718456",Gilberto,Blanco,6633011,33333333333,,2,0,,Sí,,No,,No,,No,,Sí,No,No,,,,,,Sí,Sí,No,,No,,No,,No,No,"Desayuno, Almuerzo, Merienda, Cena",No,,,Bien,Bien,Bien,Bien,Bien
Alem,GS-F-00347,"14/8/2026, 2:21:57",137,Carolina marchiscio y Monica Becerra,Azopardo 935,-33.13513514,-64.33594945,"-33.13513513513514, -64.33594944718456",Eduardo,Ciaramello,45403262,3584287071,,3,0,,Sí,,No,,No,,No,,Sí,Sí,No,,,,,,No,,,,No,,No,,No,No,"Desayuno, Almuerzo, Merienda, Cena",No,,,Bien,Bien,Bien,Bien,Bien
Alem,GS-F-00348,"14/8/2026, 2:26:19",260,Carolina marchiscio y Monica Becerra,AZOPARDO  930,-33.13513514,-64.33594945,"-33.13513513513514, -64.33594944718456",Pablo,Tortoza,22233100,3584257092,,4,2,Sí,Sí,,No,,No,,No,,Sí,Sí,Sí,Intelectual y Mental,Sí,Sí,Escuela de natación,,No,,,,No,Sí,No,,No,No,"Desayuno, Almuerzo, Merienda, Cena",Sí,"Sí, todos","Sí, todos",Bien,Bien,Bien,Bien,Bien
Alem,GS-F-00349,"14/8/2026, 2:27:48",713,Maricel nuñez,Pje guillermo montes 1229,-33.1452752,-64.339736,"-33.1452752, -64.339736",Daiana magali,Pinela,45836017,3586025187,,2,1,Sí,Sí,,No,,No,,No,,Sí,No,No,,,,,,No,,,,No,Sí,Sí,C.A.P.S. 4,No,No,"Desayuno, Almuerzo, Merienda, Cena",Sí,"Sí, todos",No,Bien,Bien,Bien,Bien,Bien
Alem,GS-F-00350,"14/8/2026, 2:28:10",256,Seitz,Pje Guillermo monte 1260,,,,Marisol,Irusta,38017808,3584027339,,6,4,Sí,No,1,No,,No,,No,,Sí,Sí,No,,,,,,No,,,,No,Sí,Sí,C.A.P.S. 14,No,Sí,"Desayuno, Almuerzo, Cena",No,,,Bien,Bien,Mal,Bien,Mal
Alem,GS-F-00351,"14/8/2026, 2:28:12",112,Carolina Marchiscio y Monica Becerra,Azooardo 936,-33.13513514,-64.33594945,"-33.13513513513514, -64.33594944718456",Lidia,Martinez,,3584257092,,1,0,,Sí,,No,,No,,No,,Sí,Sí,No,,,,,,No,,,,No,,No,,No,No,"Desayuno, Almuerzo, Merienda, Cena",Sí,No lo sé,No lo sé,Bien,Bien,Bien,Bien,Bien
Alem,GS-F-00352,"14/8/2026, 2:32:17",245,Carolina Marchiscio y Monica Becerra,Azopardo  937,-33.13513514,-64.33594945,"-33.13513513513514, -64.33594944718456",Claudio,Casilla,17720380,33333333333,,7,1,Sí,Sí,,No,,No,,No,,No,No,No,,,,,,Sí,Sí,No,,No,Sí,No,,No,No,"Desayuno, Almuerzo, Merienda, Cena",Sí,"Sí, todos","Sí, todos",Bien,Bien,Bien,Bien,Bien
Alem,GS-F-00353,"14/8/2026, 2:36:17",304,Maricel nuñez,Pje guillermo montes 1237,-33.145455,-64.3392726,"-33.145455, -64.3392726",Miriam,Falcon,26728231,,,2,1,Sí,Sí,,No,,Sí,Asistencia Alimentaria a Familias,Sí,Abuela Gladis,Sí,Sí,No,,,,,,No,,,,No,Sí,Sí,C.A.P.S. 1,No,Sí,"Almuerzo, Cena",Sí,"Sí, todos","Sí, todos",Bien,Bien,Bien,Bien,Bien
Alem,GS-F-00354,"14/8/2026, 7:12:24",21268,Bautistas  carbonetti,Calamares 352,-33.1475844,-64.3367845,"-33.1475844, -64.3367845",Aldana,Rivarola,39404915,3585601848,,4,3,Sí,Sí,,No,,No,,No,,No,Sí,No,,,,,,No,,,,No,Sí,No,,No,No,"Desayuno, Almuerzo, Merienda, Cena",Sí,"Sí, todos",No,Muy bien,Muy bien,Muy bien,Muy bien,Muy bien
Alem,GS-F-00355,"14/8/2026, 7:20:08",462,Bautista  carbonetti,Pje moisés alvares 1035,-33.1423724,-64.3397316,"-33.1423724, -64.3397316",Victor,Bustos,22843438,3586010806,,4,1,Sí,Sí,,No,,No,,No,,No,Sí,Sí,Intelectual y Mental,No,No,,Sin cud,No,,,,No,Sí,Sí,S24 Alberdi,No,No,"Desayuno, Almuerzo, Merienda, Cena",Sí,"Sí, todos","Sí, todos",Bien,Bien,Muy mal,Muy mal,Bien
Alem,GS-F-00356,"14/8/2026, 7:30:07",598,Bautistas  carbonetti,Pje alvarez 1056,-33.1425498,-64.3397366,"-33.1425498, -64.3397366",Jonatan,Cardozo,35543484,3585108175,,2,0,,Sí,,No,,No,,No,,No,No,Sí,Visual,No,No,,,No,,,,No,,Sí,S24 Alberdi,No,No,Almuerzo,Sí,"Sí, todos","Sí, todos",Bien,Bien,Bien,Muy mal,Bien
Alem,GS-F-00357,"14/8/2026, 7:39:10",543,Bautistas  carbonetti,Catamarca 374,-33.142886,-64.339871,"-33.142886, -64.339871",Carmen,Riv,12630910,3584817591,,2,0,,Sí,,No,,No,,No,,No,Sí,No,,,,,,Sí,Sí,No,,No,,No,,Sí,No,"Desayuno, Almuerzo, Merienda",Sí,"Sí, todos","Sí, todos",Bien,Bien,Bien,Mal,Bien
Alem,GS-F-00358,"14/8/2026, 7:48:21",549,Bautistas  carbonetti,Catamarca 430,-33.1423588,-64.3393964,"-33.1423588, -64.3393964",Omae,Cabral,,,,5,0,,Sí,,No,,No,,No,,No,No,No,,,,,,Sí,Sí,No,,No,,No,,Sí,No,"Desayuno, Almuerzo, Merienda, Cena",No,,,Bien,Mal,Bien,Mal,Bien
Alem,GS-F-00359,"14/8/2026, 8:10:04",1300,Karina gonzalez,Belusario roldan 1050,-33.1426505,-64.3385113,"-33.1426505, -64.3385113",Rita,Miranda,27895312,3584257755,,9,5+,Sí,No,3,No,,Sí,Asistencia Alimentaria a Familias,No,,Sí,No,Sí,Motora,No,No,,No tiene cud,No,,,,No,Sí,Sí,C.A.P.S. 1,Sí,No,"Desayuno, Almuerzo, Merienda, Cena",Sí,No,No,Bien,Bien,Bien,Bien,Bien
Jardín Norte,GS-B-00370,"4/9/2026, 1:01:30",489,Córdoba,Vuelta de obligado 882,-33.090845,-64.3422283,"-33.090845, -64.3422283",Maria Eugenia,"Mendo,que",35545049,3585136555,,5,1,,Sí,,No,,No,,No,,Sí,Sí,No,,,,,,No,,,,No,,Sí,C.A.P.S. 15,Sí,No,"Desayuno, Almuerzo, Merienda, Cena",No,,,Muy bien,Bien,Muy bien,Muy bien,Muy bien
Jardín Norte,GS-B-00371,"4/9/2026, 1:04:06",387,Ana Carina Campodónico,17 de Octubre 878,,,,Ana Carolina,LUCERO,29787655,3585136976,,3,1,Sí,Sí,,No,,No,,No,,Sí,Sí,No,,,,,,No,,,,No,Sí,Sí,C.A.P.S. 15,No,No,"Desayuno, Almuerzo, Merienda, Cena",Sí,"Sí, todos",No,Muy bien,Muy bien,Mal,Mal,Muy mal
Jardín Norte,GS-B-00372,"4/9/2026, 1:06:24",319,Lopez vanesa,17 de octubre 888,-33.0893872,-64.3425116,"-33.0893872, -64.3425116",Emilio federico,Gauna,10585103,,,2,0,,Sí,,Sí,1,No,,No,,Sí,Sí,No,,,,,,Sí,Sí,No,,No,,Sí,C.A.P.S. 15,No,No,"Desayuno, Almuerzo, Merienda, Cena",Sí,"Sí, todos",Algunos,Bien,Bien,Bien,Bien,Bien
Jardín Norte,GS-B-00373,"4/9/2026, 1:07:18",347,Carla Russo,Miguel abrlla 2207,-33.0908405,-64.3422427,"-33.0908405, -64.3422427",Lautaro,Romero,49866459,3584207450,,3,2,Sí,Sí,,No,,No,,No,,Sí,Sí,No,,,,,,Sí,Sí,No,,No,Sí,Sí,C.A.P.S. 15,No,No,"Desayuno, Almuerzo, Merienda, Cena",Sí,No lo sé,No lo sé,Bien,Bien,Muy bien,Bien,Muy bien
Jardín Norte,GS-B-00374,"4/9/2026, 1:10:05",526,Ochoa Rosana,Grito de Alcorta 879,,,,Elida,Mansilla,11865658,3584700117,,1,0,,Sí,,No,,No,,No,,Sí,Sí,No,,,,,,Sí,Sí,No,,No,,Sí,C.A.P.S. 15,No,No,"Desayuno, Almuerzo, Merienda, Cena",No,,,Bien,Bien,Bien,Mal,Mal
Jardín Norte,GS-B-00375,"4/9/2026, 1:10:44",792,Maricel nuñez,Jose cardarelli 2158,-33.0908971,-64.3404087,"-33.0908971, -64.3404087",Sandra,Gimenez,21013439,3584018361,,5,2,Sí,Sí,,No,,No,,No,,Sí,Sí,No,,,,,,No,,,,No,Sí,Sí,C.A.P.S. 13,No,No,"Desayuno, Almuerzo, Merienda, Cena",Sí,No,"Sí, todos",Bien,Bien,Bien,Muy mal,Muy mal
Jardín Norte,GS-B-00376,"4/9/2026, 1:12:23",304,Carla Russo,Pasaje público 2227,-33.0905093,-64.3421087,"-33.0905093, -64.3421087",Rosario,Pereyra,38339030,3585138463,,6,3,Sí,Sí,,No,,No,,No,,Sí,Sí,Sí,Intelectual y Mental,No,No,,Movilidad,Sí,,No,,No,Sí,Sí,C.A.P.S. 15,Sí,No,"Desayuno, Almuerzo, Merienda, Cena",No,,,Muy bien,Bien,Mal,Bien,Bien
Jardín Norte,GS-B-00377,"4/9/2026, 1:12:36",256,Carolina Marchiscio y Monica Becerra,RmwnDiaguitas  2360,-33.0990991,-64.33106774,"-33.0990990990991, -64.3310677384066",Carmen,Blanco,13748850,3584368580,,4,1,Sí,Sí,,No,,No,,No,,Sí,Sí,No,,,,,,No,,,,No,Sí,Sí,C.A.P.S. 6,No,No,"Desayuno, Almuerzo, Merienda, Cena",Sí,"Sí, todos",No,Muy bien,Muy bien,Muy bien,Muy bien,Bien
Jardín Norte,GS-B-00378,"4/9/2026, 1:13:19",550,Ana Carina Campodónico,17 de Octubre 882,-33.0893878,-64.3421927,"-33.0893878, -64.3421927",Norma,ESCUDERO,13344603,3585609912,,3,0,,Sí,,No,,No,,No,,Sí,No,Sí,Motora,No,No,,"Hay dos personas con discapacidad motora, abuela con muletas y nieto de 30 años",Sí,Sí,No,,No,,No,,Sí,Sí,"Desayuno, Almuerzo, Merienda, Cena",No,,,Bien,Muy bien,Muy bien,Bien,Mal
Jardín Norte,GS-B-00379,"4/9/2026, 1:13:34",285,Noe Benítez,Aymaras 2295,,,,Carlos,Nieto,,3584337041,,5,3,Sí,Sí,,No,,No,,No,,Sí,Sí,No,,,,,,No,,,,No,Sí,Sí,S24 Banda Norte,No,No,"Desayuno, Almuerzo, Merienda, Cena",No,,,Muy bien,Muy bien,Bien,Bien,Ns/Nc
Jardín Norte,GS-B-00380,"4/9/2026, 1:15:12",1166,Cintia Diaz,Sanabirole 2212,-33.0911167,-64.3420567,"-33.0911167, -64.3420567",Rolando,Funes,14463246,3585489820,,3,1,No,Sí,,No,,No,,No,,Sí,Sí,No,,,,,,No,,,,No,No,Sí,Hospital Regional San Antonio de Padua,No,No,"Desayuno, Almuerzo, Merienda, Cena",Sí,No,No,Bien,Bien,Bien,Mal,Bien
Jardín Norte,GS-B-00381,"4/9/2026, 1:16:45",345,Maricel nuñez,Jose cardarelli 2168,-33.090955,-64.340229,"-33.090955, -64.340229",Cintia,Gonzalez,35544906,3585755230,,4,2,Sí,Sí,,No,,No,,No,,Sí,Sí,No,,,,,,No,,,,No,Sí,Sí,C.A.P.S. 13,Sí,No,"Desayuno, Almuerzo, Merienda",Sí,"Sí, todos",Algunos,Bien,Bien,Muy bien,Bien,Bien
Jardín Norte,GS-B-00382,"4/9/2026, 1:17:34",310,Carla Russo,Pasaje publico 2257,-33.0907115,-64.3421383,"-33.0907115, -64.3421383",Belen,Torres,93972829,3584257002,,4,2,Sí,Sí,,No,,No,,No,,Sí,Sí,No,,,,,,No,,,,No,Sí,Sí,C.A.P.S. 15,No,No,"Desayuno, Almuerzo, Merienda, Cena",Sí,No,No,Muy bien,Muy bien,Bien,Muy bien,Muy bien
Jardín Norte,GS-B-00383,"4/9/2026, 1:19:20",555,Karina Gonzalez,Campayanes 2395,,,,Ebelyn,Cardozo,48073950,3585124229,,2,0,,Sí,,No,,No,,No,,Sí,Sí,No,,,,,,Sí,No lo sé,No,,No,,Sí,C.A.P.S. 13,No,No,"Desayuno, Almuerzo, Merienda, Cena",Sí,No lo sé,No lo sé,Muy mal,Mal,Bien,Mal,Bien
Jardín Norte,GS-B-00384,"4/9/2026, 1:19:34",298,Ana Carina Campodónico,17 de Octubre 860,-33.0893354,-64.3420748,"-33.0893354, -64.3420748",María Constanza,DÍAZ,33006361,3584920451,,2,0,,Sí,,No,,No,,No,,Sí,Sí,No,,,,,,No,,,,No,,Sí,C.A.P.S. 15,Sí,No,"Desayuno, Almuerzo, Merienda, Cena",Sí,"Sí, todos",No,Bien,Bien,Ns/Nc,Muy mal,Muy bien
Jardín Norte,GS-B-00385,"4/9/2026, 1:19:44",427,Monica Becerra y carolina marchiscio,Diguitas 2335,-33.08108108,-64.33938983,"-33.08108108108108, -64.33938982884875",Analía,Sayago,,3584391895,,2,0,,Sí,,No,,No,,No,,Sí,Sí,No,,,,,,No,,,,No,,No,,No,No,"Desayuno, Almuerzo, Merienda, Cena",Sí,"Sí, todos","Sí, todos",Muy bien,Muy bien,Muy bien,Muy bien,Bien
Jardín Norte,GS-B-00386,"4/9/2026, 1:21:11",728,Facundo moyano,Cardarelli 2214,,,,Carolina,Calosso,23226032,3585084597,,6,2,Sí,Sí,,No,,No,,No,,Sí,Sí,No,,,,,,No,,,,No,Sí,Sí,C.A.P.S. 15,No,Sí,"Desayuno, Almuerzo, Merienda, Cena",Sí,"Sí, todos","Sí, todos",Mal,Muy bien,Bien,Mal,Bien
Jardín Norte,GS-B-00387,"4/9/2026, 1:21:28",900,Vanesa Lopez,17 de octubre 868,-33.0894161,-64.3424467,"-33.0894161, -64.3424467",Marcelo,Yedro,16991603,3584203753,,5,2,Sí,Sí,,No,,No,,No,,Sí,Sí,Sí,Motora,No,No,,"Por dignidad, soy una persona trabajadora",Sí,No,No,,No,Sí,Sí,S24 Banda Norte,No,No,"Desayuno, Almuerzo, Merienda, Cena",Sí,No,No,Muy bien,Bien,Mal,Bien,Mal
Jardín Norte,GS-B-00388,"4/9/2026, 1:22:06",719,Rosana Ochoa,Grito de Alcorta 860,,,,Alberta,Escudero,10821659,,,2,0,,Sí,,No,,No,,No,,Sí,Sí,No,,,,,,Sí,Sí,No,,No,,No,,No,No,"Desayuno, Almuerzo, Merienda, Cena",Sí,No,Algunos,Bien,Mal,Bien,Mal,Mal
Jardín Norte,GS-B-00389,"4/9/2026, 1:23:44",339,Seitz milena,Golondrinas 2005,,,,Silvana,Andino,,3586103018,,5,2,Sí,Sí,,No,,No,,No,,Sí,Sí,No,,,,,,No,,,,No,Sí,Sí,C.A.P.S. 13,No,No,"Desayuno, Almuerzo, Merienda, Cena",Sí,No,No,Mal,Bien,Bien,Muy mal,Muy mal
Jardín Norte,GS-B-00390,"4/9/2026, 1:24:36",534,Belén Rivarola,Puelches 2214,-33.09049782,-64.33257457,"-33.09049782028499, -64.3325745741647",Mónica,Roldán,23436582,3585139530,,8,2,Sí,Sí,,No,,No,,Sí,"Pancita Llena, Corazón Contento 2",Sí,Sí,Sí,Motora,Sí,No,,,No,,,,No,Sí,Sí,C.A.P.S. 15,No,No,"Desayuno, Almuerzo, Merienda, Cena",Sí,"Sí, todos",No,Mal,Bien,Mal,Mal,Muy mal
Jardín Norte,GS-B-00391,"4/9/2026, 1:25:30",346,Monica Becerra y carolina marchiscio,Diaguitas 2330,-33.08108108,-64.33938983,"-33.08108108108108, -64.33938982884875",Elba,Carranza,13738645,3584382051,,3,0,,Sí,,Sí,,No,,No,,Sí,Sí,No,,,,,,Sí,Sí,No,,No,,Sí,,No,No,"Desayuno, Almuerzo, Merienda, Cena",Sí,No,No,Muy bien,Muy bien,Muy bien,Bien,Bien
Jardín Norte,GS-B-00392,"4/9/2026, 1:26:53",304,Lu y maria,Vilella 2129,,,,Verónica,Pollo,30402526,3585610327,,5,3,Sí,Sí,,No,,No,,No,,Sí,Sí,No,,,,,,No,,,,No,Sí,No,,No,No,"Desayuno, Almuerzo, Merienda, Cena",Sí,No,"Sí, todos",Muy bien,Muy bien,Bien,Bien,Bien
Jardín Norte,GS-B-00393,"4/9/2026, 1:26:59",706,Cintia Diaz,Sanavirones 2254,-33.0905151,-64.3394228,"-33.0905151, -64.3394228",Belen,Nazaletno,43700736,3584017411,,5,3,Sí,Sí,,No,,No,,No,,Sí,Sí,Sí,Motora,Sí,No,,,No,,,,No,Sí,Sí,C.A.P.S. 15,No,No,"Desayuno, Almuerzo, Merienda, Cena",Sí,"Sí, todos",No,Muy mal,Mal,Mal,Bien,Bien
Jardín Norte,GS-B-00394,"4/9/2026, 1:27:24",467,Ana Carina Campodónico,17 de Octubre 854,-33.0893564,-64.3418836,"-33.0893564, -64.3418836",Juan Moisés,ABURTO SAEZ,19037661,,,1,0,,Sí,,No,,No,,No,,No,No,No,,,,,,Sí,Sí,No,,No,,No,,Sí,No,"Desayuno, Almuerzo, Merienda, Cena",No,,,Bien,Muy bien,Muy bien,Bien,Bien
Jardín Norte,GS-B-00395,"4/9/2026, 1:28:19",222,Carla  Russo,Pasaje público 860,-33.0902806,-64.3419041,"-33.0902806, -64.3419041",Domiga,Alessi,6163695,,,2,0,,Sí,,No,,No,,No,,Sí,Sí,No,,,,,,Sí,Sí,No,,No,,Sí,Hospital Regional San Antonio de Padua,No,No,"Desayuno, Almuerzo, Cena",Sí,"Sí, todos","Sí, todos",Muy bien,Muy bien,Muy bien,Muy bien,Muy bien
Jardín Norte,GS-B-00396,"4/9/2026, 1:28:21",540,Karina Gonzalez,Capayanes 2392,-33.0884708,-64.3339234,"-33.0884708, -64.3339234",Paola,Palacios,34968070,3585178693,,5,3,Sí,Sí,,No,,No,,No,,Sí,Sí,No,,,,,,No,,,,No,Sí,No,,No,No,"Desayuno, Almuerzo, Merienda, Cena",Sí,No lo sé,No,Muy mal,Bien,Mal,Bien,Bien
Jardín Norte,GS-B-00397,"4/9/2026, 1:28:45",414,Morón Luciana,Néstor Kirchner 2200,-33.0900533,-64.3443114,"-33.0900533, -64.3443114",Teresita,Cabral,18204335,3585108648,,3,0,,Sí,,Sí,1,No,,No,,Sí,Sí,Sí,Intelectual y Mental,Sí,No,,,No,,,,No,,Sí,C.A.P.S. 13,Sí,No,"Desayuno, Almuerzo, Merienda, Cena",Sí,No,Algunos,Muy bien,Muy mal,Mal,Mal,Bien
Jardín Norte,GS-B-00398,"4/9/2026, 1:29:16",678,Natalia Menazzi,Las Golondrinas 2017,,,,Marcela,Regido,27128750,3584223591,,4,1,Sí,Sí,,No,,No,,No,,Sí,Sí,No,,,,,,No,,,,No,Sí,Sí,S24 Banda Norte,No,No,"Desayuno, Almuerzo, Merienda, Cena",No,,,Muy bien,Mal,Bien,Bien,Muy mal
Jardín Norte,GS-B-00399,"4/9/2026, 1:30:02",522,Vanesa Lopez,17 de octubre 850,-33.0893784,-64.3419875,"-33.0893784, -64.3419875",Walter,Rosales,16856334,3584252915,,6,2,Sí,Sí,,No,,No,,No,,Sí,Sí,No,,,,,,Sí,No,No,,No,Sí,Sí,S24 Banda Norte,No,No,"Desayuno, Almuerzo, Merienda, Cena",Sí,"Sí, todos","Sí, todos",Bien,Bien,Bien,Bien,Bien
Jardín Norte,GS-B-00400,"4/9/2026, 1:30:32",235,Carolina Marchiscio y Monica Becerra,Diaguitas 2323,-33.08108108,-64.33938983,"-33.08108108108108, -64.33938982884875",Valeria,Moreno,30990167,3584253838,,5,1,Sí,Sí,,Sí,,No,,No,,Sí,Sí,No,,,,,,No,,,,No,Sí,Sí,C.A.P.S. 13,No,No,"Desayuno, Almuerzo, Merienda, Cena",Sí,"Sí, todos",No,Muy bien,Muy bien,Muy bien,Bien,Bien
Jardín Norte,GS-B-00401,"4/9/2026, 1:31:13",297,María Angélica Pacho,,-33.0902744,-64.3359996,"-33.0902744, -64.3359996",Mirta,Aranda,,,,1,0,,Sí,,No,,No,,No,,Sí,Sí,No,,,,,,Sí,Sí,No,,No,,No,,No,No,"Desayuno, Almuerzo, Merienda",Sí,No,Algunos,Bien,Bien,Bien,Bien,Bien
Jardín Norte,GS-B-00402,"4/9/2026, 1:31:57",587,Ochoa Rosana,Grito de Alcorta 858,,,,Roxana,Barzola,34574724,3584856948,,5,3,Sí,Sí,,No,,No,,No,,Sí,Sí,No,,,,,,No,,,,No,Sí,Sí,C.A.P.S. 15,Sí,No,"Almuerzo, Merienda, Cena",Sí,"Sí, todos",No,Bien,Bien,Mal,Mal,Mal
Jardín Norte,GS-B-00403,"4/9/2026, 1:32:02",917,Maricel nuñez,Jose cardarelli 2205,-33.0908656,-64.3402448,"-33.0908656, -64.3402448",Maria vanesa,Guardia,30766649,3585148285,,6,1,Sí,Sí,,Sí,1,No,,No,,Sí,Sí,No,,,,,,No,,,,No,No,Sí,C.A.P.S. 15,Sí,No,"Desayuno, Almuerzo, Merienda, Cena",Sí,No,No,Bien,Mal,Bien,Bien,Muy mal
Jardín Norte,GS-B-00404,"4/9/2026, 1:32:04",249,NOELIA BENITEZ,,,,,Anahi,Rosales,,3585488999,,4,0,,Sí,,No,,No,,No,,Sí,Sí,No,,,,,,No,,,,No,,No,,No,No,"Desayuno, Almuerzo, Merienda, Cena",No,,,Bien,Mal,Muy mal,Bien,Mal
Jardín Norte,GS-B-00405,"4/9/2026, 1:32:41",483,Belén Rivarola,Puelches 2295,-33.09040861,-64.33259697,"-33.09040860857268, -64.33259696522231",Javier,Palomeque,,3585070729,,1,0,,Sí,,No,,No,,No,,Sí,Sí,No,,,,,,No,,,,No,,No,,No,No,"Desayuno, Merienda, Cena",No,,,Bien,Muy bien,Muy mal,Bien,Muy mal
Jardín Norte,GS-B-00406,"4/9/2026, 1:34:06",402,Ana Carina Campodónico,17 de Octubre 836,-33.0893383,-64.3415268,"-33.0893383, -64.3415268",Dominga,AGUIRRE,25136531,3584316476,,3,1,Sí,Sí,,No,,No,,No,,Sí,Sí,No,,,,,,No,,,,No,Sí,Sí,C.A.P.S. 15,No,No,"Desayuno, Almuerzo, Merienda, Cena",Sí,"Sí, todos",No,Mal,Mal,Mal,Mal,Muy mal
Jardín Norte,GS-B-00407,"4/9/2026, 1:35:23",503,Cintia Diaz,Sanavirones 2303,-33.0901515,-64.3394006,"-33.0901515, -64.3394006",stefania,Piedra nueva,41638229,3585717541,,4,2,Sí,Sí,,No,,No,,No,,Sí,Sí,No,,,,,,No,,,,No,Sí,Sí,C.A.P.S. 13,No,No,"Desayuno, Almuerzo, Merienda, Cena",Sí,No,Algunos,Muy mal,Muy mal,Mal,Bien,Bien
Jardín Norte,GS-B-00408,"4/9/2026, 1:35:34",299,Monica Becerra y carolina marchiscio,Diaguitas 2315,-33.08108108,-64.33938983,"-33.08108108108108, -64.33938982884875",Benjamin,Rojo,48073873,3585184130,,4,0,,Sí,,Sí,,No,,No,,Sí,Sí,No,,,,,,No,,,,No,,No,,No,No,"Desayuno, Almuerzo, Merienda, Cena",Sí,"Sí, todos","Sí, todos",Muy bien,Muy bien,Muy bien,Muy bien,Muy bien
Jardín Norte,GS-B-00409,"4/9/2026, 1:36:09",442,Luciana moron,Jose svaguza 2228,-33.0900559,-64.3442924,"-33.0900559, -64.3442924",Franco,Garay,32015565,3585487093,,2,0,,No,,No,,Sí,Desarrollo Comunitario (asistencia a CIC),No,,Sí,Sí,No,,,,,,No,,,,No,,Sí,C.A.P.S. 13,Sí,Sí,"Desayuno, Almuerzo, Merienda, Cena",Sí,No,"Sí, todos",Muy bien,Bien,Muy mal,Muy mal,Muy bien
Jardín Norte,GS-B-00410,"4/9/2026, 1:37:29",1126,Maria Reineri,Vilelas 2075,,,,Soledad,Bonino,22222222,3584295636,,3,2,Sí,Sí,,No,,No,,No,,Sí,Sí,No,,,,,,No,,,,No,Sí,No,,Sí,No,"Desayuno, Almuerzo, Merienda, Cena",No,,,Bien,Muy bien,Muy mal,Muy mal,Muy mal
Jardín Norte,GS-B-00411,"4/9/2026, 1:38:23",490,Vanesa Lopez,17 de octubre 826,-33.0895353,-64.3415427,"-33.0895353, -64.3415427",Nalia,Torres,46131261,3585138261,,4,0,,Sí,,No,,No,,No,,Sí,Sí,No,,,,,,Sí,Sí,No,,No,,Sí,C.A.P.S. 15,Sí,No,"Desayuno, Almuerzo, Merienda",Sí,"Sí, todos","Sí, todos",Muy mal,Mal,Muy mal,Muy mal,Mal
Jardín Norte,GS-B-00412,"4/9/2026, 1:39:00",464,María Angélica Pacho,Araucanos,-33.0905287,-64.336151,"-33.0905287, -64.336151",Tamara,Amaya,39475121,3584311671,,4,2,Sí,Sí,,No,,No,,No,,Sí,Sí,No,,,,,,No,,,,No,Sí,Sí,C.A.P.S. 13,No,No,"Desayuno, Almuerzo, Merienda, Cena",Sí,"Sí, todos","Sí, todos",Bien,Bien,Mal,Mal,Mal
Jardín Norte,GS-B-00413,"4/9/2026, 1:39:09",924,Seitz milena,Golondrinas 2040,-33.0927247,-64.3426275,"-33.0927247, -64.3426275",Tamara,Nievas,,,,4,1,Sí,Sí,,No,,Sí,Asistencia Monetaria a Familias,No,,Sí,Sí,No,,,,,,No,,,,No,Sí,Sí,C.A.P.S. 13,Sí,No,"Almuerzo, Cena",Sí,No,"Sí, todos",Mal,Bien,Mal,Mal,Mal
Jardín Norte,GS-B-00414,"4/9/2026, 1:39:21",648,Karina Gonzalez,Capayanes 2342,-33.0885516,-64.3338513,"-33.0885516, -64.3338513",Talia,Brum,39546245,3584302291,,3,1,,Sí,,No,,No,,No,,Sí,Sí,No,,,,,,No,,,,No,Sí,Sí,C.A.P.S. 2,No,No,"Desayuno, Almuerzo, Merienda, Cena",Sí,Algunos,Algunos,Muy mal,Bien,Mal,Bien,Bien
Jardín Norte,GS-B-00415,"4/9/2026, 1:41:32",221,Carla  Russo,Pasaje público 836,-33.090422,-64.3412317,"-33.090422, -64.3412317",Abel,Palacio,10821196,,,6,1,Sí,Sí,,No,,Sí,Otro,No,,Sí,Sí,No,,,,,,Sí,Sí,No,,No,Sí,Sí,C.A.P.S. 15,No,No lo sé,"Desayuno, Almuerzo, Cena",Sí,"Sí, todos","Sí, todos",Muy bien,Bien,Muy bien,Bien,Muy bien
Jardín Norte,GS-B-00416,"4/9/2026, 1:42:20",448,Ana Carina Campodónico,17 de Octubre 822,-33.0895795,-64.3411796,"-33.0895795, -64.3411796",Emilia,REYNA,,,,2,0,,Sí,,Sí,1,No,,No,,Sí,No,No,,,,,,Sí,Sí,No,,No,,No,,No,No,"Desayuno, Almuerzo, Merienda, Cena",Sí,No,"Sí, todos",Bien,Muy bien,Bien,Bien,Mal
Jardín Norte,GS-B-00417,"4/9/2026, 1:42:49",607,Belén Rivarola,Puelches 2304,-33.08969443,-64.33256404,"-33.08969442886622, -64.33256404294995",Yolanda estela,Navarro,,3584287019,,4,0,,Sí,,No,,No,,No,,Sí,Sí,Sí,Intelectual y Mental,Sí,No,,,Sí,Sí,Sí,Santa Rita,No,,Sí,C.A.P.S. 13,No,No,"Desayuno, Almuerzo, Merienda, Cena",Sí,"Sí, todos","Sí, todos",Bien,Bien,Mal,Bien,Mal
Jardín Norte,GS-B-00418,"4/9/2026, 1:43:54",717,Rosana Ochoa,Grito de Alcorta 833,,,,Ignacio,Lucero,16650830,,,2,0,,Sí,,No,,No,,No,,Sí,Sí,Sí,Motora,Sí,No,,Falta de transporte,Sí,Sí,No,,No,,No,,Sí,No,"Desayuno, Almuerzo, Merienda, Cena",Sí,"Sí, todos","Sí, todos",Bien,Bien,Bien,Mal,Mal
Jardín Norte,GS-B-00419,"4/9/2026, 1:45:03",210,Carla Russo,Candini 2204,-33.0902788,-64.3412559,"-33.0902788, -64.3412559",Belen,Guardi,32071229,3585136503,,6,2,Sí,Sí,,No,,No,,No,,Sí,Sí,No,,,,,,No,,,,No,Sí,Sí,C.A.P.S. 15,No,No,"Desayuno, Almuerzo, Cena",Sí,"Sí, todos",No,Bien,Bien,Bien,Bien,Bien
Jardín Norte,GS-B-00420,"4/9/2026, 1:46:22",623,Maricel nuñez,Jose cardarelli y 7 de octubre,-33.0899853,-64.3404258,"-33.0899853, -64.3404258",Luis,Noguera,14963549,,,4,0,,Sí,,No,,No,,No,,Sí,Sí,No,,,,,,Sí,No,No,,No,,Sí,C.A.P.S. 13,No,No,"Desayuno, Almuerzo, Merienda, Cena",Sí,"Sí, todos",Algunos,Bien,Muy mal,Mal,Bien,Mal
Jardín Norte,GS-B-00421,"4/9/2026, 1:47:26",722,Cintia Diaz,Sanavirones 2380,-33.0894139,-64.3395564,"-33.0894139, -64.3395564",Diego,Alarcón,35949018,3584222533,,4,2,Sí,Sí,,No,,No,,No,,Sí,Sí,No,,,,,,No,,,,No,Sí,Sí,C.A.P.S. 15,No,No,"Desayuno, Almuerzo, Merienda, Cena",Sí,"Sí, todos","Sí, todos",Muy mal,Bien,Mal,Mal,Bien
Jardín Norte,GS-B-00422,"4/9/2026, 1:47:52",509,Karina Gonzalez,Capayanes 2341,-33.0891482,-64.3337603,"-33.0891482, -64.3337603",Victoria,Britos,44873096,3585108465,,3,1,Sí,Sí,,No,,No,,No,,Sí,Sí,No,,,,,,No,,,,Sí,Sí,Sí,C.A.P.S. 15,No,No,"Desayuno, Almuerzo, Merienda, Cena",Sí,"Sí, todos",No,Muy mal,Bien,Mal,Bien,Mal
Jardín Norte,GS-B-00423,"4/9/2026, 1:48:09",756,Monica Becerra y carolina marchiscio,Diaguitas 2262,-33.08108108,-64.33938983,"-33.08108108108108, -64.33938982884875",Edith,Rivera,,3333333333,,2,0,,Sí,,No,,No,,No,,Sí,Sí,No,,,,,,Sí,Sí,Sí,,No,,No,,No,No,"Desayuno, Almuerzo",No,,,Bien,Bien,Bien,Bien,Bien
Jardín Norte,GS-B-00424,"4/9/2026, 1:49:02",374,Facundo moyano,Cardarello 2331,,,,Marilin,Lopez,35545464,,,8,5+,Sí,Sí,,Sí,1,No,,No,,Sí,Sí,Sí,Cardiovascular,Sí,No,,Porq no cobra una pension,No,,,,No,Sí,Sí,C.A.P.S. 15,No,No,"Desayuno, Almuerzo, Merienda, Cena",No,,,Bien,Mal,Bien,Mal,Mal
Jardín Norte,GS-B-00425,"4/9/2026, 1:49:03",314,Abigail Pomilio,Puelches 2381,-33.0886049,-64.3325656,"-33.0886049, -64.3325656",Eliana,Brizuela,25586191,3585743454,,3,0,,Sí,,No,,No,,No,,Sí,Sí,No,,,,,,Sí,Sí,No,,No,,Sí,,Sí,No,"Desayuno, Almuerzo, Merienda, Cena",Sí,"Sí, todos",Algunos,Bien,Muy bien,Bien,Bien,Muy mal
Jardín Norte,GS-B-00426,"4/9/2026, 1:49:09",697,María Reineri,Buteler 300,-33.091578,-64.3299407,"-33.091578, -64.3299407",Anonima,Aninima,22222222,35822222222,,3,1,Sí,Sí,,No,,No,,No,,Sí,Sí,No,,,,,,No,,,,No,Sí,Sí,C.A.P.S. 2,Sí,No,"Desayuno, Almuerzo, Merienda, Cena",Sí,No,Algunos,Bien,Muy bien,Bien,Muy bien,Bien
Jardín Norte,GS-B-00427,"4/9/2026, 1:49:19",389,Belén Rivarola,Puelches 2320,-33.08932771,-64.33257434,"-33.08932770746328, -64.33257433700703",Juliana,Domínguez,,3584023008,,10+,3,Sí,Sí,,No,,No,,No,,Sí,Sí,No,,,,,,Sí,Sí,No,,No,,No,,No,No,"Desayuno, Almuerzo, Merienda, Cena",Sí,"Sí, todos",No,Bien,Bien,Mal,Mal,Mal
Jardín Norte,GS-B-00428,"4/9/2026, 1:50:41",745,Vanesa Lopez,Eva duarte de peron 818,-33.0893954,-64.3410305,"-33.0893954, -64.3410305",Mayco,Becerra,39734215,3586022490,,3,1,Sí,Sí,,No,,No,,No,,Sí,Sí,No,,,,,,No,,,,No,Sí,Sí,C.A.P.S. 15,No,No,"Desayuno, Almuerzo, Merienda, Cena",Sí,"Sí, todos",No,Bien,Bien,Bien,Bien,Bien
Jardín Norte,GS-B-00429,"4/9/2026, 1:51:55",235,María Angélica Pacho,Araucanos,-33.0897845,-64.336189,"-33.0897845, -64.336189",María José,Novaresi,,3585107782,,5,3,Sí,Sí,,Sí,1,No,,No,,Sí,Sí,No,,,,,,No,,,,No,Sí,Sí,C.A.P.S. 2,No,No,"Almuerzo, Cena",Sí,"Sí, todos",No,Muy mal,Bien,Mal,Muy mal,Muy mal
Jardín Norte,GS-B-00430,"4/9/2026, 1:52:41",621,Ana Carina Campodónico,PJE. EVA DUARTE 819,-33.0894966,-64.3409028,"-33.0894966, -64.3409028",Dante Jonathan Nahuel,MARCHESSI,35545029,3584830329,,4,2,Sí,Sí,,No,,No,,No,,Sí,Sí,No,,,,,,No,,,,No,Sí,Sí,C.A.P.S. 15,No,No,"Desayuno, Almuerzo, Merienda, Cena",Sí,"Sí, todos",Algunos,Bien,Muy bien,Bien,Mal,Muy mal
Jardín Norte,GS-B-00431,"4/9/2026, 1:52:56",826,Seitz Milena,Los tordos 2108,-33.0927247,-64.3426275,"-33.0927247, -64.3426275",Cecilia,Irusta,28208786,3584345232,,1,0,,Sí,,No,,No,,No,,Sí,Sí,No,,,,,,No,,,,No,,No,,,No,"Almuerzo, Cena",Sí,"Sí, todos","Sí, todos",Muy bien,Muy bien,Mal,Bien,Muy mal
Jardín Norte,GS-B-00432,"4/9/2026, 1:53:16",561,Ochoa Rosana,Grito de Alcorta 868,,,,Osvaldo,Garay,6563983,,,2,0,,Sí,,Sí,1,No,,No,,Sí,No,Sí,Motora,No,No,,Desconocimiento,Sí,Sí,No,,No,,Sí,C.A.P.S. 15,No,No,"Desayuno, Almuerzo, Merienda",Sí,No,No,Bien,Bien,Bien,Mal,Mal
Jardín Norte,GS-B-00433,"4/9/2026, 1:53:20",256,Facundo moyano,cardareli 2343,,,,Jose,Rosales,35544811,,,5,3,Sí,Sí,,No,,No,,No,,Sí,Sí,No,,,,,,No,,,,No,Sí,Sí,C.A.P.S. 15,No,No,"Desayuno, Almuerzo, Merienda, Cena",Sí,"Sí, todos","Sí, todos",Bien,Bien,Bien,Mal,Bien
Jardín Norte,GS-B-00434,"4/9/2026, 1:53:33",285,Karina Gonzalez,Capayanes 2341,-33.0892263,-64.3337675,"-33.0892263, -64.3337675",Ana,Gimenez,,3586109349,,2,0,,Sí,,No,,No,,No,,Sí,Sí,Sí,Auditiva,Sí,Sí,Fútbol adolescente,,No,,,,No,,No,,No,No,"Desayuno, Almuerzo, Merienda, Cena",Sí,No lo sé,No lo sé,Muy mal,Bien,Muy mal,Bien,Mal
Jardín Norte,GS-B-00435,"4/9/2026, 1:53:46",263,Belén Rivarola,Puelches 2326,-33.08930275,-64.33248694,"-33.089302746531715, -64.33248693794464",Jorge daniel,Gómez,21890936,,,2,0,,Sí,,No,,No,,No,,Sí,Sí,No,,,,,,Sí,Sí,No,,No,,No,,No,Sí,"Desayuno, Cena",No,,,Bien,Bien,Bien,Bien,Mal
Jardín Norte,GS-B-00436,"4/9/2026, 1:55:30",547,Maricel Nuñez,Jose cardarelli 2350,-33.0893644,-64.34024,"-33.0893644, -64.34024",Nelida,Lopez,11865817,3584646513,,2,0,,Sí,,No,,No,,No,,Sí,No,No,,,,,,Sí,Sí,No,,No,,No,,No,No,"Desayuno, Almuerzo, Merienda, Cena",No,,,Mal,Mal,Mal,Bien,Mal
Jardín Norte,GS-B-00437,"4/9/2026, 1:55:36",444,Monica Becerra y Carolina Marchiscio,Diaguitas 2216,-33.08108108,-64.33938983,"-33.08108108108108, -64.33938982884875",Mariano,Peralta,34968202,3586005606,,5,3,Sí,Sí,,No,,No,,No,,Sí,Sí,No,,,,,,No,,,,No,Sí,No,,Sí,No,"Desayuno, Almuerzo, Merienda, Cena",Sí,"Sí, todos",Algunos,Muy bien,Muy bien,Muy bien,Bien,Muy bien
Jardín Norte,GS-B-00438,"4/9/2026, 1:58:23",450,Vanesa Lopez,Eva Duarte de Peron 832,-33.0889071,-64.3409068,"-33.0889071, -64.3409068",Carlos,Lucero,18496341,3584386630,,1,0,,Sí,,No,,Sí,Asistencia Alimentaria a Familias,No,,Sí,Sí,No,,,,,,Sí,No,No,,No,,Sí,C.A.P.S. 15,No,No,"Desayuno, Almuerzo, Merienda, Cena",No,,,Bien,Bien,Bien,Bien,Bien
Jardín Norte,GS-B-00439,"4/9/2026, 1:59:33",410,Ana Carina Campodónico,Pje Eva Maria Duarte 833,-33.0888694,-64.3408078,"-33.0888694, -64.3408078",Mayco,ROMERO,35544592,3584204744,,5,3,Sí,Sí,,No,,No,,No,,Sí,Sí,No,,,,,,No,,,,No,Sí,Sí,C.A.P.S. 13,No,No,"Desayuno, Almuerzo, Merienda, Cena",Sí,"Sí, todos","Sí, todos",Bien,Bien,Muy mal,Muy mal,Muy mal
Jardín Norte,GS-B-00440,"4/9/2026, 2:00:14",276,MONICA BECERRA Y CAROLINA MARCHISCIO,Diaguitas 2193,-33.0990991,-64.33106774,"-33.0990990990991, -64.3310677384066",Maria eva,Diaz,5613099,3584312613,,1,0,,Sí,,No,,No,,No,,Sí,Sí,No,,,,,,Sí,Sí,No,,No,,No,,Sí,No,"Desayuno, Almuerzo, Merienda, Cena",Sí,"Sí, todos","Sí, todos",Bien,Mal,Bien,Bien,Muy mal
Jardín Norte,GS-B-00441,"4/9/2026, 2:01:37",499,Rosana Ochoa,Grito de Alcorta 888,,,,Maria,Duarte,36475296,3586006734,,6,2,Sí,No,1,No,,No,,No,,Sí,Sí,No,,,,,,Sí,Sí,No,,No,Sí,Sí,C.A.P.S. 15,Sí,No,"Desayuno, Almuerzo, Merienda, Cena",Sí,Algunos,Algunos,Mal,Bien,Bien,Mal,Bien
Jardín Norte,GS-B-00442,"4/9/2026, 2:01:37",850,Cintia Diaz,Grito del corta y pampa 2395,-33.0887287,-64.3396329,"-33.0887287, -64.3396329",Carlos,Castro,14826217,3584122460,,2,0,,Sí,,No,,No,,No,,Sí,Sí,Sí,Auditiva,Sí,Sí,Sala multisensorial 'Una mirada psicomotriz',,Sí,Sí,No,,No,,Sí,Hospital Regional San Antonio de Padua,No,No,"Desayuno, Almuerzo, Merienda, Cena",Sí,"Sí, todos","Sí, todos",Mal,Bien,Mal,Mal,Mal
Jardín Norte,GS-B-00443,"4/9/2026, 2:01:49",1951,Natalia Menazzi,Los Tordos 2018,,,,Angela,Paredes,12883165,3585607237,,1,0,,Sí,,No,,No,,No,,Sí,Sí,No,,,,,,Sí,Sí,Sí,Otro,No,,No,,No,No,"Desayuno, Almuerzo, Merienda, Cena",Sí,"Sí, todos","Sí, todos",Bien,Bien,Bien,Mal,Muy mal
Jardín Norte,GS-B-00444,"4/9/2026, 2:02:34",578,Seitz milena,Los tordos 2006,-33.0915805,-64.3283039,"-33.0915805, -64.3283039",Veronica,Ortiz,29833871,3585066474,,5,4,Sí,Sí,,No,,No,,Sí,Otro,Sí,Sí,No,,,,,,No,,,,No,Sí,No,,No,No,"Desayuno, Almuerzo, Merienda, Cena",Sí,No,Algunos,Bien,Bien,Bien,Muy bien,Bien
Jardín Norte,GS-B-00445,"4/9/2026, 2:02:45",152,Monica Becerra y carolina marchiscio,Diaguitas 2100,-33.0990991,-64.33106774,"-33.0990990990991, -64.3310677384066",Jose,Oviedo,11432618,3585085730,,2,0,,Sí,,No,,No,,No,,Sí,Sí,No,,,,,,Sí,Sí,No,,No,,No,,No,No,"Desayuno, Almuerzo, Merienda, Cena",Sí,"Sí, todos",No,Bien,Bien,Bien,Bien,Bien
Jardín Norte,GS-B-00446,"4/9/2026, 2:04:37",311,Dayana Figueroa,Araucanos,-33.0899628,-64.336038,"-33.0899628, -64.336038",Juan Pablo,Balmaceda,22327792,3584306403,,4,2,Sí,Sí,,No,,No,,No,,Sí,Sí,No,,,,,,No,,,,No,Sí,Sí,C.A.P.S. 15,Sí,No,"Desayuno, Almuerzo, Merienda, Cena",Sí,No,"Sí, todos",Bien,Bien,Bien,Mal,Bien
Jardín Norte,GS-B-00447,"4/9/2026, 2:04:46",659,Belén Rivarola,Puelches 2326,-33.08924567,-64.33247297,"-33.08924566991331, -64.33247297200083",Evelina,Barroso,31710335,3585189315,,1,0,,Sí,,No,,No,,No,,Sí,No,Sí,Intelectual y Mental,No,No,,,No,,,,No,,No,,No,No,"Almuerzo, Cena",No,,,Bien,Bien,Bien,Bien,Bien
Jardín Norte,GS-B-00448,"4/9/2026, 2:07:43",848,Karina Gonzalez,Capayane 2307,-33.0890584,-64.3339328,"-33.0890584, -64.3339328",Silvia,Pereyra,26163839,3585107765,,7,0,,Sí,,No,,No,,No,,Sí,Sí,Sí,Intelectual y Mental,Sí,No,,No le solucionaron los tramites,Sí,Sí,No,,No,,Sí,C.A.P.S. 15,Sí,No,"Desayuno, Almuerzo",Sí,"Sí, todos","Sí, todos",Muy mal,Mal,Mal,Mal,Bien
Jardín Norte,GS-B-00449,"4/9/2026, 2:09:22",574,Abigail Pomilio,Ona2365,-33.0889496,-64.3320707,"-33.0889496, -64.3320707",Miguel,Moreno,1054094,,,8,4,Sí,Sí,,No,,No,,No,,Sí,Sí,Sí,Renal urológica,Sí,No lo sé,,,No,,,,No,Sí,Sí,C.A.P.S. 15,Sí,Sí,"Desayuno, Almuerzo, Merienda, Cena",Sí,"Sí, todos",No,Bien,Bien,Muy mal,Mal,Mal
Jardín Norte,GS-B-00450,"4/9/2026, 2:09:28",519,Lu y maria,Vilella 2056,,,,Laura,Moran,,,,4,3,Sí,Sí,,No,,No,,No,,Sí,Sí,No,,,,,,No,,,,No,No,No,,Sí,No,"Desayuno, Almuerzo, Merienda, Cena",Sí,No,No,Mal,Bien,Bien,Bien,Bien
Jardín Norte,GS-B-00451,"4/9/2026, 2:10:17",450,Monica Becerra y carolina marchiscio,Diaguitas 2117,-33.0990991,-64.33106774,"-33.0990990990991, -64.3310677384066",Sofia,Lopez,46511158,3584026857,,6,3,,Sí,,No,,No,,No,,Sí,Sí,No,,,,,,No,,,,Sí,Sí,No,,No,No,"Desayuno, Almuerzo, Merienda, Cena",Sí,"Sí, todos","Sí, todos",Bien,Bien,Bien,Bien,Bien
Jardín Norte,GS-B-00452,"4/9/2026, 2:10:41",486,Seitz milena,Los tordos 2029,-33.0922239,-64.3282853,"-33.0922239, -64.3282853",Antonela,Cardinalli,37127640,3584904932,,5,3,Sí,Sí,,No,,No,,No,,Sí,Sí,No,,,,,,No,,,,No,Sí,Sí,C.A.P.S. 13,No,No,"Desayuno, Almuerzo, Merienda, Cena",Sí,No,"Sí, todos",Bien,Bien,Mal,Mal,Muy mal
Jardín Norte,GS-B-00453,"4/9/2026, 2:11:28",714,Ana Carina Campodónico,Pje Eva Duarte 857,-33.0888961,-64.3411268,"-33.0888961, -64.3411268",Tamara,MARCHESSI,35544611,3584901248,,5,3,Sí,Sí,,No,,No,,No,,Sí,Sí,No,,,,,,No,,,,No,Sí,Sí,C.A.P.S. 15,No,No,"Desayuno, Almuerzo, Merienda, Cena",Sí,No,Algunos,Bien,Bien,Muy mal,Bien,Muy mal
Jardín Norte,GS-B-00455,"4/9/2026, 2:13:49",221,Vanesa Lopez,Eva Duarte de Peron 869,-33.0890149,-64.3419878,"-33.0890149, -64.3419878",Micaela,Pedernera,43410265,3544564598,,2,0,,Sí,,No,,No,,No,,Sí,Sí,No,,,,,,No,,,,No,,Sí,C.A.P.S. 15,No,No,"Desayuno, Almuerzo, Merienda, Cena",No,,,Bien,Bien,Muy mal,Mal,Bien
Jardín Norte,GS-B-00454,"4/9/2026, 2:13:49",729,Cintia Diaz,Tehuelche 2273,-33.088296,-64.3391814,"-33.088296, -64.3391814",Verónica,Navarro,28208654,3584241438,,3,1,Sí,Sí,,No,,Sí,Asistencia Alimentaria a Familias,No,,Sí,Sí,No,,,,,,Sí,Sí,No,,No,Sí,Sí,C.A.P.S. 15,No,Sí,"Desayuno, Almuerzo, Merienda, Cena",Sí,Algunos,No,Muy mal,Muy mal,Mal,Mal,Muy mal
Jardín Norte,GS-B-00456,"4/9/2026, 2:15:03",186,Dayana Figueroa,Araucanos,-33.0896971,-64.3365251,"-33.0896971, -64.3365251",Marcela,Villalobo,30477044,3585148916,,5,2,Sí,Sí,,No,,No,,No,,Sí,Sí,No,,,,,,No,,,,No,Sí,No,,No,No,"Desayuno, Almuerzo, Merienda, Cena",No,,,Bien,Bien,Bien,Bien,Bien
Jardín Norte,GS-B-00457,"4/9/2026, 2:16:18",335,Seitz Milena,Los tordos 2063,-33.092003,-64.3285294,"-33.092003, -64.3285294",Carla,Coitinio,,3584371678,,5,3,Sí,Sí,,No,,No,,No,,Sí,Sí,No,,,,,,No,,,,No,Sí,No,,No,No,"Desayuno, Almuerzo, Merienda, Cena",Sí,"Sí, todos","Sí, todos",Bien,Bien,Mal,Muy mal,Mal
Jardín Norte,GS-B-00458,"4/9/2026, 2:18:11",261,Vanesa Lopez,Eva Duarte de Peron 882,-33.0890151,-64.3419901,"-33.0890151, -64.3419901",Raul daniel,Minhondo,14566257,3584232944,,2,0,,Sí,,No,,No,,No,,Sí,Sí,No,,,,,,Sí,Sí,No,,No,,Sí,S24 Banda Norte,Sí,No,"Desayuno, Almuerzo, Merienda, Cena",Sí,"Sí, todos","Sí, todos",Bien,Bien,Bien,Bien,Bien
Jardín Norte,GS-B-00459,"4/9/2026, 2:18:35",210,Ana Carina Campodónico,Pje Eva Duarte 883,-33.08897,-64.3422695,"-33.08897, -64.3422695",Diego,ROMERO,30477151,3584022388,,4,2,Sí,Sí,,No,,No,,No,,Sí,Sí,No,,,,,,No,,,,No,Sí,No,,No,No,"Desayuno, Almuerzo, Merienda, Cena",Sí,"Sí, todos",No,Muy bien,Mal,Muy mal,Muy mal,Bien
Jardín Norte,GS-B-00460,"4/9/2026, 2:19:04",1035,Natalia Menazzi,Los Tordos 2051,,,,Eugenia,Pereyra Jamanson,29232231,2664203331,,5,3,Sí,Sí,,No,,No,,No,,Sí,Sí,Sí,Motora,Sí,No,,Desconocimiento,No,,,,No,Sí,No,,No,No,"Desayuno, Almuerzo, Merienda, Cena",No,,,Bien,Bien,Ns/Nc,Mal,Mal
Jardín Norte,GS-B-00461,"4/9/2026, 2:19:08",528,Monica Becerra y carolina marchiscio,Diaguitas 2167,-33.0990991,-64.33106774,"-33.0990990990991, -64.3310677384066",Camila,Cacciavillani,37629461,3585742587,,4,3,,Sí,,No,,Sí,Desarrollo Comunitario (asistencia a CIC),No,,Sí,Sí,No,,,,,,No,,,,No,Sí,No,,Sí,No,"Desayuno, Almuerzo, Merienda, Cena",Sí,"Sí, todos",No,Bien,Bien,Bien,Mal,Muy mal
Jardín Norte,GS-B-00462,"4/9/2026, 2:21:56",486,Cintia Diaz,Teguelche2255,-33.0898741,-64.3382572,"-33.0898741, -64.3382572",Cesar,Ramo,32979539,3585101904,,5,3,Sí,Sí,,No,,No,,No,,Sí,Sí,No,,,,,,No,,,,Sí,Sí,Sí,C.A.P.S. 15,No,No,"Desayuno, Almuerzo, Merienda, Cena",Sí,"Sí, todos",No,Mal,Bien,Mal,Mal,Mal
Jardín Norte,GS-B-00463,"4/9/2026, 2:27:09",312,Cintia Diaz,Teguelche 2128,-33.0899945,-64.3381353,"-33.0899945, -64.3381353",Diego,Luna,28579908,,,1,0,,Sí,,No,,No,,No,,No,No,No,,,,,,No,,,,No,,Sí,Hospital Regional San Antonio de Padua,No,Sí,"Desayuno, Almuerzo, Merienda, Cena",Sí,"Sí, todos",No,Muy mal,Mal,Mal,Mal,Bien
Jardín Norte,GS-B-00464,"4/9/2026, 2:28:22",201,Natalia Menazzi,Los Tordos 2097,,,,Jessie,Pascualone,32071355,3584601037,,4,2,Sí,Sí,,No,,No,,No,,Sí,Sí,No,,,,,,No,,,,No,Sí,Sí,C.A.P.S. 13,No,No,"Desayuno, Almuerzo, Merienda, Cena",Sí,"Sí, todos","Sí, todos",Bien,Bien,Bien,Ns/Nc,Ns/Nc
Industrial,GS-B-00004,"2/10/2026, 12:35:49",481,BENITEZ NOELIA,Egidio Sosa 244,,,,ELSA,Petenatti,16529833,3585067318,,2,0,,Sí,,No,,No,,No,,Sí,Sí,Sí,Motora,Sí,Sí,,,Sí,Sí,No,,No,,No,,No,No,"Desayuno, Almuerzo, Merienda, Cena",Sí,"Sí, todos",No,Bien,Bien,Bien,Bien,Ns/Nc
Industrial,GS-B-00005,"2/10/2026, 12:41:02",301,BENITEZ NOELIA,PJE SCHUBEET 2746,-33.1478837,-64.3535894,"-33.1478837, -64.3535894",Marcelo,Papierniuk,22123895,3586547019,,4,0,,Sí,,No,,No,,No,,Sí,Sí,Sí,Intelectual y Mental,Sí,No,,No le interesa,No,,,,No,,Sí,S24 Sur,Sí,No,"Desayuno, Almuerzo, Merienda, Cena",Sí,"Sí, todos",Algunos,Bien,Muy bien,Muy bien,Bien,Ns/Nc
Industrial,GS-B-00006,"2/10/2026, 12:41:21",226,Monica y Carolina,H. Irigoyen 2823,-33.15315315,-64.34916208,"-33.153153153153156, -64.34916208037039",Sandra,Fernandez,17622096,3584189662,,1,0,,Sí,,No,,No,,No,,Sí,Sí,No,,,,,,No,,,,No,,No,,No,No,"Desayuno, Almuerzo, Merienda, Cena",No,,,Muy bien,Muy bien,Muy bien,Muy bien,Ns/Nc
Industrial,GS-B-00007,"2/10/2026, 12:44:15",173,Monica y Carolina,H irigoyen 2821,-33.15315315,-64.34916208,"-33.153153153153156, -64.34916208037039",Lorena,Olivieri,26652630,3585010353,,2,0,,Sí,,No,,No,,No,,Sí,Sí,No,,,,,,No,,,,No,,No,,No,No,"Desayuno, Almuerzo, Merienda, Cena",Sí,No,No,Muy bien,Muy bien,Muy bien,Muy bien,Ns/Nc
Industrial,GS-B-00008,"2/10/2026, 12:51:34",437,Monica y Carolina,Egipto Sosa 160,-33.15315315,-64.34916208,"-33.153153153153156, -64.34916208037039",Adrian,Barez,24311642,3584012243,,1,0,,Sí,,No,,No,,No,,Sí,Sí,No,,,,,,No,,,,No,,No,,No,No,"Desayuno, Almuerzo, Merienda, Cena",No,,,Muy bien,Muy bien,Muy bien,Muy bien,Ns/Nc
Industrial,GS-B-00009,"2/10/2026, 12:56:25",290,Monica y Carolina,Alberdi  2820,-33.15315315,-64.34916208,"-33.153153153153156, -64.34916208037039",Javier,Moreno,28821442,3584365330,,2,0,,Sí,,No,,No,,No,,Sí,Sí,No,,,,,,No,,,,No,,No,,No,No,"Desayuno, Almuerzo, Merienda, Cena",No,,,Muy bien,Muy bien,Muy bien,Bien,Ns/Nc
Industrial,GS-B-00010,"2/10/2026, 12:58:23",554,Carina Campodónico,Gdor Rodriguez 34,-33.1496265,-64.3546618,"-33.1496265, -64.3546618",Aldo José,DICHIARA,12144264,,,2,0,,Sí,,No,,No,,No,,Sí,Sí,No,,,,,,Sí,Sí,No,,No,,Sí,S24 Sur,No,No,"Desayuno, Almuerzo, Merienda, Cena",Sí,No,"Sí, todos",Muy bien,Muy bien,Ns/Nc,Bien,Ns/Nc
Industrial,GS-B-00011,"2/10/2026, 1:00:03",340,Veronica Muñoz,Gobernador Rodriguez 30,,,,Mabel,Gimenez,11339167,2302585849,,3,0,,Sí,,No,,No,,No,,Sí,Sí,No,,,,,,Sí,Sí,No,,No,,Sí,C.A.P.S. 4,No,No,"Desayuno, Almuerzo, Merienda, Cena",Sí,"Sí, todos","Sí, todos",Bien,Bien,Bien,Bien,Ns/Nc
Industrial,GS-B-00012,"2/10/2026, 1:01:00",294,DAY FIGUEROA,ALBERDI 3037,-33.1504448,-64.3528247,"-33.1504448, -64.3528247",Claudio,Godoy,,3586000459,,2,0,,Sí,,No,,No,,No,,Sí,Sí,No,,,,,,No,,,,No,,No,,No,No,"Desayuno, Almuerzo, Merienda, Cena",No,,,Bien,Bien,Bien,Muy mal,Ns/Nc
Industrial,GS-B-00013,"2/10/2026, 1:01:56",1104,Maricel Priscila Nuñez,Pje suerte 2849,-33.147863,-64.353594,"-33.147863, -64.353594",Nicolas alberto,Temoli,8602455,3585099000,,1,0,,Sí,,No,,No,,No,,Sí,Sí,No,,,,,,Sí,Sí,No,,No,,No,,No,No,"Desayuno, Almuerzo, Merienda, Cena",No,,,Bien,Bien,Bien,Mal,Ns/Nc
Industrial,GS-B-00014,"2/10/2026, 1:03:43",786,Karina Gonzalez,San lorenzo 3170,,,,Dianela,Amorin,43605116,3463417473,,3,1,,Sí,,No,,No,,No,,Sí,Sí,No,,,,,,No,,,,No,Sí,Sí,C.A.P.S. 14,,No,"Desayuno, Almuerzo, Merienda, Cena",Sí,No,No,Bien,Bien,Mal,Muy mal,Muy mal
Industrial,GS-B-00015,"2/10/2026, 1:04:40",493,Monica y Carolina,Alberdi  2868,-33.15315315,-64.34916208,"-33.153153153153156, -64.34916208037039",Yesic,Nassi,32594639,3584247635,,3,0,,Sí,,No,,No,,No,,Sí,Sí,Sí,Motora,No,No,,No tiene tiempo,Sí,No,No,,No,,Sí,S24 Sur,No,No,"Almuerzo, Cena",Sí,"Sí, todos","Sí, todos",Muy bien,Muy bien,Muy bien,Muy bien,Ns/Nc
Industrial,GS-B-00016,"2/10/2026, 1:06:34",363,Carlos Marquez,Av Sabatini 2907,-33.1479913,-64.3568368,"-33.1479913, -64.3568368",Agostina,Ramírez,39035987,3463454458,,1,0,,Sí,,No,,No,,No,,Sí,Sí,No,,,,,,No,,,,No,,No,,No,No,"Desayuno, Almuerzo, Merienda, Cena",Sí,Algunos,Algunos,Muy bien,Muy bien,Ns/Nc,Bien,Ns/Nc
Industrial,GS-B-00017,"2/10/2026, 1:10:23",292,Carina Campodónico,Sobremonte 3021,-33.1498529,-64.3559319,"-33.1498529, -64.3559319",Gladys,TACCA,13955519,3584877261,,2,0,,Sí,,No,,No,,No,,Sí,Sí,No,,,,,,Sí,Sí,No,,No,,Sí,C.A.P.S. 13,Sí,No,"Desayuno, Almuerzo, Merienda, Cena",Sí,No,Algunos,Muy bien,Muy bien,Muy mal,Bien,Ns/Nc
Industrial,GS-B-00018,"2/10/2026, 1:10:24",1639,Arevalo Nathalie,Alberdi 2743,,,,Alberto,Capello,20283716,3584290144,,2,2,,Sí,,Sí,,No,,No,,Sí,Sí,No,,,,,,No,,,,No,No,Sí,Hospital Regional San Antonio de Padua,No,No,"Desayuno, Almuerzo, Merienda, Cena",Sí,"Sí, todos",No,Bien,Bien,Bien,Bien,Ns/Nc
Industrial,GS-B-00019,"2/10/2026, 1:10:42",149,DAY FIGUEROA,Mosconi 245,-33.1514396,-64.3525123,"-33.1514396, -64.3525123",Ingrid,Zabala,,3584844702,,2,0,,Sí,,No,,No,,No,,No,Sí,No,,,,,,No,,,,No,,Sí,S24 Sur,No,No,"Merienda, Cena",Sí,"Sí, todos","Sí, todos",Bien,Bien,Bien,Mal,Bien
Industrial,GS-B-00020,"2/10/2026, 1:13:36",592,Karina Gonzalez,Pues Ramires3188,-33.1531698,-64.3505834,"-33.1531698, -64.3505834",Camila,Morales,41593842,,,4,1,Sí,Sí,,No,,No,,No,,Sí,Sí,No,,,,,,No,,,,No,No lo sé,Sí,S24 Sur,Sí,No,"Desayuno, Cena",Sí,No,No,Bien,Bien,Mal,Muy mal,Muy mal
Industrial,GS-B-00021,"2/10/2026, 1:14:02",199,DAY FIGUEROA,Mosconi 249,-33.1514595,-64.3524881,"-33.1514595, -64.3524881",Sofia,Juarez,,3584022077,,3,1,,Sí,,No,,No,,No,,Sí,Sí,No,,,,,,No,,,,No,Sí,Sí,C.A.P.S. 11,No,No,"Desayuno, Almuerzo, Merienda, Cena",Sí,"Sí, todos","Sí, todos",Bien,Bien,Bien,Bien,Bien
Industrial,GS-B-00022,"2/10/2026, 1:14:56",162,Maricel Priscila Nuñez,Pje shubert 2811,-33.1472155,-64.3543677,"-33.1472155, -64.3543677",Eliana,Funes,35544202,3585719334,,2,0,,Sí,,No,,No,,No,,Sí,Sí,No,,,,,,No,,,,No,,No,,No lo sé,Prefiero no decirlo,"Desayuno, Almuerzo, Merienda, Cena",Sí,"Sí, todos",No lo sé,Muy bien,Muy bien,Muy bien,Bien,Ns/Nc
Industrial,GS-B-00023,"2/10/2026, 1:15:26",646,Monica y Carolina,Coronel Pedro vargas 157,-33.15315315,-64.34916208,"-33.153153153153156, -64.34916208037039",Jose,Bergesio,7870398,3585601296,,5,2,Sí,Sí,,No,,No,,No,,Sí,Sí,No,,,,,,Sí,Sí,Sí,Otro,No,Sí,Sí,S24 Sur,No,No,"Desayuno, Almuerzo, Merienda, Cena",Sí,"Sí, todos","Sí, todos",Muy bien,Muy bien,Muy bien,Muy bien,Ns/Nc
Industrial,GS-B-00024,"2/10/2026, 1:21:19",654,Carina Campodónico,Gral. Mosconi 27,-33.1498131,-64.355992,"-33.1498131, -64.355992",Daniela,CABRAL,31267610,3584329873,,2,1,Sí,Sí,,No,,No,,No,,Sí,Sí,No,,,,,,No,,,,No,Sí,No,,No,No,"Desayuno, Almuerzo, Merienda, Cena",No,,,Bien,Bien,Mal,Muy mal,Ns/Nc
Industrial,GS-B-00025,"2/10/2026, 1:21:46",463,DAY FIGUEROA,Gdor rodruguez 240,-33.1515175,-64.3524029,"-33.1515175, -64.3524029",Pia,Rodriguez,,3585046912,,4,2,Sí,Sí,,No,,No,,No,,Sí,Sí,No,,,,,,No,,,,No,No,No,,No,No,"Desayuno, Almuerzo, Merienda, Cena",No,,,Bien,Mal,Muy bien,Mal,Ns/Nc
Industrial,GS-B-00026,"2/10/2026, 1:23:54",500,Monica Becerra y Carolina Marchiscio,Pedro vargas 131,-33.15315315,-64.34916208,"-33.153153153153156, -64.34916208037039",Aldo,Carrizo,12467986,3513969329,,2,0,,Sí,,No,,No,,No,,Sí,Sí,No,,,,,,Sí,Sí,No,,No,,No,,No,No,"Desayuno, Almuerzo, Merienda, Cena",No,,,Muy bien,Muy bien,Muy bien,Muy bien,Ns/Nc
Industrial,GS-B-00027,"2/10/2026, 1:28:24",366,Ochoa Rosana,M de Alva 2212,-33.14597046,-64.3512302,"-33.145970457299484, -64.35123019558087",Axel,Peyrano,42161606,3584027197,,3,1,,Sí,,No,,No,,No,,Sí,Sí,No,,,,,,No,,,,No,Sí,Sí,C.A.P.S. 14,No,No,"Desayuno, Almuerzo, Merienda, Cena",No,,,Muy bien,Muy bien,Bien,Bien,Bien
Industrial,GS-B-00028,"2/10/2026, 1:29:27",378,Laura Fernández,Sobremonte 2926,-33.1485117,-64.3556126,"-33.1485117, -64.3556126",Alfonsina,Quiroga,47464937,3584118063,,2,0,,Sí,,No,,No,,No,,Sí,Sí,No,,,,,,No,,,,No,,No,,No lo sé,No,"Desayuno, Almuerzo, Merienda, Cena",Sí,Algunos,Algunos,Bien,Muy bien,Bien,Bien,Ns/Nc
Industrial,GS-B-00029,"2/10/2026, 1:31:21",446,Monica Becerra y Carolina Marchiscio,Pedro vargas 127,-33.15315315,-64.34916208,"-33.153153153153156, -64.34916208037039",Romina,Perviux,27933753,3584127728,,2,0,,Sí,,No,,No,,No,,Sí,Sí,No,,,,,,No,,,,No,,Sí,S24 Sur,No lo sé,No,"Desayuno, Almuerzo, Merienda, Cena",No,,,Muy bien,Bien,Bien,Bien,Ns/Nc
Industrial,GS-B-00030,"2/10/2026, 1:37:12",350,Monica Becerra y Carolina Marchiscio,Hipolito irigoyen 2881,-33.15315315,-64.34916208,"-33.153153153153156, -64.34916208037039",Rosana,Perviux,22039269,3584286789,,2,0,,Sí,,No,,No,,No,,Sí,Sí,No,,,,,,No,,,,No,,Sí,S24 Sur,No,No,"Desayuno, Almuerzo, Merienda, Cena",Sí,"Sí, todos","Sí, todos",Muy bien,Muy bien,Muy bien,Muy bien,Ns/Nc
Industrial,GS-B-00031,"2/10/2026, 1:38:56",1438,Maricel Priscila Nuñez,Egidio Sosa 95,-33.1472339,-64.3543554,"-33.1472339, -64.3543554",Erika,Arbaretaz,29581743,3584835437,,4,1,Sí,No,2,No,,No,,No,,Sí,Sí,No,,,,,,No,,,,No,Sí,No,,No,No,"Desayuno, Almuerzo, Merienda, Cena",Sí,"Sí, todos","Sí, todos",Muy bien,Muy bien,Muy bien,Muy bien,Ns/Nc
Industrial,GS-B-00032,"2/10/2026, 1:39:06",577,Cintia Diaz,Sobremonte 2928,-33.1484211,-64.3556298,"-33.1484211, -64.3556298",Noemi,Mamani,24653353,3584315874,,4,2,Sí,Sí,,No,,No,,No,,Sí,Sí,No,,,,,,No,,,,No,Sí,Sí,S24 Sur,No,No,"Almuerzo, Cena",Sí,No,No lo sé,Bien,Muy bien,Mal,Muy mal,Ns/Nc
Industrial,GS-B-00033,"2/10/2026, 1:58:56",1198,Maricel Nuñez,Egidio Sosa 81,-33.1469963,-64.3537337,"-33.1469963, -64.3537337",Luis,Malagutti,20080073,3585601044,,2,0,,Sí,,No,,No,,No,,Sí,Sí,No,,,,,,No,,,,No,,No,,No,No,"Desayuno, Almuerzo, Merienda, Cena",Sí,"Sí, todos",No,Muy bien,Muy bien,Muy bien,Muy bien,Ns/Nc
Industrial,GS-B-00034,"2/10/2026, 2:09:18",620,Maricel Nuñez,Schubert 2751,-33.147045,-64.3537849,"-33.147045, -64.3537849",Walter,Becerra,14876760,3584927647,,2,0,,Sí,,No,,No,,No,,Sí,Sí,Sí,Motora,Sí,No,,Bomba insulina parkinson,Sí,Sí,No,,No,,No,,Sí,No,"Desayuno, Almuerzo, Merienda, Cena",No,,,Bien,Bien,Muy mal,Muy mal,Ns/Nc
Industrial,GS-B-00035,"2/10/2026, 2:35:39",115,Denice,Sobremonte 2880,,,,Denice,Minudri,26462317,3584364606,,6,3,Sí,Sí,,No,,No,,No,,Sí,Sí,No,,,,,,No,,,,No,Sí,No,,No,No,"Desayuno, Almuerzo, Merienda, Cena",No,,,Muy bien,Muy bien,Muy bien,Bien,Muy bien